:020000040800F2
:1000000000000120513B0008E1260008E526000819
:10001000E9260008ED260008F1260008000000008F
:10002000000000000000000000000000F5260008AD
:10003000F926000800000000FD260008012700083E
:10004000A13B0008A13B0008A13B000805270008D0
:10005000A13B0008A13B0008A13B0008A13B000810
:10006000A13B0008A13B0008A13B0008A13B000800
:10007000A13B0008A13B0008A13B0008A13B0008F0
:10008000A13B0008A13B0008A13B0008A13B0008E0
:10009000A13B0008A13B0008A13B00081127000874
:1000A0002D270008A13B0008A13B0008A13B000848
:1000B000392700080000000000000000A13B0008F4
:1000C000A13B0008A13B0008A13B0008A13B0008A0
:1000D000A13B000845270008A13B0008A13B000800
:1000E000A13B0008A13B0008000000000000000048
:1000F0000000000000000000000000000000000000
:1001000000000000A13B000800000000A13B000827
:100110000000000000000000A13B0008512700087B
:10012000A13B0008A13B0008A13B0008A13B00083F
:10013000A13B0008000000000000000000000000DB
:10014000A13B0008A13B0008A13B00080000000003
:10015000A13B0008A13B0008A13B0008A13B00080F
:10016000A13B0008A13B0008A13B000800000000E3
:10017000A13B0008A13B00080000000000000000B7
:0C018000A13B0008A13B0008A13B0008C7
:10018C000000000000000000000000000000000063
:10019C000000000000000000000000000000000053
:1001AC000000000000000000000000000000000043
:1001BC000000000000000000000000000000000033
:1001CC000000000000000000000000000000000023
:1001DC000000000000000000000000000000000013
:1001EC000000000000000000000000000000000003
:1001FC0000000000000000000000000000000000F3
:10020C0000000000000000000000000000000000E2
:10021C0000000000000000000000000000000000D2
:10022C0000000000000000000000000000000000C2
:10023C0000000000000000000000000000000000B2
:10024C0000000000000000000000000000000000A2
:10025C000000000000000000000000000000000092
:10026C000000000000000000000000000000000082
:10027C000000000000000000000000000000000072
:10028C000000000000000000000000000000000062
:10029C000000000000000000000000000000000052
:1002AC000000000000000000000000000000000042
:1002BC000000000000000000000000000000000032
:1002CC000000000000000000000000000000000022
:1002DC000000000000000000000000000000000012
:1002EC000000000000000000000000000000000002
:1002FC0000000000000000000000000000000000F2
:10030C0000000000000000000000000000000000E1
:10031C0000000000000000000000000000000000D1
:10032C0000000000000000000000000000000000C1
:10033C0000000000000000000000000000000000B1
:10034C0000000000000000000000000000000000A1
:10035C000000000000000000000000000000000091
:10036C000000000000000000000000000000000081
:10037C000000000000000000000000000000000071
:1003900010B5054C237833B9044B13B10448AFF3BF
:1003A00000800123237010BD4800002000000000E1
:1003B000E0DD010808B5034B1BB103490348AFF367
:1003C000008008BD000000004C000020E0DD0108B6
:1003D00010F8012B11F8013B012A28BF9A42F7D0EF
:1003E000D01A7047034613F8012B002AFBD1181AC4
:1003F0000138704753B94AB9002908BF00281CBF0B
:100400004FF0FF314FF0FF3000F070B9ADF1080C44
:100410006DE904CE00F006F8DDF804E0DDE9022322
:1004200004B070472DE9F047089E0D4604460F467C
:10043000002B4AD18A42944665D9B2FA82F343B17D
:1004400002FA03FCC3F120029F4020FA02F2174394
:100450009C404FEA1C4E1FFA8CF5B7FBFEF1220CB4
:100460000EFB117742EA074201FB05F090420AD9E0
:100470001CEB020201F1FF3780F01C81904240F238
:10048000198102396244121AA4B2B2FBFEF00EFBCB
:10049000102244EA024400FB05F5A5420AD91CEBF0
:1004A000040400F1FF3280F00781A54240F204818C
:1004B0006444023840EA0140641B00211EB1DC4064
:1004C0000023C6E90043BDE8F0878B4208D9002E1F
:1004D00000F0ED800021C6E900050846BDE8F08780
:1004E000B3FA83F1002949D1AB4202D3824200F230
:1004F000F880841A65EB030201201746002EE2D033
:10050000C6E90047DFE702B9FFDEB2FA82F3002B4B
:1005100040F090808A1A4FEA1C471FFA8CFE012196
:10052000B2FBF7F507FB1520220C42EA00420EFB56
:1005300005F0904208D91CEB020205F1FF3802D207
:10054000904200F2CB804546121AA4B2B2FBF7F0FB
:1005500007FB102244EA02440EFB00FEA64508D920
:100560001CEB040400F1FF3202D2A64500F2BB806E
:100570001046A4EB0E0440EA05409FE7C1F12007B6
:100580008B4022FA07FC4CEA030C05FA01F420FA2E
:1005900007F3FD404FEA1C492343B5FBF9F81FFA66
:1005A0008CFE09FB18551C0C44EA054408FB0EF5AB
:1005B000A54202FA01F200FA01F00BD91CEB040487
:1005C00008F1FF3A80F08880A54240F28580A8F1CA
:1005D00002086444641B9DB2B4FBF9F309FB1344A5
:1005E00045EA044403FB0EFEA64508D91CEB0404AF
:1005F00003F1FF356CD2A6456AD9023B644443EA55
:100600000843A3FB0295A4EB0E04AC42C846AE46D9
:1006100056D353D056B1B0EB080264EB0E0404FA83
:1006200007F7CA40CC401743C6E9007418460021BA
:10063000BDE8F087C3F1200102FA03FC20FA01F2C1
:1006400025FA01F19D402A434FEA1C471FFA8CFE10
:10065000B1FBF7F007FB1015110C41EA054100FB57
:100660000EF58D4204FA03F408D91CEB010100F1E8
:10067000FF382FD28D422DD902386144491B92B2E6
:10068000B1FBF7F507FB151142EA014205FB0EF13C
:10069000914208D91CEB020205F1FF3816D29142B3
:1006A00014D9023D6244521A45EA004138E7314606
:1006B000304608E73946E6E61046FBE64845A9D24B
:1006C000B9EB020865EB0C0E013BA3E74546EAE7F0
:1006D0002B4694E74046D1E7D0467BE7023D624493
:1006E00032E708460AE76444023842E7704700BF31
:1006F00002480122042103F0FBBC00BF000C0048AB
:1007000002480022042103F0F3BC00BF000C0048A3
:100710002DE9F047824691465D1A82B0804C8148AF
:100720000A9E1F460135A9EB0A03884600224FF4B2
:10073000006103FB05552A238DF8073003F0D8FC30
:10074000642301220DF10701206805F0F7FB4FEA51
:100750001A2374488DF8073001224FF4006103F02A
:10076000C7FC642301220DF10701206805F0E6FBB8
:100770006C488DF807A001224FF4006103F0B8FC2B
:10078000642301220DF10701206805F0D7FB4FEA31
:10079000192364488DF8073001224FF4006103F0FB
:1007A000A7FC642301220DF10701206805F0C6FBB8
:1007B0005C488DF8079001224FF4006103F098FC2B
:1007C000642301220DF10701206805F0B7FB2B23FC
:1007D00054488DF8073000224FF4006103F088FC84
:1007E000642301220DF10701206805F0A7FB4FEA01
:1007F00018234C488DF8073001224FF4006103F0B4
:1008000077FC642301220DF10701206805F096FBB7
:1008100044488DF8078001224FF4006103F068FC22
:10082000642301220DF10701206805F087FB3B0AD4
:100830003C488DF8073001224FF4006103F058FC6A
:10084000642301220DF10701206805F077FB35488C
:100850008DF8077001224FF4006103F049FC642316
:1008600001220DF10701206805F068FB2C232D48BB
:100870008DF8073000224FF4006103F039FC642347
:100880000DF107010122206805F058FB25480122DF
:100890004FF4006103F02CFC20684FF47063426B4E
:1008A000C360436A02F0080203F010031343428B53
:1008B00002F004021343026843F47063B5F5803F0D
:1008C00053604FF47A7326D3314647F2305205F025
:1008D00035FBA5F5EA42303A06F56A4120684FF447
:1008E0007A7392B2603105F029FB2268536A506B2B
:1008F000518B00F0080003F01003034301F00401E2
:1009000010680B434FF4E06443F4B853D460436081
:1009100002B0BDE8F087AAB2314605F00FFBE4E76C
:1009200000000020000800482DE9F04FED4EEE4D8C
:1009300083B03623304600224FF400618DF8073033
:1009400003F0D6FB64230DF107012868012200277C
:1009500005F0F4FA304601224FF400618DF807707B
:1009600003F0C6FB0DF1070128686423012205F09E
:10097000E5FA3A233A4630464FF400618DF80730E5
:1009800003F0B6FB0DF1070128686423012205F08E
:10099000D5FA0523304601224FF400618DF8073067
:1009A00003F0A6FB0DF1070128686423012205F07E
:1009B000C5FAB2233A4630464FF400618DF807304D
:1009C00003F096FB64230DF107012868012205F06E
:1009D000B5FA4FF00C04304601224FF400618DF857
:1009E000074003F085FB64230DF10701286801220D
:1009F00005F0A4FA304601224FF400618DF807405B
:100A000003F076FB64230DF107012868012205F04D
:100A100095FA304601224FF400618DF8077003F01B
:100A200067FB64230DF107012868012205F086FAAF
:100A30003324304601224FF400618DF8074003F063
:100A400057FB64230DF107012868012205F076FAAF
:100A5000304601224FF400618DF8074003F048FB57
:100A60000DF1070128686423012205F067FA3A4670
:100A70003046B7234FF400618DF8073003F038FBA0
:100A80000DF1070128686423012205F057FA30466A
:100A9000352301224FF400618DF8073003F028FB65
:100AA0000DF1070128686423012205F047FA3A4650
:100AB0003046BB234FF400618DF8073003F018FB7C
:100AC0000DF1070128686423012205F037FA30464A
:100AD000192301224FF400618DF8073003F008FB61
:100AE0000DF1070128686423012205F027FA3A4630
:100AF0003046C0234FF400618DF8073003F0F8FA58
:100B000064230DF107012868012205F017FA4FF060
:100B10002C028DF80720304601224FF4006103F0CB
:100B2000E7FA0DF10701286864230122012405F08A
:100B300005FA3A463046C2234FF400618DF807307B
:100B400003F0D6FA642322460DF10701286805F068
:100B5000F5F9224630464FF400618DF8074003F066
:100B6000C7FA22460DF107012868642305F0E6F96B
:100B70003A463046C3234FF400618DF8073003F046
:100B8000B7FA22460DF107012868642305F0D6F96B
:100B90002246304612234FF400618DF8073003F0EF
:100BA000A7FA22460DF107012868642305F0C6F96B
:100BB0003A463046C4234FF400618DF8073003F005
:100BC00097FA642322460DF10701286805F0B6F96B
:100BD0004FF020018DF80710224630464FF4006197
:100BE00003F086FA0DF107002246014664232868C7
:100BF00005F0A4F93A463046C6234FF400618DF85B
:100C0000073003F075FA0DF1070022460146642310
:100C1000286805F093F9224630460F234FF400610F
:100C20008DF8073003F064FA0DF1070064232246C3
:100C30000146286805F082F94FF0D00A3A4630465E
:100C40004FF400618DF807A003F052FA0DF1070090
:100C5000224601466423286805F070F92246304692
:100C6000A4234FF400618DF8073003F041FA0DF131
:100C70000700224601466423286805F05FF92246F2
:100C80003046A1234FF400618DF8073003F030FAAD
:100C90000DF10700224601466423286805F04EF94D
:100CA0003A463046E0234FF400618DF8073003F0F8
:100CB0001FFA0DF10700642322460146286805F05B
:100CC0003DF9224630464FF400618DF807A003F04D
:100CD0000FFA0DF10700642322460146286805F04B
:100CE0002DF903E000080048000000204FF0040840
:100CF000224630464FF400618DF8078003F0F8F982
:100D00000DF10700642322460146286805F016F914
:100D10004FF00D09224630464FF400618DF80790E0
:100D200003F0E6F90DF10700642322460146286826
:100D300005F004F94FF0110B224630464FF40061E4
:100D40008DF807B003F0D4F90DF1070064232246B3
:100D50000146286805F0F2F84FF013008DF80700FF
:100D6000224630464FF4006103F0C2F90DF1070C42
:100D7000614622462868642305F0E0F822463046A2
:100D80002B234FF400618DF8073003F0B1F90DF11A
:100D9000070C642322466146286805F0CFF84FF01F
:100DA0003F0C224630464FF400618DF807C003F037
:100DB0009FF90DF1070E714622462868642305F05D
:100DC000BDF82246304654234FF400618DF80730B9
:100DD00003F08EF90DF1070E714622462868642350
:100DE00005F0ACF8224630464C234FF400618DF8F4
:100DF000073003F07DF90DF1070E71462246286891
:100E0000642305F09BF82246304618234FF4006116
:100E10008DF8073003F06CF90DF1070E714664236D
:100E20002246286805F08AF8224630464FF40061D1
:100E30008DF8079003F05CF90DF1070E714622461C
:100E40002868642305F07AF8224630460B234FF4D5
:100E500000618DF8073003F04BF90DF1070E714674
:100E600064232246286805F069F84FF01F092246DE
:100E700030464FF400618DF8079003F039F90DF119
:100E8000070E642322467146286805F057F84FF094
:100E9000230E224630464FF400618DF807E003F040
:100EA00027F922460DF107012868642305F046F86A
:100EB0003A463046E1234FF400618DF8073003F0E5
:100EC00017F9642322460DF10701286805F036F86A
:100ED0008DF807A022460DF1070A30464FF4006155
:100EE00003F006F9642322465146286805F026F8E7
:100EF000224630464FF400618DF8078003F0F8F881
:100F0000224651462868642305F018F84FF00C0378
:100F1000224630464FF400618DF8073003F0E8F8C0
:100F2000642322465146286805F008F822463046D8
:100F30004FF400618DF807B003F0DAF8642322461D
:100F40005146286804F0FAFF4FF013008DF80700AF
:100F5000224630464FF4006103F0CAF8642322466B
:100F60005146286804F0EAFF4FF02C028DF8072064
:100F7000304622464FF4006103F0BAF8642322465B
:100F80005146286804F0DAFF4FF03F0C2246304605
:100F90004FF400618DF807C003F0AAF822465146CD
:100FA0002868642304F0CAFF2246304644234FF4E5
:100FB00000618DF8073003F09BF8224651462868FF
:100FC000642304F0BBFF2246304651234FF40061F6
:100FD0008DF8073003F08CF82246514628686423C8
:100FE00004F0ACFF224630462F234FF400618DF809
:100FF000073003F07DF8642322465146286804F048
:101000009DFF224630464FF400618DF8079003F0B3
:101010006FF8642322465146286804F08FFF224669
:1010200030464FF400618DF8079003F061F86423B7
:1010300022465146286804F081FF4FF020018DF8C8
:101040000710224630464FF4006103F051F8642344
:1010500022465146286804F071FF4FF0230E2246C5
:1010600030464FF400618DF807E003F041F8224666
:1010700051462868642304F061FF3A463046212334
:101080004FF400618DF8073003F032F864232246F4
:101090005146286804F052FF3A4630464FF400614A
:1010A0008DF807B003F024F82246514664232868DF
:1010B00004F044FF782002F0BDFD3A463046292373
:1010C0004FF400618DF8073003F012F851462246C4
:1010D0002868642304F032FF03482246414603B0E7
:1010E000BDE8F04F03F004B8000C00482DE9F041D2
:1010F00082B005460F4602F097FD4FF00508064600
:1011000012E0286805F0D2F9298A012250BBE8686C
:1011100002F0EEFF9DF8033013F001031DD002F042
:1011200083FD801BB84224D8298AE868CDF8048062
:10113000002202F0DDFF04220DEB020132232868B9
:1011400004F0FCFE322301220DF1030104460028C5
:10115000D7D0298AE86802F0CBFF0024204602B0ED
:10116000BDE8F081E86802F0C3FF204602B0BDE8A8
:10117000F0810324F2E700BFF0B5044683B01546C2
:101180000E461F46642103230193FFF7AFFF2B0C8C
:10119000218AE0688DF8053000226DBAADF806505E
:1011A00002F0A6FF0422206832230DEB020104F0B6
:1011B000C5FE28B9206864233A46314605F076F921
:1011C0000546218AE068012202F092FF284603B01A
:1011D000F0BD00BF70B5044682B00623C0688DF82C
:1011E0000330002220250E46218A019502F080FF5F
:1011F000322301220DF10301206804F09FFE218AB1
:10120000E068012202F074FF64212046FFF76EFFC0
:101210000546D0B9C6F30F130246218A8DF80700A0
:101220008DF80530E06833018DF8063002F060FF7C
:1012300004220DEB02012068322304F07FFE218A94
:1012400005460122E06802F053FF284602B070BD57
:101250002DE9F04182B00F469846642102230546ED
:1012600016460193FFF742FF044618B1204602B02C
:10127000BDE8F08102460623298AE8688DF803302C
:1012800002F036FF322301220DF10301286804F039
:1012900055FE298AE868012202F02AFF330C224613
:1012A000298AE8688DF8053073BAADF8063002F087
:1012B0001FFF0422286832230DEB020104F03EFEDA
:1012C000044668B9F2B2C2F5807292B2424528680B
:1012D0004FF0640328BF4246394604F02FFE04460F
:1012E000E868298A012202F003FF204602B0BDE827
:1012F000F08100BF30B51C4C1C4B1D48236083B0EF
:101300004FF4805190230022E0602182019302F08B
:10131000EFFE0422206832230DEB020104F00EFEE2
:10132000C0B9022269462068322305F0BFF805469D
:10133000218AE068012245B902F0DAFEBDF80030EA
:1013400028465BBAA38003B030BD02F0D1FE284628
:1013500003B030BD0546218AE068012202F0C8FED4
:10136000284603B030BD00BF64000020AC0100205F
:10137000000400482DE9F04100248CB0CDE906447A
:10138000CDE90844644B0A94DA6C644F644DDFF88D
:10139000988142F00402DA64DA6C02F004020192ED
:1013A000019ADA6C42F08002DA64DA6C02F08002B0
:1013B0000292029ADA6C42F00102DA64DA6C02F00C
:1013C00001020392039ADA6C42F00202DA64DA6CE8
:1013D00002F002020492049ADA6C42F00802DA6423
:1013E000DB6C03F0080305932246384640F677018C
:1013F000059B02F07DFE08214FF09040012202F093
:1014000077FE224610214FF0904002F071FE2846F0
:1014100001224FF4805102F06BFE22464046042127
:1014200002F066FE42F2883206A938460323CDE96F
:1014300006230126089402F0E5FC384606A940F68A
:1014400077030693CDE90764099402F0DBFC40F6CC
:10145000051206A903234FF09040CDE90623089416
:1014600002F0D0FC06A918234FF090400693CDE976
:101470000764099402F0C6FC06A920224FF48813E1
:101480004FF09040CDE90623089402F0BBFC40F6F3
:10149000CF4206A928460323CDE90623089402F08B
:1014A000B1FC06A928464FF480530693CDE90764A2
:1014B000099402F0A7FC06A9404604230693CDE94F
:1014C0000844079602F09EFC3022002306A9284615
:1014D000CDE90623089402F095FC0822032306A90F
:1014E00010480894CDE9062302F08CFC4FF4041355
:1014F00028464FF4407206A9CDE90623089402F06D
:1015000081FC22462146172002F0B8FB172002F08A
:10151000F3FB0CB0BDE8F081001002400008004869
:1015200000040048001C0048000C0048184BDA6C0E
:1015300042F00402DA64DA6C86B002F0040201922E
:10154000019ADA6C42F08002DA64DA6C02F080020E
:101550000292029ADA6C42F00102DA64DA6C02F06A
:1015600001020392039ADA6C42F00202DA64DA6C46
:1015700002F002020492049ADA6C42F00802DA6481
:10158000DB6C03F008030593059B06B0704700BFB2
:10159000001002402DE9F843002007F0CBFA2E4B53
:1015A0002E4DDFF8D0902E4CDFF8CC802D4F2E4EF4
:1015B000024600201A6007F0BDFA2C4B02460020BC
:1015C0001A6007F0B7FA034600202B6007F0B2FA62
:1015D00003460020C9F8003007F0ACFAC8F8000054
:1015E00020461AF0CBF82046FF211AF09FFA4FF65A
:1015F000FF71204639801AF08FFA002221462868B0
:101600001B4C0BF035FC30461AF0B8F8002530467C
:10161000FF211AF08BFA304629463D801AF07CFAF9
:101620002A463146D9F800000BF022FC20461AF079
:10163000A5F82046FF211AF079FA47F6FF31204637
:1016400039801AF069FAD8F800002A462146BDE828
:10165000F8430BF00DBC00BF10010020D0000020AB
:10166000D4000020B4000020FC0000201401002061
:1016700008010020DC0000200401002038B5374DAF
:10168000374C28681CF04EF9012120601CF03CFA10
:10169000206804211CF004FA2068F02107F0D2FE33
:1016A0002068142107F0E8FE20682E491CF0CEF9CE
:1016B00000231A4620682C4C012107F047FF2868B8
:1016C0001CF030F9012120601CF01EFA2068042172
:1016D0001CF0E6F92068F02107F0B4FE2068142120
:1016E00007F0CAFE214B20681A6821491CF0AEF9A8
:1016F0001423002220681F4C012107F027FF2868CF
:101700001CF010F9012120601CF0FEF92068042172
:101710001CF0C6F92068F02107F094FE206814211F
:1017200007F0AAFE144B20681A6814491CF08EF9C1
:1017300000231A462068124C042107F007FF28688E
:101740001CF0DAFA0F49206002221CF0E1FA20684E
:101750000022BDE8384005210CF0A2B8D0000020DE
:10176000BC00002020DE0108C0000020B8000020DE
:1017700038DE0108C4000020B00000204CDE010863
:10178000C80000201000002070B53F4D3F4C286875
:101790001CF0C8F8012120601CF0B6F92068042173
:1017A0001CF07EF93A4920681CF050F900231A46D3
:1017B0000221206807F0CAFE28681CF0B3F8012156
:1017C00060601CF0A1F9606804211CF069F9314BDC
:1017D0001B68002B52D1304960681CF037F93C235C
:1017E00000226068022107F0B1FE28681CF09AF818
:1017F0000121A0601CF088F9A06804211CF050F9B8
:10180000A06826491CF022F950230022A06802217A
:1018100007F09CFE28681CF085F80121E0601CF0B0
:1018200073F9E06800211CF03BF9E068F02107F053
:1018300009FEE068142107F01FFE00231A46E06845
:10184000092107F083FE28681CF06CF80121206153
:101850001CF05AF9206900211CF022F92069F021BE
:1018600007F0F0FD2069642107F006FE2069C82317
:10187000BDE870400022012107F068BE0849606899
:101880001CF0E4F8ABE700BFDC000020E000002023
:1018900060DE01080400002074DE01089CDE0108FF
:1018A00088DE0108704700BF202800D07047054B34
:1018B0001A78022A04D01A78032AF7D19B6A1847AB
:1018C0005B6A1847E0030020F8B51B4C1B4D206AEB
:1018D00001F02AF92B68012B1CD0022B05D0206ABD
:1018E00001F0F8F800232370F8BD154F206A01F0CD
:1018F000F1F800261349B86826701CF0A7F81249C1
:10190000F8681CF0A3F811483246072102F0F0FBFA
:101910002E60F8BD0E4D0F492B68206A013320223E
:101920002B6001F0E9FC064B2A6818690A49BDE8FA
:10193000F8401CF08BB800BFE0030020A40000209A
:10194000E00000209CDE0108C8DE01080008004815
:10195000A000002000010010ACDE010870B52E4C84
:1019600086B0206A01F0E0F82C49206A0DF10E02E1
:1019700001F0DCFB2A4B1B68012B45D1BDF80E3072
:10198000202B3AD1274D284B2968013103F580726D
:10199000296003F1200E4FF0000C13F8011F12F81C
:1019A000010F884218BF0CF1010C7345F5D107EE09
:1019B00090CADFED1E6A9FED1E7A1E4E206AF8EE79
:1019C000E77A04A967EEA67A67EE877AFDEEE77AF2
:1019D000C6ED007A01F0D2F805A9206A01F00EF9EF
:1019E000DDE90431346814482A680069CDE900143F
:1019F00012491CF02BF806B070BD0F4B1049D86887
:101A00001CF024F806B070BD206A01F063F80023D2
:101A1000237006B070BD00BFE0030020000000107E
:101A2000A400002098000020FFFFFF0F0000C84224
:101A30000000003D9C000020E0000020CCDE0108FA
:101A400028DF01083B4B98424DD03B4B984210B5E4
:101A500003D03A4B984216D010BD394C236903F499
:101A60004073B3F5407F1DD1364A1378002BF3D075
:101A7000052B04D0042B0CBF002303231370324B1F
:101A800000221A6010BD314A3149136809680133D8
:101A9000136059BB2F4A12689342DDD9BDE810404C
:101AA000FEF72EBE4FF40071204602F01BFB00280B
:101AB0002AD1244B1A7822B3022A03D122490A6878
:101AC00001320A6000225A60FEF712FE1F49224AC4
:101AD00009681268214B1F481B680A440260204AAB
:101AE0000B44136010BD052017F02EBB1A4A1B498A
:101AF0001268096817481A4C1A4419442160026098
:101B0000CAE701221A70DDE74FF48071204602F027
:101B1000E9FA0028A0D10B4B1A781AB901221A70E1
:101B20000122D0E7022AFBD107490A6801320A6084
:101B3000F6E700BF0C03002074020020C002002062
:101B40000004004878000020CC000020B0000020F5
:101B5000A4000020AC0000200C00002008000020A1
:101B6000A80000200000000010B598B04422002119
:101B700006A81CF0F3F800234FF40070CDE9013300
:101B8000CDE90333059302F0DDFA08B172B6FEE742
:101B900002F0C0FA1A4AD2F8903023F01803C2F8C3
:101BA00090309FED157B012303240222CDE91143E0
:101BB000089314231092169213930722022306A867
:101BC000CDE914238DED067B02F0D8FB034608B166
:101BD00072B6FEE704210F220DEB0100CDE90124CE
:101BE000CDE90333059302F0D9FE08B172B6FEE7E2
:101BF00018B010BDAFF30080050000000000010028
:101C0000001002402DE9F047674E684D684F694C5F
:101C1000DFF8D091DFF8D081DFF8D0A1304604F0B2
:101C20009DFE284604F09AFE384604F097FE0122F5
:101C30000721204602F05CFA5F4B186A04F068F94D
:101C4000002210214FF0904002F052FA00220821A9
:101C50004FF0904002F04CFA00222021204602F082
:101C600047FA484604F054F9404604F051F9534805
:101C70000022042102F03CFA204600224FF40061C9
:101C800002F036FA00224021204602F031FA4C4898
:101C900005F01CF820460022102102F029FA042247
:101CA0000F21504603F0EAFE384604F0F5FD3046B9
:101CB00004F0F2FD284604F0EFFD424BDA6C22F00E
:101CC0000102DA64DA6C22F00202DA64DA6C22F0E1
:101CD0000402DA64DA6C22F00802DA64DA6C22F0C8
:101CE0008002DA6401214FF4804002F01BFA504672
:101CF00003F024FFFFF738FFFFF718FC00F038FD72
:101D000000F070FD00F098FD01222021204602F035
:101D1000EFF92D4804F080F8012210214FF0904097
:101D200002F0E6F9012208214FF0904002F0E0F9BC
:101D3000484604F071F801224021204602F0D8F90B
:101D4000404604F069F8642001F074FFFEF7ECFDF2
:101D500017F0AEF905F0A6FC05F0B8FC10212046FE
:101D6000012202F0C5F900F025FE184B0422384686
:101D70001A7004F0C5FD304604F0C2FD284604F098
:101D8000BFFD1349134A144B096812681B681348B6
:101D9000134D0A440B4402602B6020460022BDE82C
:101DA000F047072102F0A4B90C03002074020020C0
:101DB000C002002000080048E0030020000C00489A
:101DC0005803002000100240480100207800002045
:101DD000B00000200C00002008000020AC00002013
:101DE000A8000020AC0100201002002024010020E7
:101DF0002DE9F04F83B001F0FBFEFFF7B5FEFFF7D2
:101E0000B9FA00F0D7FD00F0FDFA00F023FB00F076
:101E100047FB00F0ADFC00F0E5FC00F00DFD00F02C
:101E20007DFAB5480122402102F062F9B248012250
:101E3000202102F05DF9B0480122102102F058F98A
:101E40000022AD48072102F053F9642001F0F2FEB0
:101E5000AA4A002302F8013F0133202BFAD1FFF7F1
:101E600049FA0022A649A748A74EA84DDFF81883D3
:101E7000DFF818B3A64FDFF818A30423FFF77CF9A7
:101E8000A44804F03DFDA44804F03AFD06F026FE07
:101E900005F0E4FBFFF77EFBFFF7F0FBFFF774FCB8
:101EA0009E4B1C46186805F011FC20681BF03AFD9B
:101EB000012104461BF028FE204600211BF0F0FD06
:101EC0002046F02107F0BEFA204695491BF0BEFDE2
:101ED000002309211A46204607F038FB19F03CFE82
:101EE000642001F0A7FE01F091FD8E4B1B78052BBD
:101EF0000CBF8D498D4920461BF0A8FD19F02CFE22
:101F0000642001F097FE8A4C8A4B22681B688A493C
:101F10008A4813440B608A4B1B681344336004F0F7
:101F2000EFFC042001F086FE2B78012B16D0032B4A
:101F300051D0022B39D02268824938681BF086FDC7
:101F4000326823689A4201D2FFF75CFE19F004FE62
:101F5000042001F06FFE2B78012BE8D102232B70B7
:101F600017F0A6F805F09EFB6C4B1B68834200F04F
:101F70001E81754B1B688342DDD0DBF80030834245
:101F8000D9D15F4B71491A6801321A60704B1868D9
:101F90001BF05CFD00215B48FFF71CF958495948CC
:101FA00004230022FFF754F9C5E717F081F805F084
:101FB00079FBDBF80030834267D0D8F800208242FA
:101FC000B9D1644A12683C2AB5DD184604232B7047
:101FD00005F07CFBAFE74FF0000985F8009017F0A3
:101FE00067F805F05FFBD8F800308342A3D15A4B65
:101FF0001B68002B40F0CE806B68002B00F00B813B
:10200000012B00F00881544B3B48012207211A6044
:1020100002F06EF8012211463748002202F068F8FB
:102020004E4B4F4998681BF011FD19F095FD01F0DA
:10203000EDFC3C4B1B78052B00F01881474B4949C0
:1020400098681BF003FD484A1368002B40F01C8180
:10205000464A47491360414B58681BF0F7FC3F4B19
:102060004449D8681BF0F2FC3C4B404A186912689E
:1020700041491BF0EBFC2B4B4049186A202201F030
:102080003BF9284A0223137055E7324B1B683C2B5F
:102090007FF751AF0423D8F800002B7005F016FB32
:1020A000374B50461B68019319F068FB05215046D9
:1020B00019F040FDFF21504619F038FD314B46F232
:1020C00039311980504619F027FD244B4FF0000993
:1020D0000198484553F8040B00934FF00002514615
:1020E00009F1010900F0EC800AF0E2FFB9F1030FF9
:1020F000009BEDD11FE700BF00080048FF00001063
:10210000B800002064000020A80000207800002013
:10211000C40000200C0300207402002010010020E5
:1021200048DF0108E003002068DF0108D4DF010870
:10213000B00000200C000020AC000020C0020020F5
:10214000080000204CDE01081401002038DE0108E0
:10215000C0000020CC000020A4000020E0000020EF
:1021600020E00108A4E0010804000020A0000020F5
:1021700074DE0108B4E00108ACDE010800010010C3
:1021800018010020B4000020DC000020D000002056
:102190001C010020504B1B68002B3FD14F4B504976
:1021A00098681BF053FC4F4A02231360C3E60423D4
:1021B000D8F800002B7005F089FA4B4B50461B688D
:1021C000019319F0DBFA0521504619F0B3FCFF2109
:1021D000504619F0ABFC454B46F239311980504658
:1021E00019F09AFC3D4B4FF000090198484553F80F
:1021F000040B00934FF00002514609F1010927D06A
:102200000AF056FFB9F1030F009BEED1384B186866
:102210000BF020FC8FE6304A1360F4E6354B186A69
:1022200000F058FC334B344983F800902B4B9868EE
:102230001BF00CFC294B3149D8681BF007FC3048D7
:102240004A46072101F054FF264BC3F8009072E67E
:1022500000220AF00DFE019B022B03F10109009BF5
:10226000C3D1234B18680BF0F5FB64E61B4B2249E6
:1022700098681BF0EBFB194B2249D8681BF0E6FB72
:10228000184A0023136056E6144B1F4A58681F492A
:10229000002313601BF0DAFB104B1D49D8681BF0BC
:1022A000D5FB0E4B184A186912681A491BF0CEFB71
:1022B000104B186A00F0DAFC0E4A032313703AE65A
:1022C00000220AF0D5FD019B022B03F10109009BBE
:1022D0007FF4FEAE2FE600BF04000020E0000020E7
:1022E00020E00108A400002018010020B400002014
:1022F00010010020E00300209CDE0108C8DE010878
:102300000008004838E001089800002088DE010835
:10231000D8E00108F8E0010872B6FEE700B51E48F3
:102320001E4987B07F2200238260FF22CDE901335E
:10233000CDE90333C0E90013C0E90323C0E9053345
:1023400005930093C36102F03FFEC8B9002343F632
:10235000090C1148ADF804C0012201A9CDE90433EC
:102360008DF8063002F09AFE90B90D4B0A480093A2
:102370000122694603F020F928B907B05DF804FB93
:10238000FFF7CAFFE2E7FFF7C7FF07B05DF804FBFE
:10239000FFF7C2FFE9E700BF24010020002800404A
:1023A0000703172410B5044698B05C22002101A849
:1023B0001BF0D4FC114B22689A4201D018B010BD1A
:1023C0004FF400324FF4807301A80192179302F08A
:1023D0004FFC80B90A49D1F89030002243F4004301
:1023E000C1F890300320114601F048FC032001F0B1
:1023F00083FC18B010BDFFF78FFFEBE7002800400B
:102400000010024010B51148114C4FF482720023A5
:10241000C0E900424FF4E0614FF40072C0E90231BC
:102420002824826107210822C0E90433C0E9074358
:10243000C0E90933C0E90B13426303F0EDFC00B9B6
:1024400010BDBDE81040FFF767BF00BF4801002086
:1024500000300140104811494FF4827210B5C0E9B4
:1024600000124FF4007200234FF4E06407218261F0
:102470000822C0E90234C0E90433C0E90733C0E9E7
:102480000933C0E90B13426303F0C6FC00B910BD69
:10249000BDE81040FFF740BFAC010020003800400D
:1024A00010B51148114C4FF48272C0E900424FF44C
:1024B00000414FF4E0620023C0E902124FF480248F
:1024C00007210822C0E90433C0E90643C0E9083304
:1024D000C0E90A31C0E90C3203F09EFC00B910BD1E
:1024E000BDE81040FFF718BF10020020003C00407C
:1024F00070B50368464A8EB000249342CDE9084483
:10250000CDE90A440C9407D0424A934226D0424A6D
:10251000934245D00EB070BD404B1A6E42F48052CB
:102520001A661A6E02F480520192019ADA6C42F035
:102530000102DA64DB6C03F001030293032205233A
:10254000C224022508A94FF09040CDE90845CDE905
:102550000B23029C01F056FC0EB070BD2F4B30488F
:102560009A6D42F480429A659A6D02F48042039219
:10257000039ADA6C42F00202DA64DB6C03F00203C5
:102580000493032205234FF46044022508A9CDE9F2
:102590000845CDE90B23049C01F034FC0EB070BD5E
:1025A0001E4B9A6D42F400429A659A6D02F4004205
:1025B0000592059ADA6C42F00102DA64DA6C02F0F4
:1025C00001020692069ADA6C42F00402DA64DB6CCD
:1025D00003F0040307934FF400420326062508A9DD
:1025E00002234FF09040CDE90823CDE90B65079B0E
:1025F00001F008FC4FF4A05308930A480C950223FD
:1026000008A9CDE90A46099301F0FCFB0EB070BDA4
:102610000030014000380040003C00400010024003
:10262000000400480008004808B51C4A03689342AB
:1026300006D01B4A934210D01A4A93421AD008BDC2
:1026400002F56042C221136E23F4805313664FF0EB
:102650009040BDE8084001F0BDBC02F5EC321248E4
:10266000936D23F4804393654FF46041BDE80840C7
:1026700001F0B0BC02F5EA324FF40041936D23F44F
:1026800000434FF09040936501F0A4FCBDE8084082
:1026900006484FF4A05101F09DBC00BF003001403E
:1026A00000380040003C004000040048000800489A
:1026B0000A4B1A6E42F001021A661A6E82B002F0DC
:1026C00001020092009A9A6D42F080529A659B6DC9
:1026D00003F080530193019B02B070470010024049
:1026E000FEE700BFFEE700BFFEE700BFFEE700BF5A
:1026F000FEE700BF704700BF704700BF704700BFD4
:1027000001F086BA014803F057BA00BF2401002047
:1027100008B5202001F0F2FC4FF4807001F0EEFCCF
:10272000BDE808404FF4007001F0E8BC014804F037
:10273000E5B900BF74020020014804F0DFB900BF12
:10274000C0020020014804F0EFBA00BF5803002087
:10275000014804F0D3B900BF0C030020034AD2F8AB
:10276000883043F47003C2F88830704700ED00E011
:1027700000B51A484FF0804202604F2289B0426093
:10278000174A0023CDE90433CDE90633CDE90133FF
:10279000C0E9023203930361836104F005F890B944
:1027A0004FF480530D48049304A904F0EFF890B956
:1027B00000230A48019301A9039304F049FA28B9B8
:1027C00009B05DF804FBFFF7A7FDE9E7FFF7A4FDFB
:1027D00009B05DF804FBFFF79FFDE9E7C0020020A8
:1027E0003F420F0000B51248124985B04F22002326
:1027F000C0E9001241F28732CDE90133C0E902326B
:102800000393836103F0D0FF50B90023084801937C
:1028100001A9039304F01CFA28B905B05DF804FB84
:10282000FFF77AFDF1E7FFF777FD05B05DF804FBF0
:102830000C0300200014004000B51B481B4A026036
:1028400089B04F22002342604CF24F32CDE904336D
:10285000CDE90633CDE90133C0E90232C0E90433E2
:102860000393836103F0A0FF90B94FF480530E48A7
:10287000049304A904F08AF890B900230A4801934C
:1028800001A9039304F0E4F928B909B05DF804FB49
:10289000FFF742FDE9E7FFF73FFD09B05DF804FBF4
:1028A000FFF73AFDE9E700BF740200200040014055
:1028B00000B50368B3F1804F85B008D0244A934235
:1028C0001BD0244A93422DD005B05DF804FB03F5DC
:1028D00004330022996D41F0010199659B6D03F06D
:1028E000010301931C201146019B01F0C7F91C2034
:1028F00005B05DF804EB01F0FFB9174B996D41F09D
:10290000200199659B6D03F020030293372000227C
:102910000121029B01F0B2F9372005B05DF804EB0C
:1029200001F0EAB90C4B196E41F4803119661B6E47
:1029300003F480330393182000220121039B01F04C
:102940009DF9182005B05DF804EB01F0D5B900BF82
:102950000014004000400140001002400368B3F141
:10296000804F06D0104A93420BD0104A934211D0A8
:1029700070470F4A936D23F001031C20936501F00B
:10298000C9B902F5FE323720936D23F02003936519
:1029900001F0C0B902F550421820136E23F48033C1
:1029A000136601F0B7B900BF0014004000400140B9
:1029B0000010024010B50D480D4C00234FF4165284
:1029C0000C21C0E90042C0E904311A461946C0E9A9
:1029D0000233C0E90633C0E9083304F0E5FD00B96D
:1029E00010BDBDE81040FFF797BC00BF58030020A2
:1029F000003801400000000010B504469EB00021E0
:102A00005C2207A8CDE90211CDE9041106911BF063
:102A1000A5F9214B22689A4201D01EB010BD0123B6
:102A200007A8079302F024F958BB1C4B1A6E42F416
:102A300080421A661A6E02F480420092009ADA6CA2
:102A40009FED117B42F00102DA64DB6C8DED027BBD
:102A50009FED0F7B03F00103019302A907234FF0C1
:102A600090408DED047B0693019A01F0CBF9002292
:102A70001146252001F002F9252001F03DF91EB094
:102A800010BDFFF749FCD0E700160000020000006F
:102A90000000000003000000003801400010024068
:102AA00008B50268094B9A4200D008BD084A136E67
:102AB00023F480434FF0904013664FF4B05101F07F
:102AC00089FABDE80840252001F024B9003801400A
:102AD0000010024010B582B0044648F6810300227F
:102AE00010214FF09040ADF8003001F001FB32238F
:102AF00002226946204603F021FA012204461021F1
:102B00004FF0904001F0F4FA00230193019BB3F5DC
:102B10007A7F06D2019B01330193019BB3F57A7F43
:102B2000F8D3204602B010BD10B582B004464FF66F
:102B30009273002210214FF09040ADF8003001F068
:102B4000D7FA322302226946204603F0F7F9012220
:102B5000044610214FF0904001F0CAFA002301937F
:102B6000019BB3F57A7F06D2019B01330193019B50
:102B7000B3F57A7FF8D3204602B010BD70B582B0AD
:102B80000646192300224FF090400D4610218DF883
:102B9000033001F0ADFA322301220DF1030130467A
:102BA00003F0CCF93223044601220DF10201304634
:102BB00003F07CFC0122044310214FF0904001F00F
:102BC00097FA00230193019BB3F57A7FE4B206D212
:102BD000019B01330193019BB3F57A7FF8D39DF9F3
:102BE00002209DF80230002ABDBF5B42C3F385037B
:102BF0005B429B0820462B6002B070BD70B582B06E
:102C000006461A2300224FF090400D4610218DF801
:102C1000033001F06DFA322301220DF10301304639
:102C200003F08CF93223044601220DF102013046F3
:102C300003F03CFC0122044310214FF0904001F0CE
:102C400057FA00230193019BB3F57A7FE4B206D2D1
:102C5000019B01330193019BB3F57A7FF8D39DF873
:102C600002302046893B2B6002B070BD70B58AB03F
:102C700048F2CD430446002210214FF09040ADF8B9
:102C8000203001F035FA3223022208A9204603F051
:102C900055F90122054610214FF0904001F028FA25
:102CA00000230993099BB3F57A7F06D2099B013370
:102CB0000993099BB3F57A7FF8D3A423002210214E
:102CC0004FF09040ADF81C3001F012FA322302228E
:102CD00007A9204603F032F90122102106464FF0E1
:102CE000904001F005FA00230893089BB3F57A7F22
:102CF00006D2089B01330893089BB3F57A7FF8D37B
:102D00004BF69173002210214FF09040ADF818302F
:102D100001F0EEF93223022206A9204603F00EF953
:102D20002E430122102105464FF0904001F0E0F9BA
:102D300000230793079BB3F57A7FF6B206D2079B71
:102D400001330793079BB3F57A7FF8D34FF692735D
:102D5000002210214FF09040ADF8143001F0C8F976
:102D60003223022205A9204603F0E8F83543012268
:102D7000102106464FF0904001F0BAF90023069367
:102D8000069BB3F57A7FEDB206D2069B013306931C
:102D9000069BB3F57A7FF8D38E23002210214FF0E3
:102DA0009040ADF8103001F0A3F93223022204A9BB
:102DB000204603F0C3F82E430122102105464FF0B0
:102DC000904001F095F900230593059BB3F57A7FB8
:102DD000F6B206D2059B01330593059BB3F57A7FC6
:102DE000F8D38F23002210214FF09040ADF80C3023
:102DF00001F07EF93223022203A9204603F09EF857
:102E000035430122102106464FF0904001F070F941
:102E100000230493049BB3F57A7FEDB206D2049BA2
:102E200001330493049BB3F57A7FF8D38D230022FA
:102E300010214FF09040ADF8083001F059F93223DD
:102E4000022202A9204603F079F82E430122102124
:102E500005464FF0904001F04BF900230393039B8C
:102E6000B3F57A7FF6B206D2039B01330393039B3B
:102E7000B3F57A7FF8D348F68153002210214FF042
:102E80009040ADF8043001F033F93223022201A959
:102E9000204603F053F80122044610214FF09040E1
:102EA00001F026F900230293029B3543B3F57A7FA4
:102EB000EDB206D2029B01330293029BB3F57A7FF7
:102EC000F8D344EA0500C0B20AB070BD70B58AB04C
:102ED00048F2CD730446002210214FF09040ADF827
:102EE000203001F005F93223022208A9204603F020
:102EF00025F80122054610214FF0904001F0F8F826
:102F000000230993099BB3F57A7F06D2099B01330D
:102F10000993099BB3F57A7FF8D3A42300221021EB
:102F20004FF09040ADF81C3001F0E2F8322302225D
:102F300007A9204603F002F80122102106464FF0AF
:102F4000904001F0D5F800230893089BB3F57A7FF1
:102F500006D2089B01330893089BB3F57A7FF8D318
:102F60004FF29173002210214FF09040ADF81830CD
:102F700001F0BEF83223022206A9204602F0DEFF4D
:102F80002E430122102105464FF0904001F0B0F889
:102F900000230793079BB3F57A7FF6B206D2079B0F
:102FA00001330793079BB3F57A7FF8D344F2C0034C
:102FB000002210214FF09040ADF8143001F098F845
:102FC0003223022205A9204602F0B8FF3543012230
:102FD000102106464FF0904001F08AF80023069336
:102FE000069BB3F57A7FEDB206D2069B01330693BA
:102FF000069BB3F57A7FF8D34FF692730022102127
:103000004FF09040ADF8103001F072F832230222F8
:1030100004A9204602F092FF2E430122102105460A
:103020004FF0904001F064F800230593059BB3F541
:103030007A7FF6B206D2059B01330593059BB3F563
:103040007A7FF8D38E23002210214FF09040ADF804
:103050000C3001F04DF83223022203A9204602F081
:103060006DFF35430122102106464FF0904001F0DC
:103070003FF800230493049BB3F57A7FEDB206D2A8
:10308000049B01330493049BB3F57A7FF8D38F2319
:10309000002210214FF09040ADF8083001F028F8E0
:1030A0003223022202A9204602F048FF2E430122C9
:1030B000102105464FF0904001F01AF800230393C9
:1030C000039BB3F57A7FF6B206D2039B01330393D9
:1030D000039BB3F57A7FF8D38D23002210214FF0A4
:1030E0009040ADF8043001F003F83223022201A928
:1030F000204602F023FF0122044610214FF09040A9
:1031000000F0F6FF00230293029B3543B3F57A7F6C
:10311000EDB206D2029B01330293029BB3F57A7F94
:10312000F8D344EA0500C0B20AB070BD2DE9F047FB
:10313000102688B0044617464FF09040002288467B
:1031400031468DF81C6000F0D3FF3223012207A91D
:10315000204602F0F3FE322301220DF1060105465E
:10316000204603F0A3F93146824601224FF09040F9
:1031700000F0BEFF00230693069BB3F57A7F06D2CC
:10318000069B01330693069BB3F57A7FF8D39DF82F
:1031900006308DF81D3000228D2310214FF0904015
:1031A0008DF81C3000F0A4FF3223022207A920462C
:1031B00002F0C4FE0122064610214FF0904000F0BC
:1031C00097FF00230593059BB3F57A7F06D2059BF5
:1031D00001330593059BB3F57A7FF8D313230022BF
:1031E00010214FF090408DF81C3000F081FF07A9AE
:1031F00032230122204602F0A1FE322301220DF1EA
:1032000007018146204603F051F945EA0A050122EB
:10321000824610214FF0904000F06AFF0023049393
:10322000049BB3F57A7FEDB206D2049B013304937D
:10323000049BB3F57A7FF8D32E4349EA06099DF83B
:1032400007603E80002210214FF090408DF80C2046
:1032500000F04EFF3223012203A9204602F06EFE49
:103260004AEA090A5FFA8AFA0546074650B34FF65A
:103270009273002210214FF09040ADF8083000F01A
:1032800037FF3223022202A9204602F057FE012214
:10329000044610214FF0904000F02AFF00230393D2
:1032A000039BB3F57A7F4AEA050506D2039B0133F7
:1032B0000393039BB3F57A7FF8D345EA040008B083
:1032C000BDE8F087322332464146204603F0EEF84F
:1032D0000122054610214FF0904000F009FF0797AA
:1032E000079BB3F57A7FC2D2079B01330793079BF5
:1032F000B3F57A7FF8D3BAE72DE9F04186B00446FA
:103300000E461546FFF7E2FD48F681130022102114
:1033100007464FF09040ADF8103000F0E9FE322340
:10332000022204A9204602F009FE01228046102153
:103330004FF0904000F0DCFE00230593059BB3F5B1
:103340007A7F06D2059B01330593059BB3F57A7FFF
:10335000F8D3A223002210214FF090408DF80C30BA
:103360008DF80D5000F0C4FE3223022203A920463E
:1033700002F0E4FD47EA08070122804610214FF0E1
:10338000904000F0B5FE00230493049BB3F57A7FD0
:1033900006D2049B01330493049BB3F57A7FF8D3E0
:1033A0008023002210214FF090408DF8083000F06B
:1033B0009FFE3223012202A9204602F0BFFD2A46C9
:1033C000322331460546204602F0B8FD012205436E
:1033D00010214FF0904000F08BFE00230393039BDD
:1033E000B3F57A7F47EA0807EDB206D2039B0133B3
:1033F0000393039BB3F57A7FF8D348F68133002219
:1034000010214FF09040ADF8043000F071FE3223EF
:10341000022201A9204602F091FD0122044610215A
:103420004FF0904000F064FE00230293029BB3F53E
:103430007A7F45EA070506D2029B01330293029B7D
:10344000B3F57A7FF8D345EA040006B0BDE8F08111
:103450002DE9F04395B048F68103044600224FF071
:1034600090400D461021ADF84C3000F041FE322363
:10347000022213A9204602F061FD012210214FF023
:10348000904000F035FE00230393039BB3F57A7F51
:1034900006D2039B01330393039BB3F57A7FF8D3E2
:1034A00000230193019BC44A934205D8019B013339
:1034B0000193019B9342F9D981222B788DF84C20FE
:1034C000102100224FF090408DF84D3000F010FE9A
:1034D0003223022213A9204602F030FD01220646C3
:1034E00010214FF0904000F003FE00230993099B48
:1034F000B3F57A7F06D2099B01330993099BB3F593
:103500007A7FF8D3D5ED017ADFEDAC6AB8EE677A51
:103510000022C7EE267A10214FF09040FCEEE77AA9
:1035200017EE908A4FEA18438DF84D3086238DF8B8
:103530004C3000F0DDFD3223022213A9204602F0B8
:10354000FDFC0122814610214FF0904000F0D0FD9B
:1035500000230C930C9BB3F57A7FC8F307275FFA1F
:1035600088F806D20C9B01330C930C9BB3F57A7F41
:10357000F8D38723002210214FF090408DF84D7032
:103580008DF84C3000F0B4FD3223022213A92046FE
:1035900002F0D4FC0122074610214FF0904000F0C9
:1035A000A7FD00230B930B9BB3F57A7F06D20B9BF1
:1035B00001330B930B9BB3F57A7FF8D3882300225A
:1035C00010214FF090408DF84D808DF84C3000F078
:1035D0008FFD3223022213A9204602F0AFFC012204
:1035E000804610214FF0904000F082FD00230A93A6
:1035F0000A9B46EA0906B3F57A7FF6B206D20A9B21
:1036000001330A930A9BB3F57A7FF8D33E436B7C70
:103610008DF84D3048EA0600892300221021C7B2F8
:103620004FF090408DF84C3000F062FD32230222C2
:1036300013A9204602F082FC0122064610214FF019
:10364000904000F055FD00230893089BB3F57A7F66
:1036500006D2089B01330893089BB3F57A7FF8D311
:10366000AB7C8DF84D3000228B2310214FF0904021
:103670008DF84C3000F03CFD3223022213A9204685
:1036800002F05CFC3E43F7B20122064610214FF0E7
:10369000904000F02DFD00230793079BB3F57A7F40
:1036A00006D2079B01330793079BB3F57A7FF8D3C4
:1036B000EB7C8DF84D3000228C2310214FF0904090
:1036C0008DF84C3000F014FD3223022213A920465D
:1036D00002F034FC3E43F7B20122064610214FF0BF
:1036E000904000F005FD00230693069BB3F57A7F1A
:1036F00006D2069B01330693069BB3F57A7FF8D377
:103700002B7D8DF84D3000229D2310214FF09040ED
:103710008DF84C3000F0ECFC3223022213A9204635
:1037200002F00CFC3E43F7B20122064610214FF096
:10373000904000F0DDFC00230593059BB3F57A7FF4
:1037400006D2059B01330593059BB3F57A7FF8D329
:103750006B7D8DF84D3000229E2310214FF090405C
:103760008DF84C3000F0C4FC3223022213A920460D
:1037700002F0E4FB3E43F7B20122064610214FF06F
:10378000904000F0B5FC00230493049BB3F57A7FCE
:1037900006D2049B01330493049BB3F57A7FF8D3DC
:1037A0002B7A3E43F6B2AF2B374609D96B7A702B92
:1037B00040F2FF8004E000BF7F841E002F5D464280
:1037C0009F22EB7D8DF84820102100224FF0904081
:1037D0008DF8493000F08CFC3223022212A92046D9
:1037E00002F0ACFB0122064610214FF0904000F0A1
:1037F0007FFC00231393139BB3F57A7F06D2139BB0
:1038000001331393139BB3F57A7FF8D3EB891B0A2B
:103810008DF845300022A02310214FF090408DF804
:10382000443000F065FC3223022211A9204602F048
:1038300085FB37430122064610214FF0904000F0EF
:1038400057FC00231293129BB3F57A7F06D2129B8A
:1038500001331293129BB3F57A7FF8D3AB7B8DF8CB
:1038600041300022A12310214FF090408DF84030CC
:1038700000F03EFC3223022210A9204602F05EFB3B
:103880003E430122074610214FF0904000F030FCEB
:1038900000231193119BB3F57A7F06D2119B01335C
:1038A0001193119BB3F57A7FF8D32B7E8DF83D30C1
:1038B0000022C02310214FF090408DF83C3000F0E2
:1038C00017FC322302220FA9204602F037FB3E43A9
:1038D0000122074610214FF0904000F009FC002320
:1038E0001093109BB3F57A7F06D2109B013310938F
:1038F000109BB3F57A7FF8D3C1216B7E8DF8381019
:10390000002210214FF090408DF8393000F0F0FB8C
:10391000322302220EA9204602F010FB46EA0705D8
:103920000122102106464FF0904000F0E1FB0023F9
:103930000F930F9BB3F57A7F06D20F9B01330F9342
:103940000F9BB3F57A7FF8D348F68113002210213C
:103950004FF09040ADF8083000F0CAFB322302224D
:1039600002A9204602F0EAFA012210214FF090400D
:1039700000F0BEFB00230E930E9BB3F57A7F45EA61
:10398000060506D20E9B01330E930E9BB3F57A7F8C
:10399000F8D300230293029B1B4A934205D8029B53
:1039A00001330293029B9342F9D9284615B0BDE832
:1039B000F083AB7D8DF84D300022A62310214FF00F
:1039C00090408DF84C3000F093FB322313A9022273
:1039D000204602F0B3FA0122074610214FF0904032
:1039E00000F086FB00230D930D9BB3F57A7F06D282
:1039F0000D9B01330D930D9BB3F57A7FF8D346EA07
:103A00000700C7B2DCE600BF7F841E00F0B547495F
:103A1000474C484A484BA3628DB00025C4E90812C0
:103A20004FF090402A460821CDE90655CDE90855CA
:103A3000CDE90A55059500F05BFB0295029B3F4AD4
:103A4000934205D8029B01330293029B9342F9D91A
:103A5000012208214FF0904000F04AFB002303931D
:103A6000039B364A934205D8039B01330393039B80
:103A70009342F9D9324B334A0A9288218DF81410B7
:103A800006933148099047F2C00102220C23ADF899
:103A90001C108DF81E20ADF822300DF1140CBCE87E
:103AA0000F002A4D276A0FC59CE80700012685E80C
:103AB0000700002210214FF090408DF8076000F0C1
:103AC00017FB322332460DF10701384602F036FA71
:103AD000322332460DF10601384602F0E7FC324649
:103AE00010214FF0904000F003FB00230493049B4F
:103AF000B3F57A7F06D2049B01330493049BB3F59C
:103B00007A7FF8D39DF8063003F07803082B0CBFBA
:103B100000230523237023780BB10DB0F0BD0B49B2
:103B2000206A0DB0BDE8F040FFF792BC48010020CC
:103B3000E0030020C91800085D1900087F841E00FA
:103B40008050DE1972C708FF04FF0B23E403002036
:103B5000DFF834D0FEF702FE0C480D490D4A002371
:103B600002E0D458C4500433C4188C42F9D30A4A32
:103B70000A4C002301E013600432A242FBD31AF086
:103B8000F5F8FEF735F9FEE70000012000000020FF
:103B90004800002048390208480000208C6D0020B1
:103BA000FEE7000038B50F4B1B780BB9012038BD7C
:103BB0000D494FF47A720546B2FBF3F30868B0FB87
:103BC000F3F000F0B9F804460028EFD10F2DEDD83E
:103BD000024629464FF0FF3000F050F8034B2046D4
:103BE0001D6038BD1C0000201800002020000020AF
:103BF00010B5032000F030F80F20FFF7D3FF10B10D
:103C00000124204610BD0446FEF752FD204610BD9B
:103C1000034A044B11681B780B441360704700BFC4
:103C20000C0400201C000020014B1868704700BFE6
:103C30000C04002038B50446FFF7F6FF631C054668
:103C400002D0044B1B781C44FFF7EEFF431BA3423A
:103C5000FAD338BD1C0000200749CA6803024FF69A
:103C6000FF0003F4E0630240134343F0BF6343F4F7
:103C70000033CB60704700BF00ED00E01C4BDB68F9
:103C8000C3F3022300B5C3F1070EBEF1040F03F125
:103C9000040C28BF4FF0040EBCF1060F1BD9033BE8
:103CA0004FF0FF3C0CFA03FC22EA0C024FF0FF3C01
:103CB0000CFA0EFC21EA0C019940002841EA0201AD
:103CC0000CDB00F16040090100F56140C9B280F8E9
:103CD00000135DF804FB00221346E7E7054B00F0F4
:103CE0000F0009010344C9B219765DF804FB00BF57
:103CF00000ED00E0FCEC00E0002807DB044A41098D
:103D0000012300F01F00834042F82130704700BFBC
:103D100000E100E000280CDB4309064900F01F0029
:103D200020330122824041F82320BFF34F8FBFF39D
:103D30006F8F704700E100E00138B0F1807F10D252
:103D400010B44FF0E023084C58614FF0F00C84F8A9
:103D500023C00022072110469A615DF8044B1961C7
:103D600070470120704700BF00ED00E090F825206B
:103D7000022A034606D00422C2630022012083F8EF
:103D8000242070470168426C086820F00E0008602B
:103D9000086820F0010008604FF0010C196C02F077
:103DA0001C020CFA02F24A600022002083F825C0AF
:103DB00083F82420704700BF90F82520022A03D002
:103DC0000422C263012070470168426C10B50C6880
:103DD00024F00E040C600C6824F001040C6002F066
:103DE0001C02046C012101FA02F26260826B80F80D
:103DF0002510002480F8244012B19047204610BDC1
:103E0000104610BD2DE9F04F0C6885B0002C77D01E
:103E10004FF0000C694E63464FF0010B8E460BFAD3
:103E200003F717EA040A65D0DEF8041001F0030274
:103E3000551E012D67D9032A40F0AB8002FA0CF21F
:103E4000D54307683D402A4311F4403F026051D0FA
:103E50005B4D2A6E42F001022A662A6E02F00102D0
:103E60000392039A23F0030202F1804202F58032AA
:103E700003F003054FEA850997680F2505FA09F84D
:103E8000B0F1904F27EA080715D04E4DA84200F038
:103E90008B804D4DA84200F08B804C4DA8427DD0C8
:103EA0004B4DA84213BF07254FF0040808FA09F547
:103EB00005FA09F52F439760B2686FEA0A05CF0249
:103EC00054BF2A404AEA0202B260F2688F0254BF2D
:103ED0002A404AEA0202F26072688F0354BF2A4005
:103EE0004AEA020272603268C90354BF2A404AEAB1
:103EF00002023260013334FA03F20CF1020C8ED16B
:103F000005B0BDE8F08FD0F80890DEF80C504FF007
:103F1000030808FA0CF829EA080905FA0CF545EA3D
:103F2000090585606FEA0805D0F8048028EA0708CB
:103F3000C1F300179F4047EA08074760C76807EAD0
:103F40000508DEF8087007FA0CF747EA0807022AA6
:103F5000C76002FA0CF27FF474AF4FEAD30900EBAA
:103F6000890903F00708D9F820700097DEF810706F
:103F70004FEA880807FA08F701970F2707FA08F8A9
:103F8000009F27EA0808019F47EA0807C9F8207040
:103F900057E7032505FA0CF5ED43CFE74FF003088B
:103FA00008FA09F52F4386E70BFA09F52F4382E754
:103FB0004FF0020808FA09F52F437CE7000401409E
:103FC000001002400004004800080048000C0048AF
:103FD0000010004800297AD02DE9F04F00233C4E14
:103FE000DFF8FCB04FF00F094FF0030A49E05845E5
:103FF00062D0384FB84263D0374FB84264D0374FA1
:10400000B84214BF0727042707FA04F4A44513D1C4
:10401000346824EA0E043460746824EA0E04746080
:10402000F46824EA0E04F460B46824EA0E04B46070
:10403000AC6824EA0804AC6005685C000AFA04F481
:104040004FEAD30C254300EB8C0C056003F0070509
:10405000DCF820E0AD0009FA05F52EEA0505CCF8FC
:104060002050856825EA04058560456825EA020236
:104070004260C26822EA0402C260013331FA03F2EC
:1040800018D001229A4012EA010EF6D023F003055F
:1040900005F1804505F5803503F00304D5F808C027
:1040A000A40009FA04F8B0F1904F08EA0C0C9ED174
:1040B0000024ABE7BDE8F08F012707FA04F4A5E779
:1040C000022707FA04F4A1E70AFA04F49EE770470E
:1040D0000004014000080048000C0048001000489F
:1040E000000400480369194214BF012000207047F2
:1040F0000AB1816170478162704700BF044A51690B
:10410000014200D1704708B55061FDF7CDFB08BDF5
:1041100000040140024A136843F48073136070473F
:1041200000700040B0F5804F084601D000F04CB858
:1041300000F066B8024B186800F4C060704700BF1A
:1041400000700040B0F5007F0ED01C4A136803F4E5
:10415000C063B3F5806F2DD0136823F4C06343F4BC
:10416000806300201360704714490B6803F4C06338
:10417000B3F5007F1ED00B68114A23F4C06343F4EB
:1041800000730B6013680F4A322000FB03F3486989
:10419000A2FB03239B0C400503F1010306D500E0BD
:1041A00023B14A69520503F1FF33F9D4034B5B692C
:1041B0005B0501D400207047032070470070004069
:1041C0001800002083DE1B430B490C4A0B6823F0C8
:1041D00007030B601369012843F00403136108D03F
:1041E00040BF20BF20BF054A136923F004031361B9
:1041F000704730BFF7E700BF0070004000ED00E0FF
:104200000C490D4A0B6823F0070343F001030B60D0
:104210001369012843F00403136108D040BF20BF95
:1042200020BF054A136923F004031361704730BFB0
:10423000F7E700BF0070004000ED00E030B5204D12
:10424000AB6DDB0083B004461CD5FFF773FFB0F500
:10425000007F29D0802C13D82FD0A4F17004B4FA99
:1042600084F4640917490B6823F0070323430B60A8
:10427000086800F00700001B18BF012003B030BD24
:104280000324EFE7AB6D43F08053AB65AB6D03F0F8
:1042900080530193019BFFF74DFFAB6DB0F5007F9D
:1042A00023F08053AB65D5D1802C04D9A02C8CBFD2
:1042B00002240124D6E70024D4E70224D2E700BF79
:1042C0000010024000200240284A9368D26813F090
:1042D0000C0308D00C2B38D0042B34D0082B2448E6
:1042E00018BF00207047214A1168090754BFD2F84F
:1042F000942012681F4954BFC2F30322C2F3031271
:1043000051F8220003B30C2B2DD1184BDB6803F0BE
:104310000303022B25D0164A032B08BF1046134B6C
:10432000D968DA68DB68C3F34163C2F30622C1F3DC
:104330000211013300FB02F201315B00B2FBF1F22A
:10434000B2FBF3F070470C48704702F00302012AF9
:10435000C9D0064BDB6803F00303022B4FF00000CB
:10436000D9D10548DBE70020704700BF00100240AC
:1043700000127A002CE101080024F400002800F06B
:1043800082822DE9F043944A03689568D668044612
:10439000D80683B005F00C0506F003062ED5002DD7
:1043A00000F023810C2D00F01D81A3698A4F002BA2
:1043B00000F093813B6843F001033B60FFF734FC5E
:1043C000804606E0FFF730FCA0EB0800022800F270
:1043D00094813B689B07F5D53B6843F008033B603D
:1043E0003B68226A23F0F00313433B607B68E26979
:1043F00023F47F4343EA02237B602368D90700F15B
:10440000C280990723D5042D00F057810C2D00F0B0
:104410005181E368704E002B00F0D981336843F47A
:1044200080733360FFF700FC074605E0FFF7FCFBF5
:10443000C01B022800F2618133685B05F6D5736802
:10444000226923F0F85343EA026373602368190773
:1044500019D56369604E002B00F01881D6F89430AE
:1044600043F00103C6F89430FFF7DEFB074605E092
:10447000FFF7DAFBC01B022800F23F81D6F8943028
:104480009A07F5D523685E073FD5534B9A6DD00048
:1044900000F19B819A6D42F080529A659B6D03F00A
:1044A00080530193019B01264C4F3B68D90540F195
:1044B000F781A368012B00F09C81052B00F01B8283
:1044C000454FD7F8902022F00102C7F89020D7F886
:1044D000902022F00402C7F89020002B40F0908139
:1044E000FFF7A2FB41F28839804606E0FFF79CFB0C
:1044F000A0EB0800484500F20081D7F890309807FB
:10450000F4D4002E40F0DE812368990618D5636A42
:10451000314E002B00F0A281D6F8983043F0010311
:10452000C6F89830FFF780FB074605E0FFF77CFBF5
:10453000C01B022800F2E180D6F898309A07F5D522
:10454000A36A002B00F03F81022B00F0EF800C2DBE
:1045500000F08C80204C236823F080732360FFF7E9
:1045600063FB054605E0FFF75FFB401B022800F2F6
:10457000C480236813F00073F5D1E168184A0A403B
:104580001846E26073E0082D76D00C2D72D0636877
:10459000B3F5803F00F0B580B3F5A02F00F09E8109
:1045A0000D4F3A6822F480323A603A6822F4802251
:1045B0003A60002B40F0AA80FFF736FB804606E009
:1045C000FFF732FBA0EB0800642800F296803B68FE
:1045D0009803F5D4236814E70010024000700040EF
:1045E000FCFFEEFE012E7FF4E0AEA84B1B6899079E
:1045F00039D4A64B206A1A68120756BFD3F89430F4
:104600001B681B0903F0F003984200F20F819F4BD7
:104610001A6842F008021A601A6822F0F002024397
:104620001A605A68E16922F47F4242EA01225A6024
:10463000002D00F04D81FFF747FE944B944A9B6894
:10464000C3F30313D35C934A03F01F0320FA03F36D
:104650001068914A1360FFF7A5FA40B92368D9079B
:104660007FF5CFAE8FE7A369002BC2D1012003B045
:10467000BDE8F083032E8AD1844A126892037FF545
:10468000C0AE6268002A7FF4BCAEEFE7D6F8943083
:1046900023F00103C6F89430FFF7C6FA074604E09A
:1046A000FFF7C2FAC01B022827D8D6F894309B0720
:1046B000F6D4E7E6022E7FF4ACAE744A12685205D7
:1046C00002D5E268002AD1D0704920694A6822F0F8
:1046D000F85242EA00624A60B9E63B6823F00103FF
:1046E0003B60FFF7A1FA80463B689807B6D5FFF715
:1046F0009BFAA0EB08000228F6D9032003B0BDE81E
:10470000F083624A136843F480331360FFF78CFA36
:10471000DFF87881074604E0FFF786FAC01B6428BB
:10472000EBD8D8F800309B03F6D553E7574EE26A32
:10473000F36803F00301914200F0EB800C2D95D05B
:10474000524D2B685E0191D42B6823F080732B604F
:10475000FFF76AFA064604E0FFF766FA801B0228B4
:10476000CBD82B689801F7D4E9684C4BE26A206BF0
:10477000464E0B401343D4E90D1243EA012343EAAA
:10478000C263D4E90F120138490843EA0013013922
:10479000520843EA4153013A43EA4263EB602B6813
:1047A00043F080732B60EB6843F08073EB60FFF79E
:1047B0003BFA044604E0FFF737FA001B02289CD8B6
:1047C00033689901F7D5002051E700266CE633687D
:1047D00023F480733360FFF727FA074604E0FFF7FE
:1047E00023FAC01B022888D833685805F7D42368F9
:1047F0002DE6264AD2F8903043F00103C2F89030FB
:10480000FFF712FADFF88480074641F2883905E0A5
:10481000FFF70AFAC01B48453FF66FAFD8F8903053
:104820009B07F5D5002E3FF46FAE4BE0FFF706FD7A
:1048300000287FF41BAF154B1A6842F008021A607B
:104840001A68216A22F0F0020A431A605A68E16984
:1048500022F47F4242EA01225A60ECE6D6F8983010
:1048600023F00103C6F89830FFF7DEF9074605E0AC
:10487000FFF7DAF9C01B02283FF63FAFD6F89830B1
:104880009B07F5D45CE60120704700BF0010024092
:1048900014E1010820000020180000208C809D01F8
:1048A0003B6843F480733B60FFF7BEF980463B688A
:1048B000DA053FF5FEADFFF7B7F9A0EB08000228D7
:1048C000F5D91AE7344A936D23F0805393651BE6BC
:1048D000FFF7B4FC00283FF4AEAEC7E603F1804317
:1048E000A3F53C331A6842F480221A601A6842F435
:1048F00080321A600AE7284BD3F8902042F0040275
:10490000C3F89020D3F8902042F00102C3F8902021
:1049100076E7216B03F070020139B2EB011F7FF4DF
:104920000DAF616B03F4FE42B2EB012F7FF406AFD3
:10493000A16B03F07842B2EBC16F7FF4FFAEE26B84
:10494000520803F4C001013AB1EB425F7FF4F6AEC6
:10495000226C520803F0C063013AB3EB426F7FF45C
:10496000EDAE33689A013FF52EAF336843F08073A4
:104970003360F36843F08073F360FFF755F9044642
:1049800005E0FFF751F9001B02283FF6B6AE336889
:104990009B01F6D517E700BF00100240002800F089
:1049A0009F80534A136803F007038B422DE9F041BF
:1049B0000D4604460CD2136823F007030B43136023
:1049C000136803F007038B4202D00120BDE8F08199
:1049D00023689E0771D54748A168826802F0F002FB
:1049E000914204D9826822F0F0020A438260DA0719
:1049F00026D562683F4B032A1B6865D0022A6CD01B
:104A0000002A71D19B07E0D53A4EB36823F0030327
:104A10001343B360FFF708F941F28838074604E012
:104A2000FFF702F9C01B40455CD8B368626803F029
:104A30000C03B3EB820FF3D123689E0706D5A16860
:104A40002C48826802F0F0028A4240D828490A685D
:104A500002F00702AA4209D90A6822F007022A4393
:104A60000A600A6802F00702AA42AED15D0706D5C5
:104A70002049E0688A6822F4E06202438A601807ED
:104A800007D51C4A2169936823F4605343EAC103A4
:104A90009360FFF719FC174A174C92681749C2F345
:104AA00003120346A25C164802F01F02D340BDE881
:104AB000F04100680B60FFF775B8D907C6D562688A
:104AC0000C4B032A1B6899D198019DD47DE782681D
:104AD00022F0F0020A438260B8E7990394D474E7A5
:104AE00001207047032071E75F057FF56EAF8BE70C
:104AF000002002400010024014E1010818000020CC
:104B000020000020054B064A9B680649C3F3022398
:104B10000868D35C03F01F03D840704700100240C0
:104B200024E1010818000020054B064A9B6806494D
:104B3000C3F3C2230868D35C03F01F03D840704757
:104B40000010024024E1010818000020F8B5474B8E
:104B5000DA68920704460F4607D0DA68016802F067
:104B600003028A424BD00120F8BD0068022857D0CA
:104B700003284ED00128F6D11B689B07F4D53B498A
:104B80006268CB6823F073030343013A43EA0213DC
:104B9000CB60364D2B6823F080632B60FFF744F821
:104BA000064604E0FFF740F8831B022B3CD82B6835
:104BB0001A01F7D4002F39D1D4E902132A69DB0690
:104BC00022F0784243EA012322F4FE4213432B6190
:104BD000264D2B6843F080632B60FFF725F80646CF
:104BE00004E0FFF721F8831B022B1DD82B681B0163
:104BF000F7D52B69A269134300202B61F8BD002A69
:104C0000B1D0DB684268C3F3021301339342AAD1E7
:104C1000BFE71A689503B2D41B685903A3D5AEE762
:104C20001B685E059FD5AAE70320F8BD012F2B69FD
:104C30000DD06269A16823F0C063520823F4FE43DB
:104C4000013A43EA012343EA42632B61C0E7226948
:104C5000A16823F4C003520823F4FE43013A43EA57
:104C6000012343EA42532B61B2E700BF0010024028
:104C70002DE9F043036813F4006783B004460CD0B9
:104C8000416CB1F5000F00F01281B1F5400F00F05A
:104C90001381002900F026810127990359D5A54BDE
:104CA0009A6DD20040F1F7804FF00008A24D2B68BA
:104CB00043F480732B60FEF7B7FF064605E0FEF76E
:104CC000B3FF831B022B00F201812B68DB05F6D5B5
:104CD000B7BB984DD5F8903013F4407327D0A26D30
:104CE0009A4225D0D5F89010D5F8903043F480330F
:104CF000C5F89030D5F8903023F48033C5F8903063
:104D0000CE0721F44073C5F8903040F11081FEF7D2
:104D10008BFF41F28839064605E0FEF785FF801BD0
:104D2000484500F2D380D5F890309807F5D5A36DAB
:104D30008049D1F8902022F440721343C1F890309A
:104D4000B8F1000F04D07B4A936D23F08053936534
:104D50002368D90708D57749206AD1F8882022F03E
:104D600003020243C1F888209A0708D57149606A96
:104D7000D1F8882022F00C020243C1F888205E0797
:104D800008D56C49A06AD1F8882022F0300202438D
:104D9000C1F888209D0608D56649E06AD1F88820C8
:104DA00022F440620243C1F88820980508D5614981
:104DB000E06BD1F8882022F440220243C1F8882019
:104DC000590508D55B49206CD1F8882022F440129F
:104DD0000243C1F888205A0608D55649206BD1F8FD
:104DE000882022F440520243C1F888201E0608D5CC
:104DF0005049606BD1F8882022F440420243C1F848
:104E00008820DD0508D54B49A06BD1F8882022F415
:104E100040320243C1F8882018030ED54549A06CE2
:104E2000D1F8882022F040620243B0F1006FC1F84F
:104E300088204DD0B0F1806F64D059030ED53D4924
:104E4000E06CD1F8882022F040620243B0F1006F9C
:104E5000C1F8882041D0B0F1806F5CD05A040BD5E6
:104E60003448216DD0F8882022F040520A43B1F135
:104E7000805FC0F888203CD01B0408D52D4A616DA6
:104E8000D2F8883023F080430B43C2F8883038468C
:104E900003B0BDE8F0839A6D42F080529A659B6D35
:104EA00003F080530193019B4FF00108FEE6214877
:104EB000C26842F48032C2601E48D0F8882022F4D2
:104EC00040020A43C0F888200027E6E6032737E7B8
:104ED000CA6842F48012CA60AFE7CA6842F480121E
:104EE000CA60BBE70430FFF731FE0746E0B1236834
:104EF000D3E60221201DFFF729FE23680028BBD03E
:104F00000746B9E70121201DFFF720FE236800288E
:104F100093D0074691E70121201DFFF717FE236874
:104F200000289BD0074699E7616C2368C4E71346C5
:104F3000FEE600BF001002400070004038B5204B74
:104F4000DA6822F08002DA609A689106044612D488
:104F500003681C4ADA60FEF767FE054605E0FEF7C7
:104F600063FE431BB3F57A7F25D82368DB689A0676
:104F7000F5D5002038BD9A680168124822F0200259
:104F80009A60C860FEF750FE054605E0FEF74CFE4D
:104F9000431BB3F57A7F0AD82368DB689B06F5D5F7
:104FA0000020074A936843F02003936038BD032034
:104FB00084F82100F5E7032084F8210038BD00BF04
:104FC000002800405FFF030000284AD038B590F861
:104FD0002130044603F0FF02002B3DD0022223685B
:104FE00084F82120DA68D00604D5012384F8213022
:104FF000002038BDCA21532259625A62DA6851062C
:1050000031D599686268256921F4E00121F04001F9
:105010009960A16998682A430A430243E1689A604B
:1050200019611A69A16842EA01421A612046FFF734
:1050300085FF236848BBD96C6069E26921F00301F0
:10504000D964D96C02430A43FF21DA64596201230F
:1050500084F821300020CCE780F82020FDF7A2F969
:10506000BCE7012070474FF0FF32DA60FEF7DCFD4D
:10507000054605E0FEF7D8FD401BB0F57A7F07D85E
:105080002368DA685206BCD4F4E7FF225A6238BDBE
:105090002368032284F82120DB68C7E790F82030DA
:1050A000012B00F044822DE9F0471646012280F8DA
:1050B00020200368022280F82120CA225A6253224B
:1050C0005A62DA680D465106044640F11382996827
:1050D000002E40F02E8211F0400118BFE9782878A8
:1050E0000CBFEE708905092840F2AE80DA4AA0F1C3
:1050F0000A0C5FFA8CF7A2FB072E4FEADE0E4F2F49
:105100000EF1010E4FF0000257D9A0F1280767F306
:105110000702A0F1320767F30F22A0F13C0767F303
:105120001742A0F1460767F31F6202F07F3782F053
:10513000B03882F0F63C08F0803207F1303882EA6D
:1051400008024FEADE080CF0803C07F17637B8F130
:10515000010F8CEA070C00F01B8202F07F3C82F00A
:10516000B03782F0F6320CF1303907F0803702F0B8
:1051700080320CF1763CB8F1030F87EA090782EA26
:105180000C0C40F0138287F0F63C07F07F3707F1F4
:1051900076370CF0803C8CEA070C18270EF03802AA
:1051A000C2EB4218C2EB880800EB480096454FEA74
:1051B0001C6CC0B244D0A0F10A0C5FFA8CFCBCF1AC
:1051C000090F02F101073BD9A0F1140C5FFA8CFC26
:1051D000BCF1090F02F1020732D9A0F11E0C5FFAEF
:1051E0008CFCBCF1090F02F1030729D9A0F1280CAE
:1051F0005FFA8CFCBCF1090F02F1040720D9A0F181
:10520000320C5FFA8CFCBCF1090F02F1050717D9CB
:10521000A0F13C0C5FFA8CFCBCF1090F02F106070F
:105220000ED9A0F1460C5FFA8CFCBCF1090F02F11B
:10523000070705D9A0F1500C02F108075FFA8CFCB2
:105240004CEA071C5FFA8CF095F801C0BCF1090F1D
:105250004FEA004040F2A1807F4FACF10A025FFAB2
:1052600082FEA7FB0E87FF08BEF14F0F07F1010773
:1052700040F29E81ACF1280E00226EF30702ACF1E1
:10528000320E6EF30F22ACF13C0E6EF31742ACF10E
:10529000460E6EF31F6202F07F3882F0B03E82F05D
:1052A000F63208F1303902F0803208F1763882EABD
:1052B00008024FEAD7080EF0803EB8F1010F8EEADF
:1052C000090E00F06A810EF07F398EF0B03A8EF050
:1052D000F63202F080320AF0803EB8F1030F09F195
:1052E000303A09F176398EEA0A0E82EA090240F074
:1052F0005A810EF07F328EF0F63E02F176320EF0D9
:10530000803E82EA0E024FF0180807F0380ECEEB0E
:105310004E19CEEB89090CEB490CBE454FEA1262DF
:105320005FFA8CFC35D0ACF10A02D2B2092A0EF138
:1053300001082ED9ACF11402D2B2092A0EF10208EA
:1053400027D9ACF11E02D2B2092A0EF1030820D9E6
:10535000ACF12802D2B2092A0EF1040819D9ACF135
:105360003202D2B2092A0EF1050812D9ACF13C0280
:10537000D2B2092A0EF106080BD9ACF14602D2B21C
:10538000092A0EF1070804D9ACF150020EF1080801
:10539000D2B242EA08125FFA82FCAF78092F4FEAD4
:1053A0000C2C40F2A1802C4AA7F10A085FFA88F978
:1053B000A2FB092E4FEADE0EB9F14F0F0EF1010EDE
:1053C0005AD9A7F12802002662F30706A7F1320294
:1053D00062F30F26A7F13C0262F31746A7F14602DB
:1053E00062F31F6606F07F3886F0B03208F130397C
:1053F00002F0803286F0F63682EA09024FEADE09D0
:1054000006F0803608F17638B9F1010F86EA080611
:1054100000F0C08002F07F3A82F0B03882F0F632BD
:1054200002F0803608F080380AF13032B9F1030F0B
:105430000AF1763A88EA020886EA0A0640F0B08065
:1054400088F0F63208F07F3602F0803206F17636C8
:1054500056404FF0180801E0CDCCCCCC320E0EF007
:105460003806C6EB4619C6EB890907EB49077645AE
:10547000FFB236D0A7F10A085FFA88F2092A06F1CE
:1054800001082ED9A7F11402D2B2092A06F10208A6
:1054900027D9A7F11E02D2B2092A06F1030820D9A2
:1054A000A7F12802D2B2092A06F1040819D9A7F1F6
:1054B0003202D2B2092A06F1050812D9A7F13C023C
:1054C000D2B2092A06F106080BD9A7F14602D2B2D8
:1054D000092A06F1070804D9A7F1500206F10808C5
:1054E000D2B242EA0812D7B240EA010242EA0C0202
:1054F0003A432EE04FF0FF32DA60FEF795FB0746A5
:105500002368DA6852063FF5E2ADFEF78DFBC01B5B
:10551000B0F57A7FF4D92368032084F82100FF22B4
:10552000D9685A62002384F82030BDE8F087022051
:1055300070476A78287811F040014FEA022214BFC0
:10554000E978E97042EA0042A87818BF8905024369
:105550000A4302F07F3222F0FE421A6099682869FD
:10556000EA6821F480219960996802430A439A60AD
:105570002046FFF7E3FC2368FF225A620028D1D1BE
:10558000012384F82130002384F82030BDE8F0871F
:10559000082703E64FF0080860E74FF00808B4E674
:1055A0004FF010085AE74FF01008AEE61027F5E567
:1055B0004FF0000EB9E600BF90F82030012B00F04C
:1055C0004C822DE9F04104460223012084F820009A
:1055D00084F8213032B34B78CD7888780A781B0272
:1055E00043EA0543034343EA42362368CA21532270
:1055F00059625A62DA68510640F1058226F07F4608
:1056000026F0C0065E602046FFF798FC2368FF2264
:105610005A6210B9012384F82130002384F8203025
:10562000BDE8F0814878C50640F10A8291F803C0D0
:1056300020F010000A30C0B2BCF1090F487040F2EF
:105640001482D04DACF10A03DEB2A5FB0675ED085D
:105650004F2E05F1010540F20B82ACF12806002324
:1056600066F30703ACF1320666F30F23ACF13C0698
:1056700066F31743ACF1460666F31F6303F07F360B
:1056800083F0B03E06F130370EF0803E83F0F63303
:105690008EEA070EEF0803F0803306F17636012F0D
:1056A00083EA060300F0DF810EF07F338EF0B03620
:1056B0008EF0F63E03F1303806F080360EF0803E74
:1056C00003F17633032F86EA08068EEA030340F0DF
:1056D000BE8186F0F63306F07F3606F1763603F0AB
:1056E00080337340182605F0380ECEEB4E17CEEB04
:1056F00087070CEB470775454FEA13635FFA87FC92
:1057000035D0ACF10A03DBB2092B0EF101062ED91C
:10571000ACF11403DBB2092B0EF1020627D9ACF170
:105720001E03DBB2092B0EF1030620D9ACF12803CE
:10573000DBB2092B0EF1040619D9ACF13203DBB24E
:10574000092B0EF1050612D9ACF13C03DBB2092B93
:105750000EF106060BD9ACF14603DBB2092B0EF1B4
:10576000070604D9ACF150030EF10806DBB243EA98
:1057700006135FFA83FC09284FEA0C4C40F298802C
:10578000804DA0F10A03DEB2A5FB0675ED084F2E91
:1057900005F1010540F26F81A0F12806002366F3B0
:1057A0000703A0F1320666F30F23A0F13C0666F36F
:1057B0001743A0F1460666F31F6303F07F3683F0BC
:1057C000B03E06F130370EF0803E83F0F6338EEABD
:1057D000070EEF0803F0803306F17636012F83EAD7
:1057E000060300F03E810EF07F338EF0B0368EF06F
:1057F000F63E03F1303806F080360EF0803E03F1BD
:105800007633032F86EA08068EEA030340F02381ED
:1058100006F07F3386F0F63606F0803603F17633F5
:105820007340182605F0380ECEEB4E17CEEB8707E7
:1058300000EB470075454FEA1363C0B235D0A0F1C5
:105840000A03DBB2092B0EF101062ED9A0F11403D5
:10585000DBB2092B0EF1020627D9A0F11E03DBB241
:10586000092B0EF1030620D9A0F12803DBB2092B86
:105870000EF1040619D9A0F13203DBB2092B0EF1A7
:10588000050612D9A0F13C03DBB2092B0EF1060686
:105890000BD9A0F14603DBB2092B0EF1070604D9A0
:1058A000A0F150030EF10806DBB243EA0613D8B2AA
:1058B00091F802E0BEF1090F4FEA002040F29C800F
:1058C000304DAEF10A03DEB2A5FB0675ED084F2E92
:1058D00005F1010558D9AEF12802002362F3070350
:1058E000AEF1320262F30F23AEF13C0262F31743D2
:1058F000AEF1460262F31F6303F07F3683F0B032ED
:1059000006F1303702F0803283F0F6337A40EF0848
:1059100003F0803306F17636012F83EA060300F0A8
:105920009E8002F07F3382F0B03682F0F63203F1CF
:10593000303806F0803602F0803203F17633032FE0
:1059400086EA080683EA020340F0838086F0F63395
:1059500006F07F3606F1763603F080337340182662
:1059600005F03802C2EB4217C2EB87070EEB470780
:10597000AA424FEA13635FFA87FE39D0AEF10A03F9
:1059800002E000BFCDCCCCCCDBB2092B02F101068A
:105990002ED9AEF11403DBB2092B02F1020627D98E
:1059A000AEF11E03DBB2092B02F1030620D9AEF1E2
:1059B0002803DBB2092B02F1040619D9AEF1320338
:1059C000DBB2092B02F1050612D9AEF13C03DBB2C2
:1059D000092B02F106060BD9AEF14603DBB2092B07
:1059E00002F1070604D9AEF1500302F10806DBB25A
:1059F00043EA06135FFA83FE0B784CEA4333034312
:105A000043EA0E06F1E54FF0FF32DA60FEF70CF9DB
:105A100005462368DA6852063FF5F0ADFEF704F953
:105A2000401BB0F57A7FF4D92368032084F8210065
:105A3000FF22D9685A62002384F82030BDE8F08143
:105A400091F803C0BCF1090F3FF6FBAD93E61026B9
:105A500049E6102684E71026E4E60220704708266F
:105A60007EE70826DEE608263DE64FEA0C4C87E690
:105A70004FF0000E47E64FF0000EE2E690F82030BF
:105A8000012B57D02DE9F0411646012280F8202045
:105A90000368022280F82120CA225A6253225A62E5
:105AA0009A6822F480629A60DA68D2B262F49062F4
:105AB000DA60DA68520604460F4621D55F619A68BB
:105AC0001D4922F0070232439A600A6842F48012AC
:105AD0000A608A6842F480128A609A6842F48042BE
:105AE0009A609A6842F480629A600025FF21012240
:105AF000596284F8212084F820502846BDE8F081BE
:105B0000FEF792F880462368DD6815F00405D5D1CC
:105B1000FEF78AF8A0EB0800B0F57A7FF3D9226887
:105B20000323FF21516284F8213084F82050184665
:105B3000BDE8F081022070470004014090F8203059
:105B4000012B37D070B505460368022285F8212065
:105B50000120CA21532285F8200059625A629A68AE
:105B600022F480629A609A6822F480429A60FEF77A
:105B70005BF8064605E0FEF757F8831BB3F57A7F1E
:105B80000ED82A68D46814F00404F4D00023FF204F
:105B90000121506285F8211085F82030184670BD2B
:105BA0002A680323FF21516285F8213085F82040BF
:105BB000184670BD022070470C4A03684FF48011EC
:105BC00010B55161DA685205044603D4012384F804
:105BD000213010BDDA68D2B262F49062DA60FBF76D
:105BE00061FE012384F8213010BD00BF0004014094
:105BF0002DE9F04182B0002317460D468DF80330A1
:105C00000646FEF711F82F443F1AFEF70DF8314B08
:105C100034681B6803EB8303C3EBC3031B0D07FB53
:105C200003F3804601932246691C936810D113F454
:105C3000C06F09D0237BDBB28DF803309DF80330B1
:105C4000936813F4C06FF5D1002002B0BDE8F08175
:105C500013F4C06FF8D0237BDBB28DF803309DF8CE
:105C60000330FDF7E1FFA0EB0800B84209D2019B29
:105C70003268002B019B03F1FF3308BF002701931B
:105C8000D2E7D6E900315A68B1F5827F22F0E0020E
:105C90005A6013D0B26AB2F5005F07D11A6822F4D5
:105CA00000521A601A6842F400521A60012200235E
:105CB00086F85D2086F85C300320C6E7B268B2F54E
:105CC000004F02D0B2F5806FE4D11A6822F0400292
:105CD0001A60DFE7180000202DE9F04F85B000239F
:105CE0008DF8073001EB02090E4617460546FDF711
:105CF0009BFFDFF82081A9EB000AFDF795FFD8F89C
:105D0000003003EB8303C3EBC3031B0D0AFB03F358
:105D100083460293701C2C6820D1A36813F4C05FE3
:105D2000FBD1FDF781FFA9EB0009FDF77DFFD8F856
:105D30000030C3F3CB3309FB03F380460393711C9C
:105D40002C681FD1A3681A06FCD43A46314628466F
:105D5000FFF74EFF48BB05B0BDE8F08FA36813F412
:105D6000C05FDED0FDF760FFA0EB0B00504522D2F4
:105D7000029A029B002A03F1FF3308BF4FF0000A8A
:105D80000293C7E7A3681B06DFD5FDF74DFFA0EB25
:105D9000080048450FD2039A039B002A03F1FF3302
:105DA00008BF4FF000090393C9E72B6E43F02003AF
:105DB00003202B66CFE7D5E900315A68B1F5827F21
:105DC00022F0E0025A6019D0AA6AB2F5005F07D14A
:105DD0001A6822F400521A601A6842F400521A60DB
:105DE000012385F85D302B6E002243F02003032051
:105DF00085F85C202B6605B0BDE8F08FAA68B2F587
:105E0000004F02D0B2F5806FDED11A6822F0400256
:105E10001A60D9E718000020002874D02DE9F0415D
:105E20000446406A002855D00023C4E9043394F89E
:105E30005D300022A26203F0FF02002B56D02168E1
:105E4000E768022384F85D300A68B7F5E06F22F056
:105E500040020A6044D9B7F5706F56D1A56A4FF079
:105E6000000C05F400556268A368A66903F40443B6
:105E700002F482721A43236903F002031343626936
:105E800002F001021A43636B07F4706703F0080322
:105E900043EA070EE36903F03808236A03F080073A
:105EA00006F40073134343EA08033B43360C2B43C9
:105EB00006F004060B6000F010004EEA06030343F0
:105EC00043EA0C034B6000200123206684F85D3018
:105ED000BDE8F0816368B3F5827FA8D0E061A6E7F2
:105EE0000BD04FF4805C0025A562BCE7204684F807
:105EF0005C20FCF7FDFA606AA1E7A56A4FF4805CBC
:105F000005F40055AFE7012070474FF0000CEAE7B9
:105F100090B10268022310B580F85D30136823F059
:105F2000400304461360FCF77FFB0020206684F8E2
:105F30005C0084F85D0010BD012070472DE9F0433E
:105F4000044690F85C00012883B07AD01D460123F6
:105F500084F85C3089469046FDF766FE94F85D3023
:105F6000012B0646DFB207D002270023384684F80B
:105F70005C3003B0BDE8F083B9F1000FF5D0B8F1A3
:105F8000000FF2D0A268C4F8389000230321B2F5C4
:105F9000004F84F85D10C4E9133323662268A4F827
:105FA0003E80A4F83C802364A4F84430A4F8463032
:105FB00070D013685906104603D4136843F04003A9
:105FC0001360E368B3F5E06F63683FD9002B00F01E
:105FD000A480B8F1010F00F0A080E38F9BB2BBB1A9
:105FE0006B1C40F08D809368990740F1AE80A36BE5
:105FF00033F8021BD160B4F83EC0A3630CF1FF3C40
:106000001FFA8CFCA4F83EC0E38F9BB2002BEAD1B0
:10601000324629462046FFF75FFE08B1202323665B
:10602000A36833B922680193D368019393680193FD
:10603000019B236E002B98D1012284F85D201F461E
:1060400093E70227384603B0BDE8F083002B6ED0FB
:10605000B8F1010F6BD0E38F9BB2002BD8D0681C36
:1060600011D02CE0E38F9BB2012B77D9A16B31F8D3
:10607000023BD360E38FA163023B9BB2E387E18FD6
:1060800089B20029C4D0226893689907EAD4FDF741
:10609000CBFDF4E7136823F040031360136843F467
:1060A0008043136085E732F8021BD960E38FA26357
:1060B000023B9BB2E387E38F9BB2002BA8D02368FF
:1060C0009A68920760D5E28F92B2012AA26BEAD851
:1060D00012781A73E38FA26B013B01329BB2A26369
:1060E000E387E8E7A26B32F8023BC360E38FA26369
:1060F000013B9BB2E387E38F9BB2002B88D02068E3
:1061000083689B07EED4FDF78FFD801BA842F2D376
:10611000012384F85D30032727E7494631F8023B25
:10612000D360E38FA163013B9BB2E38755E7E38F25
:106130009BB2012B1DD9494631F8023BD360E38F56
:10614000A163023B9BB2E38785E7FDF76DFDE38F1B
:106150009BB2002B3FF45CAF226844E7A36B1B7833
:106160001373E38FA26B013B01329BB2A263E387FF
:1061700085E799F800301373A36B0133A363E38FB2
:10618000013B9BB2E38766E7FDF74EFD801BA8420B
:1061900091D3BDE72DE9F843044690F85C00089ED2
:1061A000012800F0F2801F46012384F85C30894604
:1061B0009046FDF739FD054694F85D0063680128B7
:1061C000C1B20DD0B3F5827F05D00220002384F840
:1061D0005C30BDE8F883A268002AF6D10429F4D126
:1061E000B9F1000F00F0CF80B8F1000F00F0CB80C4
:1061F000002F00F0C88094F85D20E168C4F840806A
:10620000042A1CBF052284F85D2000222266C4E90E
:1062100013222268A4F84670B1F5E06FE787516851
:10622000A4F84470C4F83890A78756D8012F00F01E
:106230002A8121F4805151601168490600F1E980FA
:10624000116841F040011160002B00F0E580012F42
:1062500000F0E2800127E38F9BB22BB9B4F84630FF
:106260009BB2002B00F0848022689368990705D5C3
:10627000E38F9BB213B1002F40F0EA80936813F0D4
:1062800001031ED0B4F8461089B2D1B1B4F846105B
:1062900089B2012940F2CE80216CD06821F8020B2E
:1062A0002164B4F84610023989B2A4F84610B4F853
:1062B000461089B201291F4603D8536843F480531E
:1062C0005360FDF7B1FC431BB342C4D3731CC2D06F
:1062D000012384F85D30032078E721F48051516078
:1062E0001168480603D4116841F040011160002B89
:1062F00069D1494631F8023BD360E38FA163013B8A
:106300009BB2E387721C4FF0010728D052E022684D
:1063100093689B070DD5E38F9BB253B14FB1A16B2F
:1063200031F8023BD360E38FA163013B9BB20027AE
:10633000E387936813F001030FD0B4F8461089B2D5
:1063400059B1D168226C22F8021B1F46B4F84630BE
:106350002264013B9BB2A4F84630FDF765FCE38F55
:106360009BB2002BD3D1B4F846309BB2002BCED1D8
:106370002A4631462046FFF7AFFC10B120232366A2
:106380000120236EDBB1012020E70220BDE8F88365
:10639000B4F846309BB2002BEAD022689368980785
:1063A00026D4936813F0010310D1FDF73DFC401B88
:1063B000B0428DD2E38F9BB2002BEED1E8E70123F0
:1063C00084F85D3002E7012F9CD192E7B4F84610C3
:1063D00089B20029E9D0D168226C22F8021B1F463D
:1063E000B4F846302264013B9BB2A4F84630DCE7A7
:1063F000E38F9BB2002BD4D0002FD2D0A36B33F805
:10640000021BD160A363E38F013B9BB20027E387AC
:10641000C7E7002B7FF41EAFE38F9BB2012B3AD965
:10642000494631F8023BD360E38FA163023B9BB244
:10643000E3870FE71F46236C127B1A70236C01332E
:106440002364B4F84630013B9BB2A4F8463038E7E9
:10645000E38F9BB2012BA36B09D933F8021BD160E8
:10646000A363E38F023B9BB20027E38706E71B7819
:106470001373E38FA26B013B01329BB2A263E387EC
:1064800022680027FAE641F48051516011684906FC
:106490007FF5D6AEC0E799F800301373E38FA26B97
:1064A000013B01329BB2A263E387D3E62DE9F043BF
:1064B00090F85D60012E85B0044640F08D801D4649
:1064C0004368B3F5827F91468846F7B200F08C802E
:1064D00094F85C30012B00F0CB80012384F85C3011
:1064E000FDF7A2FB0646B8F1000F76D0B9F1000F18
:1064F00073D00422002384F85D2022682366E168BB
:10650000A4F84690E387C4E91333A363A3875368D1
:10651000C4F84080B1F5E06F8CBF23F4805343F49E
:106520008053A4F844905360A068B0F5004F134620
:1065300007D1106820F040001060106820F48040FF
:1065400010601068400603D4106840F040001060EE
:10655000B1F5E06F40F29180B4F8461089B2A1B174
:10656000691C60D19368DB0766D5236CD16823F87A
:10657000021BB4F846102364013989B2A4F846100E
:10658000B4F846309BB2002BECD16368B3F5827F40
:1065900000F0B980FDF748FB05EB0608A8EB000802
:1065A000FDF742FB7F4B1B68C3F3CB3308FB03F3C0
:1065B00081460393691C236847D199680A06FCD475
:1065C0006368B3F5827F00F0AC80236E2BB90122A3
:1065D00084F85D201F4600E00227002384F85C3029
:1065E000384605B0BDE8F0838368002B7FF470AFB8
:1065F00000950425134680F85D500A46FFF7CAFD52
:106600000746EDE7226CDB6822F8023BB4F846301F
:106610002264013B9BB2A4F84630B4F846309BB2EA
:10662000002BB2D023689A68D007EBD4FDF7FCFAB0
:10663000801BA842F1D361E0FDF7F6FAB4F84630CA
:106640009BB2002BA1D022688CE79B681B06B7D5B4
:10665000FDF7EAFAA0EB0900404579D2039A039BC3
:10666000002A03F1FF3308BF4FF000080393A1E7AE
:106670000227384605B0BDE8F083B4F8462092B250
:10668000002A82D0681C13D030E0226C1B7B137070
:10669000B4F84610226C013989B2A4F84610B4F857
:1066A000463001329BB22264002B3FF46EAF236868
:1066B0009A68D107E9D4FDF7B7FAB4F846309BB22F
:1066C000002BF4D161E7226C1B7B1370B4F84630C9
:1066D000226C013B01329BB22264A4F84630B4F82C
:1066E00046309BB2002B3FF450AF23689A68D20724
:1066F000E9D4FDF799FA801BA842F0D3012384F86E
:106700005D30032769E7A368B3F5004F03D0B3F505
:10671000806F7FF43FAF2268136823F0400313605B
:1067200038E7A368B3F5004F03D0B3F5806F7FF46B
:106730004CAF324629462046FFF75AFA00283FF46C
:1067400044AF236E43F020032366202323663CE7F7
:10675000D4E900315A68B1F5827F22F0E0025A6034
:1067600013D0A26AB2F5005F07D11A6822F4005272
:106770001A601A6842F400521A60012384F85D30EE
:10678000236E43F020032366DFE7A268B2F5004FD3
:1067900002D0B2F5806FE4D11A6822F040021A608C
:1067A000DFE700BF18000020002870D010B590F877
:1067B0003D30044603F0FF02002B47D022683549E4
:1067C000022384F83D308A42136844D0B2F1804FEE
:1067D0004BD001F5A0518A420DD001F580618A426B
:1067E00009D0A069E16823F0800303431360636864
:1067F000D16293620EE02069A16923F440730343E0
:1068000023F080030B431360E368D36263689362F1
:10681000636913630123536184F8483084F83E3080
:1068200084F83F3084F8403084F8413084F84230B6
:1068300084F8433084F8443084F8453084F8463096
:1068400084F8473084F83D30002010BD80F83C20AB
:10685000FCF72EF8B2E7A068216923F07003034328
:1068600023F440730B43A169CAE7A068216923F0B0
:106870007003034323F440730B43A16923F08003A7
:106880000B431360E368D36263689362C2E701203D
:10689000704700BF002C01400222036810B580F849
:1068A0003D20196A41F211121142044608D1196AB9
:1068B00040F24442114203D11A6822F001021A60E8
:1068C0002046FCF74BF8002084F8480084F83C0090
:1068D00084F83E0084F83F0084F8400084F84100CA
:1068E00084F8420084F8430084F8440084F84500AA
:1068F00084F8460084F8470084F83D0010BD00BFCE
:1069000090F83D30012B16D103681149022280F81E
:106910003D20DA688B4242F00102DA600DD0B3F11B
:10692000804F0AD00B4A934207D01A6842F0010206
:1069300000201A607047012070479968064A0A4093
:10694000062A02D0B2F5803FEFD10020704700BF89
:10695000002C014000400140070001000368DA6894
:1069600022F00102DA601A6A41F211110A4208D1DA
:10697000196A40F24442114203D11A6822F001021E
:106980001A60012380F83D300020704790F83C30B9
:10699000012B73D0024630B40223046882F83D30E4
:1069A000012082F83C00A5684F4B2B40A3600B6888
:1069B000602B65D024D8402B7CD04BD9502B17D1DD
:1069C0004B68CD68216A21F00A011943236A23F03C
:1069D00001032362A36923F0F00343EA0513A361D3
:1069E0002162A36823F0700343F057030020A360E3
:1069F0000121002382F83D1082F83C3030BC704702
:106A0000B3F5805F38D0B3F5005F10D1D1E9015301
:106A1000A0682B43CD6820F47F4143EA05230B4354
:106A2000A360A36843F480430020A360E0E7702BD9
:106A3000DED1D1E90153A0682B43CD6820F47F411A
:106A400043EA05230B43A360A36843F077030020C8
:106A5000A360CDE7202B02D00AD9302BC8D1A16882
:106A600021F070010B4343F007030020A360BFE750
:106A700033F01001BCD1F2E70020B9E702207047E3
:106A8000236A4868CD68216A21F010012162A1695A
:106A900023F0A00321F4704143EA001341EA0531D9
:106AA000A1612362A36823F0700343F06703002011
:106AB000A3609DE74B68CD68216A21F00A01194364
:106AC000236A23F001032362A36923F0F00343EA5E
:106AD0000513A3612162A36823F0700343F0470309
:106AE0000020A36084E700BF8800FEFF704700BF5E
:106AF000704700BF704700BF704700BF036870B5A4
:106B0000DE681C69A107054601D5B20754D46207A7
:106B100001D573073DD4200701D5310727D4E306FB
:106B200001D5F00610D4E10701D5F20762D423069F
:106B300052D5300666D4600601D5710673D4A2061C
:106B400001D5B3064DD470BD2B686FF010021A61E9
:106B500008222A77DB6913F4407F284674D1FFF7B7
:106B6000C5FF2846FFF7C6FF00232B77DBE72B681E
:106B70006FF008021A6104222A77DB699A07284617
:106B80005FD1FFF7B3FF2846FFF7B4FF00232B7751
:106B9000C5E72B686FF004021A6102222A779B690D
:106BA00013F4407F284649D1FFF7A0FF2846FFF79E
:106BB000A1FF00232B77AEE76FF002021A610122DA
:106BC00002779B69990736D1FFF790FF2846FFF7B8
:106BD00091FF00232B779AE7E205ACD533061AD450
:106BE000A9E72B686FF0200228461A61BDE87040C3
:106BF00000F066B82B686FF001021A612846FAF7B8
:106C000021FF94E72B686FF080021A61284600F09C
:106C100059F8E1058FD52B686FF480721A61284608
:106C200000F052F887E72B686FF040021A6128469F
:106C3000FFF762FF83E7FFF75BFFCAE7FFF758FF45
:106C4000B7E7FFF755FFA1E7FFF752FF8CE700BF5B
:106C500090F83C30012B2CD030B40268164D022342
:106C600080F83D30AA425368946818D00D6823F02C
:106C700070032B43B2F1804F536002D00F4B9A4206
:106C800004D18B6824F080041C439460002301220B
:106C900080F83D2080F83C3030BC184670474D6885
:106CA00023F470032B430D6823F070032B435360D0
:106CB000E7E70220704700BF002C01400040014080
:106CC000704700BF704700BF704700BFC8B138B5FC
:106CD00024220368C2671A680025044622F00102D4
:106CE0001A601D605D609D60FBF7DAFE84F87850E5
:106CF000C4F884502846E567C4F880502566656668
:106D000038BD0120704700BF704700BF704700BF0B
:106D100008B5806A0023A0F85A30A0F85230FFF777
:106D2000F5FF08BD704700BF0368DA69196840F6CF
:106D30000F0C12EA0C0F70B59D68044650D19606F0
:106D400002D58E0600F1E780206E012824D0D602FD
:106D500002D5680200F1E480160614D4500601D56D
:106D60004A0600D470BD53E8002F22F0400243E8E9
:106D700000210029F7D120220023E267E3662046A4
:106D8000FFF7C2FF70BD0D06E8D5E36E002BE9D01A
:106D90002046BDE870401847D606D8D5C806D6D5D7
:106DA00010221A629A68510640F1D780606F01681C
:106DB0004A6892B2002AD5D0B4F858509542D1D939
:106DC000A4F85A200A68920640F1FE800223636606
:106DD000B4F85A30E91A204689B2FFF7A3FF70BD14
:106DE000954805F0010608403043ADD0D50709D5D8
:106DF000C80507D501201862D4F8840040F00100CE
:106E0000C4F88400950740F181808EB10220186299
:106E1000D4F8840040F00400C4F88400500707D57B
:106E200004201862D4F8840040F00200C4F8840002
:106E300010070BD501F02000304307D0082018625E
:106E4000D4F8840040F00800C4F8840016050AD580
:106E50004D0108D54FF400601862D4F8840040F06A
:106E60002000C4F88400D4F8840000283FF47AAFEE
:106E7000900606D5890604D5A26E12B12046904729
:106E80002368D4F884109A6801F0280102F04002C7
:106E900052EA010500F0C98053E8002F22F49072F5
:106EA00043E800210029F7D103F1080252E8002F3E
:106EB00022F0010203F1080040E800210029F3D18B
:106EC000226E012A34D000222021C4F880102266CC
:106ED0009968A2664A063CD503F1080252E8002FE1
:106EE00022F0400203F1080040E800210029F3D11C
:106EF000606F70B3514B8363FCF75EFF00283FF473
:106F000031AF606FBDE87040836B184755078FD570
:106F1000002E85D18CE7836E002B7FF43AAF21E7FA
:106F20004FF4801220461A62BDE8704000F07EBB2C
:106F300053E8002F22F0100243E800210029C2D0BC
:106F400053E8002F22F0100243E800210029EFD17E
:106F5000B9E72046FFF7DAFE70BDB4F85A10B4F86E
:106F60005A20B4F8580092B289B2002A3FF4FAAE1F
:106F7000411A89B200293FF4F5AE53E8002F22F4FC
:106F8000907243E800200028F7D103F1080252E88C
:106F9000002F22F0010203F1080545E80020002837
:106FA000F3D12022C4F88020A066206653E8002F89
:106FB00022F0100243E800200028F7D10223636684
:106FC0002046FFF7AFFE70BD53E8002F22F4807219
:106FD00043E800210029F7D103F1080252E8002F0D
:106FE00022F0010203F1080545E800210029F3D150
:106FF00003F1080252E8002F22F0400203F10805D5
:1070000045E800210029F3D12022C4F88020216620
:1070100053E8002F22F0100243E800210029F7D1A5
:10702000FCF7A4FEB4F85850D0E62046FFF76EFEF9
:10703000C4F8845070BD00BF20010004116D000829
:1070400038B50446026883680069616915680343BE
:107050000B43E0698849034329400B43136053689D
:10706000E16823F440530B43844953608A42A36987
:10707000916859D0256A21F430612B430B43804934
:1070800093608A420BD07F4B9A422AD07E4B9A4221
:1070900000F0A48001200022C4E91A2238BD7B4BF5
:1070A000D3F8883003F00303013B022B78D9B0F505
:1070B000004F00F0D580FDF737FD002848D062680A
:1070C0004FF6EF7100EB5200B0FBF2F2A2F11003A9
:1070D0008B42DFD82368DA600022C4E91A2200203C
:1070E00038BD03F5E6336A4AD3F8883003F00C0361
:1070F000D35CB0F5004F59D0082BCBD801A252F881
:1071000023F000BF07720008B7700008297200085A
:1071100095700008FB7100089570000895700008D4
:10712000957000081972000821F430610B4357482C
:107130009360D0F8883003F44063B3F5006F6ED0ED
:107140000BD883B3B3F5806FA4D1FDF7BDF848B970
:107150000022C4E91A22002038BDB3F5406F99D14E
:107160004FF40040626802EB4203834292D8B0EBD6
:10717000023F8FD8002553084FF4807C2946E0FB5E
:107180000C3118462B46F9F735F9424AA0F5407103
:10719000914203463FF67EAF22682846D3607AE7E5
:1071A0003D4AD35CA5E7FDF7ADFCD0E7082B3FF6E1
:1071B00071AF01A252F823F02D720008617200082D
:1071C0006D720008957000086772000895700008DD
:1071D0009570000895700008717200082B4BD3F869
:1071E000883003F03003202B1BD00FD843B1102B75
:1071F0007FF450AFB0F5004F35D0FDF765F85CE790
:10720000B0F5004F12D0FDF77DFC56E7302B7FF430
:1072100041AFB0F5004F2BD04FF400404FE71F486F
:10722000A0E7B0F5004F21D01C4848E7FDF76AFC05
:1072300000288DD0430062684FF6EF7103EB5203D4
:10724000B3FBF2F3A3F110028A423FF623AF23F01F
:107250000F02216892B2C3F342031343CB6077E776
:10726000FDF762FCE4E7FDF72FF8E1E70C4BE2E7FE
:107270004FF48033DFE700BFF369FFEF0080004089
:107280000038014000440040004800400010024027
:1072900060E10108FFFC0F005CE101080024F4003C
:1072A0000048E801436A1A0710B406D50168446B28
:1072B0004A6822F4004222434A60DC0706D501688E
:1072C000846A4A6822F4003222434A60990706D54C
:1072D0000168C46A4A6822F4803222434A605A072D
:1072E00006D50168046B4A6822F4802222434A6072
:1072F000DC0606D50168846B8A6822F4805222433A
:107300008A60990606D50168C46B8A6822F4005227
:1073100022438A605A0609D50168046C4A6822F43F
:1073200080122243B4F5801F4A600BD01B0606D59D
:107330000268816C536823F400230B4353605DF8AB
:10734000044B70474A68446C22F4C00222434A60EE
:10735000ECE700BF38B500230446C0F88430FCF7E2
:1073600063FC226813681B0705460ED4136859078F
:107370002FD400232022E2671846C4F88020236619
:107380006366002384F8783038BDD3699802EDD461
:107390000CE0196849071A4605D5D96908074AD487
:1073A000D969090575D4DB699802DFD4FCF73CFC88
:1073B000431BB3F1007F2368EBD353E8002F22F087
:1073C000800243E800210029F7D12023E36703204E
:1073D000D7E7D3695B02CCD40DE01A68500707D514
:1073E000DA69110700F18380DA69120500F1AD80D6
:1073F000DB695B02BDD4FCF717FC431BB3F1007FD4
:107400002368EAD353E8002F22F4907243E8002166
:107410000029F7D103F1080252E8002F22F00102FF
:1074200003F1080040E800210029F3D12023C4F82B
:1074300080300320A5E708221A6253E8002F22F4C7
:10744000907243E800210029F7D103F1080252E8C5
:10745000002F22F0010203F1080040E8002100297A
:10746000F3D1226E012A0BD0002220200821C4F87B
:107470008000A266226684F87820C4F884109CE715
:1074800053E8002F22F0100243E800210029F7D131
:10749000EAE74FF400621A6253E8002F22F4907278
:1074A00043E800210029F7D103F1080252E8002F38
:1074B00022F0010203F1080040E800210029F3D185
:1074C000226E012A0AD000222021C4F88010A26670
:1074D000226684F87820C4F884106EE753E8002F01
:1074E00022F0100243E800210029F7D1EBE708223F
:1074F0001A6253E8002F22F4907243E80021002919
:10750000F7D103F1080252E8002F22F0010203F143
:10751000080040E800210029F3D1226E012A0BD097
:10752000002220200821C4F88000A266226684F888
:107530007820C4F8841065E753E8002F22F0100289
:1075400043E800210029F7D1EAE74FF400621A620C
:1075500053E8002F22F4907243E800210029F7D16C
:1075600003F1080252E8002F22F0010203F10800A3
:1075700040E800210029F3D1226E012A0AD000221E
:107580002021C4F88010A266226684F87820C4F80E
:10759000841037E753E8002F22F0100243E800215F
:1075A0000029F7D1EBE700BF00283CD0F8B51D4615
:1075B000C36F0E461746044683B32268616A2423CC
:1075C000E367136823F00103136019BB2046FFF73C
:1075D00037FD01281CD02368996841F480419960E7
:1075E000996821F400413143996019682D0421F014
:1075F0007F7145EA475221F440310A431A601A6804
:1076000042F0010220461A60BDE8F840FFF7A2BE32
:107610000120F8BD2046FFF745FED7E780F8783017
:10762000FBF7EAF9C9E70120704700BF704700BFC8
:1076300010B58C4682B01146BCF80630BCF8042068
:1076400000910446BCF80210BCF80000F9F760F89D
:10765000204602B0BDE8104011F062BD38B50C4DB7
:107660000C4CF9F761F94FF49653002228460A4969
:1076700011F096FC204611F06FFC084B084A22607E
:1076800020466361E560BDE8384011F097BC00BF5B
:10769000DC29002090290020100400203176000809
:1076A000F000400108B10069704708B511F000FD15
:1076B00000B1006908BD00BF08B14069704708B556
:1076C00011F0F6FC00B1406908BD00BF70B5054679
:1076D00006F020FA08B3066904465EB100222521AF
:1076E000304600F0F7F8236923B10022262128460E
:1076F00000F0F0F825615DB100222721284600F056
:10770000E9F8236923B100222821304600F0E2F88D
:107710002846BDE8704002F0F7B970BD08B1C069F5
:10772000704708B511F0C4FC00B1C06908BD00BFC6
:1077300008B1006A704708B511F0BAFC00B1006AE0
:1077400008BD00BF08B18068704708B511F0B0FCF3
:10775000806808BDF8B5054600F03EFB48B10068FA
:1077600083680BB1297A98472B7E98075CD4D90798
:107770004DD46F68B9683E46002939D08B7E002B06
:107780007FD0CB68002B7CD01A6800242AB193F9F3
:10779000080093F808C0002811DB01348B7EA34257
:1077A00004EB44026DD9CB6803EB82031A68002A0C
:1077B000F3D093F9080093F808C00028EDDABCF183
:1077C000800F28462CF0800E03D095F808C0E645BF
:1077D000E3D15B68EB6090472B7E9A0704F10104CC
:1077E00022D4DF0713D46F68B9683E460029D5D18B
:1077F000386810B913E0006860B10369002BFAD053
:107800000022EA60294698472B7EDB0701D500203D
:10781000F8BD6F68BB683E460BB19A7E32B973689B
:1078200013B12A7E510731D50120F8BDDB68002B4A
:10783000F5D01A68002401344AB193F908101F7A70
:10784000002904DB284697B1297AB9420FD0B368E2
:1078500004EB4401002BE2D09A7E9442DFD2DB6835
:1078600003EB810301341A68002AE6D1EFE75B6875
:10787000EB6090472B7E9E07D6D4D807C7D46E689E
:10788000E5E738680028B8D1BB68C6E72A7A233A0A
:10789000012A09D86B602846FFF75CFFA0F10100C0
:1078A000B0FA80F04009F8BD4FF48041304601F055
:1078B0008DF90028B8D02B7A113BDBB21B2B04D8F2
:1078C000034A22FA03F3DA07AED46B685B68E1E798
:1078D000FF270F0BD0B130B589B00D4C9DF8183093
:1078E0008DF80810CDE900002068059023F007030B
:1078F000002568468DF8183003950492C4F800D02E
:10790000FFF728FF059B236009B030BD01207047B9
:10791000F829002010B50C4690B1006810B90DE0B0
:10792000006858B10369002BFAD00022E2602146BA
:107930009847207EC04300F0010010BD012010BD1B
:107940004B681868EAE700BF0068704740687047F6
:10795000007A00F07F00704700697047094B1B6890
:107960002BB90EE01A68824204D05B694BB15A68A9
:107970008242F7D11A7E42F001021A765B69002B2F
:10798000F5D17047F8290020037A013B0F2B94BFF3
:1079900000690020704700BF037A143B052B94BF99
:1079A00000690020704700BF037A132B06D10269DB
:1079B000B2F900308B42B8BF0B461380704700BF4E
:1079C0002DE9F047C6680546894690464FF0010A02
:1079D0000027002E58D031462846C047002F08BF48
:1079E0003746B84206464DD0002E4DD0306801F0E3
:1079F000F9F80306EDD4346824B910E006F0B2F8C3
:107A0000044660B10121204601F0E0F8034620461B
:107A1000002BF3D0012101F0D9F80028D9D1EB686F
:107A2000B3422FD0002B50D00020D3F8008011F0AB
:107A300081FB0446002800F08F804FF000094F467C
:107A400003E011F077FB044698B1204600F0CAF934
:107A5000226D954203462046F3D1022B00F081802F
:107A6000042B08BF274611F065FBA14604460028F9
:107A7000EBD1002F5FD03A460F214046FFF72AFF97
:107A800001281ED0BDE8F0872B7E1A070DD4002FE9
:107A9000F8D1BAF1000FF5D02846C8470746002FA5
:107AA000F0D03E464FF0000AA0E7BAF1000FE9D04F
:107AB0002846C8474FF0000A0646002F94D10746D3
:107AC000EDE7EB68186802F01FF8EE6000203768F9
:107AD00011F030FB0446002856D04FF0000846460F
:107AE00003E011F027FB044690B1204600F07AF93C
:107AF000226D954203462046F3D1022B3AD0042B47
:107B000008BF264611F016FBA04604460028ECD11B
:107B1000EEB132460E213846FFF7DCFE0128B1D126
:107B2000EB68186801F0F0FF2B69002BAAD02846FB
:107B3000BDE8F0471847B9F1000F0DD04F463A465F
:107B40000F214046FFF7C6FE01289BD1B9E7B8F1E7
:107B5000000F19D04646DCE7002011F0EBFA07468B
:107B600089E727463A460F214046FFF7B3FE012832
:107B700088D1A6E7264632460E213846FFF7AAFEF0
:107B800001287FF47FAFCBE7002011F0D3FA06463F
:107B9000BFE700BF01481C2112F030BA7C2C002046
:107BA000014B1868704700BFFC29002000283ED018
:107BB000F8B50D46044612F07DFA014620B908E0FA
:107BC00012F080FA014620B10B68AB422046F7D193
:107BD000F8BD284601F008F8064648B3AB689A6835
:107BE0001AB1D2681268AA422AD09C60204612F0CC
:107BF00023FA0646D0B10560204612F05BFA8642B1
:107C0000E6D1237E43F008010A4621765107C3F3EB
:107C1000C00529D4D20704D41B4A1C492046FFF7CB
:107C2000CFFE237E65F3C3032376F8BDFEE77047DE
:107C3000AB68002BD9D1284600F0DAFFAB68D4E757
:107C4000017E41F00802C1F3C0075107027613D448
:107C5000D10704D40C4A0D49FFF7B2FEAB68327E5F
:107C600067F3C3023276E4E7D307DAD4084A094956
:107C70002046FFF7A5FED4E7D207F0D4044A054911
:107C8000FFF79EFEAB68EAE7C5A00108B5A00108B2
:107C9000CDA00108BDA001082DE9F04383B0054641
:107CA00000F0A2FFF0B1C368044613B11B68AB42F9
:107CB0001BD0204612F0FEF9014620B912E012F066
:107CC00001FA014670B10B68AB422046F7D1019131
:107CD00012F0C8F90199084612F0A0FAAB680BB18E
:107CE00000229A6003B0BDE8F083037EDE0744BF44
:107CF0006FF30003037612F0DDF9E268824224D0CC
:107D0000237EC3F3C00643F008035807237613D439
:107D1000D90705D4294A2A492046FFF751FEE268CF
:107D2000237E66F3C3032376002AC2D013689D42E4
:107D300004BF0023E360BCE7DB07F1D4214A2249FA
:107D40002046FFF73DFEE268EAE7204612F0B6F96A
:107D5000E26890420346D3D10020D3F8008011F0AE
:107D6000E9F9064628B34FF000094F4603E011F049
:107D7000E1F9064670B1304600F034F8336D9C42AC
:107D800002463046F3D1022A0CD0042A08BF3746F7
:107D9000B146ECE747B13A460F214046FFF79AFD5E
:107DA000E268C1E73746F6E7B9F1000F01D04F4668
:107DB000F1E7002011F0BEF90746ECE7C5A0010885
:107DC000B5A00108CDA00108BDA0010810B1007E3A
:107DD000C0F34000704700BF014B1868704700BFF8
:107DE000002A002008B103681878704738B50D469E
:107DF000044620B3304A4379126843F002038242BA
:107E0000437115D023681B78013B012B00D938BD85
:107E1000002D49D0236BAB420ED0636AAB4204BF46
:107E200000236362A36AAB42F1D10023A36238BD91
:107E3000224B00221A60E5E700232363EDE711F0EF
:107E400079F9E0B11DB925E011F074F9B8B14379C1
:107E5000026843F0020343711378013B012BF3D80E
:107E6000036B9D42436A08BF04639D4221D0836A2D
:107E70009D42E9D1846211F05DF90028E7D10F4BF2
:107E800000221A6038BDC0E90955056311F052F9A6
:107E90000028F4D04379026843F002034371137859
:107EA000013B012BF2D8EEE7002325636562A36254
:107EB000BDE74462DBE700BF002A0020042A00205F
:107EC00030B103681B7803F0FD03012B01D00020C3
:107ED000704790F8400000F00F00704730B1036821
:107EE0001B7803F0FD03012B01D000207047C06A0E
:107EF000704700BF014B1868704700BF042A00207C
:107F00002DE9F04FA5B00646FFF722FD05463046A5
:107F1000FFF71AFD122D044607D0152D18D0182D85
:107F200000F0AC8025B0BDE8F08F3046FFF714FDBF
:107F30000378022B0546F5D061220021204604F08B
:107F40001FFE0646002800F06F8102232B70E9E730
:107F50003046FFF721FD04AE0746304608F02CFFFF
:107F600034220021204604F00BFE28B19DF8333066
:107F700043F001038DF8333032460021204600F0F3
:107F80007BFF40F60A020021204604F0F9FD40F68E
:107F90000B0205460021204604F0F2FD218BB4F8C7
:107FA00014C0ABB2ACEB030CE58A0B44618B82B21C
:107FB000AD1A0A440021084663F30F006CF30F0169
:107FC00062F31F4065F31F410DF1480902910390D0
:107FD0003946484601F0F8F94FF00008D24B1393A8
:107FE0004A461A2102AD2046CDF850801696CDF8AB
:107FF0007C801595FFF76EFC61224146204604F017
:10800000BFFD10B1BDF9103063B92A46314638467C
:1080100008F0F8FE4A461B212046FFF75BFC25B01E
:10802000BDE8F08F2A4631463846DDF820B0CDF85D
:10803000208008F0E7FE182012F07EF904F1140108
:108040008246BDF91020434608F0FAFB504604F57D
:10805000907108F093F8BBF1000FDBD02A4631464F
:108060003846CDF820B08DF813808DF832808DF829
:108070003A808DF8468008F0C5FECBE73046FFF722
:108080008BFC02AD2A4607466946204604F060FA9A
:10809000684611F047FB20B9284611F043FB002841
:1080A0005ED004AE304608F087FE21224FF48031C6
:1080B000204604F065FDC0B202288DF8130000F2DE
:1080C000558131224FF48031204604F059FDC0B271
:1080D00002288DF8320000F2398140F645024FF453
:1080E0008031204604F04CFDC0B202288DF84600D5
:1080F00000F21C8140F262424FF48031204604F0CD
:108100003FFDC3B2FC2B9DF8132040F2C2809DF8C6
:1081100032309DF846100B431A4321D060224FF4B1
:108120008031204604F02CFD0DF14809ADF8100017
:108130003946484601F048F97B4B139302231493C8
:1081400068464FF4803316961F9311F0EBFA00281F
:1081500040F03081284611F0E5FA002840F0C38055
:1081600061220021204604F00BFD002840F0CD8064
:1081700034220021204604F003FD00283FF4D2AE53
:108180000DF110090026484608F016FE4A46314611
:1081900020468DF813608DF82A608DF83A608DF8CE
:1081A000466000F069FE314640F60A02204604F0BF
:1081B000E7FC3146804640F60B02204604F0E0FC26
:1081C000228BB4F814C0E18A1FFA88F3ACEB030CDD
:1081D0001344628B80B2091A104432466CF30F02CA
:1081E00061F31F420292324663F30F0260F31F42B3
:1081F000394612A8039201F0E7F84B4B139312AAE9
:10820000012320461A211493CDE915591F96FFF733
:1082100061FB2A464946384608F0F4FD12AA1B21A4
:108220002046FFF757FB7DE601466022204604F01A
:10823000A7FC40F60A020FFA80F83146204604F007
:108240009FFC40F60B0207463146204604F098FC9E
:10825000218BB4F814C0BBB2ACEB030CE78A0B441F
:10826000618B80B23F1A084431466CF30F0167F30B
:108270001F411291314663F30F0160F31F411391C7
:108280006868424612A911F0D7FB88B901232B7008
:1082900048E603FB02F2111201FB03F31B0A120A68
:1082A0008DF813208DF832308DF84630194632E7BC
:1082B00021223146204604F063FCC0B2FC28E5D9F7
:1082C00031466822204604F05BFC10F0FF06DDD149
:1082D00040F262423146204604F052FCC3B2FC2B0D
:1082E000D4D92E701EE64A461A2120461595FFF76E
:1082F000F1FA314638462A46159508F083FD4A467C
:108300001B212046FFF7E6FA2AE704F5907007F0F4
:10831000C9FF064600283FF42BAF08F067F8304647
:1083200012F0C2F824E700BF70E101084FF40462C4
:108330004FF48031204604F023FC00B20028ADF851
:108340003E001CDC00238DF84630D3E641F23202B9
:108350004FF48031204604F013FC00B20028ADF841
:1083600030001EDC00238DF83230B6E620224FF4B8
:108370008031204604F004FCADF81400A1E640F67C
:1083800043024FF48031204604F0FAFB4422ADF85A
:1083900044004FF48031204604F0F2FBADF83C007D
:1083A000A8E630224FF48031204604F0E9FBADF816
:1083B0002E0092E64A461A212046CDF854D0FFF707
:1083C00089FA6A463146384608F01CFD4A461B21A8
:1083D0002046FFF77FFABDE610B508460C46FFF7CA
:1083E000BDFA002004F0C6FB144A0021204604F028
:1083F0005FFE012004F0BEFB0021204611F002F8D0
:10840000A368CBB19A6822B12046FFF745FCA36868
:1084100093B1186820B111F001FFA36800221A601F
:10842000D86820B111F0FAFEA3680022DA6018467D
:1084300011F0F4FE0023A36010BD00BFFFFF0F008A
:108440002DE9F0414E680C463EB3304603F040F94A
:108450000746304602F02CFC41F61002804600210F
:108460003046F58A04F08CFB2B18A3EB08039BB273
:108470005A1EE3826283304641F612020021B58A19
:1084800004F07EFB0544E81B80B2431E23834BF6B9
:108490007633A082E361BDE8F08141F67603E361C3
:1084A000BDE8F081038C8B4200F0E4802DE9F04FB1
:1084B0002DED028B0A4689B0018408EE101A194688
:1084C00008EE903A814605F05FF8079020B909B0B0
:1084D000BDEC028BBDE8F08F4FF4207011F02CFF43
:1084E0004FF42071049012F0F3FAB9F8223013F42B
:1084F000FC7F5CD018EE103A0026DB43039606930F
:10850000039BD9F80C5005EBC307DC00786805978E
:1085100020F07F4005F08CF9D9F80C30029023440C
:108520008246586820F07F4005F084F9069A1AEADE
:10853000020F80461CD1FB7913F0020318D12A598F
:1085400092F90510002949DBD07988B1012800F0A3
:10855000B18014686FF00101042212FB0012224462
:1085600032F8021F672900F0AD8001339842F7D13D
:10857000039AB9F822300132C3F3C5039A42039239
:10858000BED3A6B1049C18EE907A18EE108A00258E
:10859000606805F04FF901350146009443463A46BC
:1085A000484604F045FFAE4204F11404F0D80498A4
:1085B00011F07AFF079B012B00F08780032B00F05E
:1085C0008C80022B83D1484601F09EFA484609B0C0
:1085D000BDEC028BBDE8F04F00F0FEBE12681388C0
:1085E00023B9C5E732F8083F002BC1D0672BF9D17A
:1085F00057683A68138883B34FF0000AD34602EBFA
:108600000B00002E37D0049C4FF0000A03E00AF163
:10861000010AB2452FD06568284605F009F90346DE
:1086200028461D4605F006F93A68B4F808C032F845
:108630000B108C45034604F1140402EB0B00E6D149
:108640009845E4D1029BAB42E1D8B24513D00BF17F
:10865000020B32F80B30002BD1D1039AB9F822303B
:108660000132C3F3C503934203928AD9202E7FF4CB
:1086700047AF87E7704706EB86040499FB6821F84B
:10868000243001EB84043B696380BB680088E360AD
:10869000059B20810BF1020B5B6832F80B50786868
:1086A0002061C3F3170301366360002DD5D0202E5F
:1086B000A5D1D2E79388C3F30E03672B7FF458AF9D
:1086C000176896E754F8237093E7484609B0BDEC65
:1086D000028BBDE8F04F01F017BA4FF6FF724FF46E
:1086E0007021484609B0BDEC028BBDE8F04F04F0A4
:1086F000B7BB00BFF0B5084685B00E46FFF728F9B6
:1087000004463046FFF722F9012C05462CD0033CE5
:10871000272C2ED8DFE814F02F002D002D002D007F
:108720002D00B000D000D7002D002D00F100360143
:1087300054012D002D003B0041002D003B002D0079
:108740002D003B002D002D002D002D002D002D00B3
:108750002D002D002D0050002D002D002D002D008E
:108760002D002D007C00A000038C43F020019942D5
:1087700008D105B0F0BD028C22F020039A4299B2D4
:10878000F7D0284605B0BDE8F040FFF78BBE304675
:1087900005B0BDE8F040FFF7B3BB3046FFF7DCF8AB
:1087A00000210446284600F09BFDB4F900309842B1
:1087B000B8BF18462080DCE741F20102002104F036
:1087C000DFF941F2040200210646284604F0D8F9F8
:1087D00041F2090200210746284604F0D1F941F28E
:1087E000690204460021284604F0CAF980B248B95B
:1087F000E4B23CB936B242F2D1739E4202D03FB2EB
:108800009F42B6D1284605B0BDE8F04000F068BEF2
:1088100041F20902002104F0B3F941F26902044671
:108820000021284604F0ACF980B208B9E4B214B1D2
:10883000284600F055FE284605F0A8F9064600280F
:1088400097D00024AB681B6853F82400013400F073
:1088500047FEA642F6D18CE705F098F906460028B7
:1088600087D00024AB681B6853F82400013400F063
:1088700037FEA642F6D17CE7028C22F020039A4212
:1088800099B240F0A8803046FFF766F8FFF726FB64
:1088900000287FF46EAFEB691E077FF56AAF2B8C63
:1088A00013F0010F40F0DC8043F0010140F0AB8099
:1088B0002846FFF7F7FDA6E0038C43F040018B420A
:1088C0003FF457AF5DE7028C22F040039A4299B221
:1088D0007ED1284602F0D0F902287FF44AAF02AADE
:1088E0006946284603F034FE6946284601F0F6F84A
:1088F00002A9284601F0F2F83BE7C3691C0773D4CC
:1089000003F40163B3F5016F7FF433AF00F0A4FA11
:1089100000287FF42EAF284602F0DAFE07462846EC
:1089200002F0ECFE04463046FFF716F80378122BEF
:1089300000F09C80112B00F0AD80132B00F0B7806D
:10894000142B7FF416AF284602F09EF9810700F041
:10895000A180002F02DC002C40F39C80284602F00E
:108960009BF90446284600F029FE031EB8BF0333D6
:10897000A4EBA301002209B2284605B0BDE8F040EF
:1089800003F086BBC3695A052AD4A86800B1806881
:10899000FFF71CFA0446FFF71FFA00283BD0FFF749
:1089A00021FA02281AD0042814BF022306232A8C95
:1089B000ACB3134343F008018A423FF4DAAEE0E679
:1089C000028C22F00E039A4299B23FF4D2AED8E65E
:1089D000FFF768FD7DE7FFF765FD54E70623E6E74F
:1089E000012103F097FDD0E73046FEF7B5FF04788C
:1089F00004F0FD03112B23D0142C27D0122C25D0EA
:108A00000A2C3FF4B6AE00221C21284605B0BDE872
:108A1000F040FEF75FBF3046FEF7B6FFBFE743EA20
:108A20000201934303D02846FFF73CFD298C21F037
:108A300008039BB28B423FF49CAE19462846A1E640
:108A40002B8C43F00101DB07DDD431E72A8C22F0C7
:108A500001039A4299B2D6D02846FFF723FDCFE70B
:108A600023F00102934291B2CDD021E7284602F0D3
:108A700019F90446284600F0A7FD031EB8BF0333CA
:108A800004EBA301002209B2284605B0BDE8F0407E
:108A900003F012BC284602F005F90446284600F00F
:108AA00093FD031E00DA0333A4EBA301EAE7284693
:108AB00002F0EAF88007D9D0002F01DC002CD5DDC8
:108AC000284602F0E9F80446284600F077FD031E28
:108AD000B8BF033304EBA3014CE700BF10B5124C41
:108AE000237803B110BD11F08BFB13F027F811F0C0
:108AF000E7F810F045FCFFF74DF805F0E3FF04F050
:108B000033F80A484FF4AC7111F078FA084858214C
:108B100011F074FA05F01CFB09F0C0F90FF07EFFAC
:108B20000123237010BD00BF082A0020E02B002085
:108B3000C02C002010B50146034800F0A3F80446FD
:108B400000F010F9204610BD70E1010870B584B046
:108B50000D46044600F0AAFCEA06064628D4E3695E
:108B600023EA0503E361EB0711D4204600F09EFCE5
:108B7000B04202D115F0C07F07D0204604F0F2FFCA
:108B800004B0BDE8704000F0ABBC04B070BD20463E
:108B900000F0BAFF204600F089FC0028E5D020460E
:108BA00004F0E0FF00F09CFC204600F099FCDCE7BC
:108BB00002AA6946204603F0CBFC6946204600F035
:108BC0008DFF02A9204600F089FFC8E7C3699943D9
:108BD0000CBF012000207047C369194214BF012057
:108BE00000207047008C7047806800B18068704733
:108BF000836803B170470B4A136810B5013304460C
:108C00001C20136011F080FBA06050B11C2111F0FA
:108C10005FFFA268138B43F4706343F00303138375
:108C200010BDFEE70C2A0020F0B505682E6883B061
:108C30000446E6B13768A7B13B6863B11A6822B150
:108C400002600193FFF7F0FF019B5A68236012B1A5
:108C50001846214690477B68276013B13846214665
:108C600098477368266013B12146304698476B6871
:108C700025602BB12146284603B0BDE8F0401847D7
:108C800003B0F0BDF8B50E460746054650B1344C6A
:108C9000034601E01B682BB19A6914EA0205F9D07A
:108CA000C2F30F15284611F02FFB044630B32946B6
:108CB00011F00EFFC4E900761EB3B568002D42D056
:108CC000286880B1696801316960890011F0EEFAA5
:108CD000B2682860D2E9002303F18043013B2046BB
:108CE00042F82340F8BD042011F00EFBB368286061
:108CF000196801220C6020465A60F8BD0024204605
:108D0000F8BD10F0D5F905460028F7D0C068F8B1D5
:108D1000696A01316962890011F0C8FA6B6AE8601A
:108D200003F18043013B40F823400025656128465C
:108D300010F0C4F901382083284610F0D1F9013829
:108D400060832046F8BD3046FFF752FFB568B7E7AD
:108D5000042011F0D9FA0123E86004606B62E4E7B3
:108D6000F0FF0F00F0B583B0044600F0B9FB00201F
:108D700003F000FF204605F069FE25682E68EEB17D
:108D80003768AFB13B686BB11A682AB122602046E0
:108D90000193FFF749FF019B5A68236012B11846FF
:108DA000214690477B68276013B138462146984793
:108DB0007368266013B12146304698476B6825607A
:108DC00013B1214628469847012003F0D3FE4FF601
:108DD000FF724FF47021204604F042F8204600F064
:108DE0008FFCFEF7DDFE50B1226812B907E0126871
:108DF0002AB1137E13F00C03F9D0042B15D02046B2
:108E000004F0B0FE054670B122462221FEF762FD55
:108E1000224623212846FEF75DFD204603B0BDE82B
:108E2000F04000F071BE03B0F0BD2146FEF7BEFE7B
:108E3000E5E700BF10B50446006804E098472368E2
:108E4000186838B1206083682146002BF6D100688D
:108E50000028F7D110BD00BF006810B90BE0006812
:108E600040B1037E13F00303F9D0A3F10100B0FA7F
:108E700080F04009704770472DE9F04114466022A8
:108E800080460D4603F07CFE40F262422080294677
:108E90004046002D6FD103F073FEC6B2022E09D8F2
:108EA0000023E37084F8223084F8363084F82A30C6
:108EB000BDE8F081FF2768222946404603F060FEA6
:108EC000E378A070002B40F0878041F232022946FF
:108ED000404603F055FE00B2208468B194F8223079
:108EE00053B131222946404603F04AFEC0B202285F
:108EF00084F8220000F20A8140F63A0229464046F0
:108F000003F03EFE00B2E084002847D1A37E002B90
:108F100040F0CC8094F83630002B40F08E80FC2F4F
:108F200038D807FB06F6C6F30F26E278A37E94F83E
:108F3000221012FB06F213FB06F3C2F30722C3F35F
:108F40000723E270A37694F8362094F82A3011FBB8
:108F500006F112FB06F213FB06F3C1F30721C2F37D
:108F60000722C3F3072384F8221084F8362084F8FC
:108F70002A30BDE8F08103F003FE40F26242C7B23E
:108F80002946404603F0FCFDC6B2022E88D9022FC6
:108F900086D990E7FC2E8BD8B6B2C6E794F82A3073
:108FA000002BB3D040F63C022946404603F0E8FDD2
:108FB000C0B2022884F82A00A8D940F63D0229460A
:108FC000404603F0DDFD44F23B0220852946404641
:108FD00003F0D6FDA08499E721222946404603F0FC
:108FE000CFFDC0B20228E0707FF66FAF44F22002DE
:108FF0002946404603F0C4FD2622A080294640466B
:1090000003F0BEFD18B1437A5A0740F09280232244
:109010002946404603F0B4FD637B60F302036373AB
:109020005B0740F08C8027222946404603F0A8FDCC
:10903000637B60F3C503637347E74FF4046229461B
:10904000404603F09DFD00B2E08500283FF467AF85
:1090500094F83630022B7FF662AF40F6450229467F
:10906000404603F08DFDC0B2022884F836007FF63A
:1090700056AF40F641022946404603F081FD40F6D6
:10908000420220862946404603F07AFD40F643021C
:1090900060862946404603F073FD2946A08644F2C7
:1090A0004402404603F06CFDA08538E740F62802F4
:1090B0002946404603F064FD206100283FF42AAFB2
:1090C00029222946404603F05BFDC0B20228A07663
:1090D0007FF620AF206905F091FE02284AD044F2C5
:1090E0002A022946404603F04BFD2B2220832946C5
:1090F000404603F045FD2C22E0762946404603F029
:109100003FFD003818BF0120207703E733222946AE
:10911000404603F035FD94F8233060F3450384F8AE
:10912000233044F230022946404603F029FDE08313
:10913000E2E601460A22201D11F038FAC5E644F2A3
:1091400020022946404603F01BFD44F22202A08083
:109150002946404603F014FD24222081294640463A
:1091600003F00EFD2522A0712946404603F008FDBC
:10917000A07258E741F259422946404603F000FDEB
:1091800044F2574260612946404603F0F9FC2083CF
:10919000C0E600BF70B514464FF48B6205460E461C
:1091A00003F0EEFCC0B20228A07600D870BD40F2F9
:1091B00062423146284603F0E3FCA37EC0B2FC289D
:1091C0009EBF5843030AA376022BEFD944F25742BD
:1091D0003146284603F0D4FC41F25A42A081314680
:1091E000284603F0CDFC41F25B42A082314628467E
:1091F00003F0C6FC40F25C4260823146284603F030
:10920000BFFCA37F60F302036822A37731462846A0
:1092100003F0B6FCA37F60F3C50341F25942A37784
:109220003146284603F0ACFC41F25D4220603146F5
:10923000284603F0A5FC207770BD00BF70B514462A
:1092400040F6490205460E4603F09AFC00B26080E3
:1092500000B970BD4E223146284603F091FCC0B2E1
:1092600002282072F5D940F262423146284603F0C6
:1092700087FC237AC0B2FC289EBF5843030A23729E
:10928000022BE6D944F24D023146284603F078FC21
:109290004A2220803146284603F072FC00B2A080AA
:1092A000B8B94C223146284603F06AFC637A00388C
:1092B00018BF012060F3820360F3C3036372682266
:1092C0003146284603F05CFC637A60F30103637265
:1092D00070BD4B223146284603F052FCE080E0E7A7
:1092E000F8B54FF4046204460D4603F049FC06B29B
:1092F0000EBB002640F63A022946204603F040FC09
:1093000007B2002F4AD1294640F60A02204603F050
:1093100037FC40F60B020346294620461CB203F0F8
:109320002FFC00B2A042B8BF20460028C4BF80195D
:1093300006B23046F8BD40F645022946204603F005
:109340001FFCC0B20228D4D940F643022946204669
:1093500003F016FC06EBD676013000EB660640F60D
:1093600041022946204603F00BFC40F6420207B2B8
:109370002946204603F004FC03B2002BB8BF5B4231
:10938000002FB8BF7F42B6B29BB2BFB2BB422CBF68
:10939000F618F61936B226EAE676ABE740F63C0256
:1093A0002946204603F0ECFBC0B20228ABD940F6B8
:1093B0003D022946204603F0E3FB07FA80F0B04265
:1093C000B8BF304606B29EE738B504460D46482180
:1093D00011F07EFB256038BD30B5856883B004464A
:1093E0000DB1B5F9165000230DF1060213212046E8
:1093F000ADF80630FEF76EFABDF90630AB420AD181
:10940000A2682B467AB1D3829D4202D0204600F05A
:109410007BFB03B030BD204600F076FBA268BDF9AF
:109420000630002AEFD1002BEED02046FFF7E0FBFC
:10943000A268BDF90630E6E7806808B1B0F9160009
:10944000704700BF30B583B0002301AA0C4641F23B
:109450000101054603F0CAFF012807D020B9002208
:109460002146284604F0FEF903B030BD019BA3421B
:10947000F5D103B030BD00BF30B583B0002301AAE1
:109480000C4641F20401054603F0B0FF012807D065
:1094900020B900222146284604F0EAF903B030BD85
:1094A000019BA342F5D103B030BD00BF38B50B49D5
:1094B0000546FFF791FB08B1002038BD0446284659
:1094C00004F050FB0028F7D041F26902214603F076
:1094D00057FB80B2003818BF012038BD01000600DC
:1094E00090F8222042F0010208B580F8222004F012
:1094F00009FB90F8222042F0020280F8222004F0BA
:1095000009FB406818B1BDE8084012F047BC08BD2F
:10951000F8B50C4E0C4F3368013305460C463868DD
:109520003360D90010F0C2FE386050B10346306895
:1095300000F10052013A43F8325003EBC2035C6081
:10954000F8BDFEE7102A0020CC2C002070B50446A0
:1095500082B0154600221E4604F09CF9002301AAA1
:1095600041F20701204603F041FF012816D020B93F
:1095700000222946204604F081F9002301AA41F285
:109580000801204603F032FF01280BD020B9002249
:109590003146204604F078F902B070BD019BAB4221
:1095A000E6D1EAE7019BB342F1D102B070BD00BF42
:1095B000436982694A600B60704700BF038B828AEF
:1095C000581C801A00B27047438BC28A581C801AFC
:1095D00000B2704770B541F612020021054603F053
:1095E000CFFA41F6130204460021284603F0C8FAD8
:1095F00041F2320206460021284603F0C1FA344403
:109600002A8BAB8AC4F10104A4EB40001044C01AB9
:1096100000B270BD70B541F610020021054603F09E
:10962000AFFA41F6110204460021284603F0A8FAD9
:1096300041F2320206460021284603F0A1FA3444E2
:109640006A8BEB8AC4F10104A4EB40001044C01AF9
:1096500000B270BD38B541F232020C460021054619
:1096600003F08EFA4042AB696969216002B211468B
:109670006360204610F066F841F612020021284689
:1096800003F07EFA2388184441F61302208000215B
:10969000284603F075FAA388181A41F61002A08034
:1096A0000021284603F06CFA63881844608041F674
:1096B00011020021284603F063FAE388181AE080BB
:1096C00038BD00BF00B583B0054B019301AA2C2122
:1096D000FEF700F9BDF9040003B05DF804FB00BF1C
:1096E000000001E000B583B04EF2010301AA2C2175
:1096F0000193FEF7EFF8BDF9060003B05DF804FB37
:1097000038B541F201020021044603F039FA41F272
:10971000040205460021204603F032FA2DB242F23F
:10972000D1739D4204D000B2984201D0002038BDD0
:1097300094F8223043F0010384F82230204604F0EC
:10974000E1F990F8222042F0020280F8222004F091
:10975000E1F9406818B112F021FB012038BD012069
:1097600038BD00BF2DE9F04F99B0CDE90B12139031
:10977000149304F00BFA0D90002800F03D810023B3
:109780000693139B069A9B681B6853F82230059337
:10979000149B3BB105984FF48021FFF717FA00287E
:1097A00040F02381059CBDF82C90A08AE28A218B91
:1097B000638BBDF830B0484449445A445B44A082AE
:1097C00021832046E282638304F0E0F90E900028B2
:1097D00000F00B8100230793059B079A9B681B6889
:1097E00053F822200F92938A4B449382D38A5B448E
:1097F000D382138B4B441383538B5B4453831046A8
:1098000004F0C4F91090002800F0E88000230993C8
:109810000F9B099A9B681B6853F822201192938A28
:109820004B449382D38A5B44D382138B4B44138380
:10983000538B5B445383104604F0A8F91290002820
:1098400000F0C5800023CA460893D946119B089AA8
:109850009B681B6853F822200392938A5344938297
:10986000D38A4B44D382138B53441383538B4B447F
:109870005383104604F08AF90490002800F09E807B
:1098800000230093CB46039B009A9B681B6853F808
:109890002270BB8A5344BB82FB8A5B44FB823B8BB6
:1098A00053443B837B8B5B447B83384604F06EF9E7
:1098B000019000287AD04FF00008D146BA464746BA
:1098C000DAF808301B6853F82740A38A4B44A38278
:1098D000E38A5B44E382238B4B442383638B5B44A7
:1098E0006383204604F052F90290002859D0CDE954
:1098F00015A400230A931797169B0A9A9B681B6866
:1099000053F82270BB8A4B44BB82FB8A5B44FB82C8
:109910003B8B4B443B837B8B5B447B83384604F01F
:1099200035F98046002833D00025BB681B6853F802
:109930002540A38A4B44A382E38A5B44E382238BC2
:109940004B442383638B5B446383204604F01EF9FE
:109950000646D0B14FF0000AA3681B6853F82A00EE
:10996000838A4B448382C38A5B44C382038B4B4408
:109970000383438B5B444383DDE90B120AF1010A45
:109980000023FFF7EFFE5645E6D10135A845CCD1BF
:109990000A9B029A01339A420A93ADD1DDF854A092
:1099A000179F019B0137BB428AD1CA46009B049A8C
:1099B00001339A4200937FF466AFD946089B129A0E
:1099C00001339A4208937FF441AFCB46D146099BBD
:1099D000109A01339A4209937FF41AAF079B0E9AAB
:1099E00001339A4207937FF4F7AE069B0D9A013339
:1099F0009A4206937FF4C5AE19B0BDE8F08F00BF60
:109A0000F0B50D4683B001210446FFF7DFF810B131
:109A1000002003B0F0BD204604F074F8064604F0C0
:109A200079F80746FDF73EFE86420ED03846FDF730
:109A300043FE864209D03846FDF770FE864204D0C8
:109A40003846FDF775FE8642E2D14FF400212046EC
:109A5000FFF7BCF80646E8B92046FFF7EDFCA28AFE
:109A6000618B80B2121A334662F30F06228B0244D6
:109A700062F30F03E28A121A084462F31F4660F38E
:109A80001F436A4629462846009601930FF082FE3E
:109A90000028BED0204604F065F80446D8B1012164
:109AA000FFF794F803464FF400212046002BAFD176
:109AB000FFF78CF8034604F1140229462846002BD0
:109AC000E8D10FF067FE0028A2D0204604F04AF843
:109AD00004460028E3D1012003B0F0BD10B582B0E8
:109AE0004B680A680092694604460193FFF788FFB5
:109AF00008B902B010BD204604F00CF8694604F025
:109B0000DDFC02B010BD00BF10B5044682B006E017
:109B1000FFF75CF860B1204604F024F804462046C4
:109B200004F020F803464FF400212046002BEFD12B
:109B30002046FFF781FCA28AB4F818E0E18A80B2DF
:109B4000A2EB000C628B0023091A864410441A46CB
:109B50006EF30F026CF30F0361F31F4360F31F42B8
:109B600069462046CDE90032FFF74AFF08B902B046
:109B700010BD204603F0CEFF694604F09FFC02B002
:109B800010BD00BF2DE9F04FD0F8048087B0064625
:109B90000D461446B8F1000F29D041F612020021FB
:109BA000404602F0EDFF0021814641F6100240469A
:109BB00002F0E6FF4FF4802107463046FFF706F833
:109BC000002800F09580B8F8163027441F44B8F8F4
:109BD0001430A9449944BCB21FFA89F541F232020B
:109BE0000021404602F0CCFF80B205440444B38A11
:109BF000ADB2ED1AF38AA4B2E41AADB2A4B255EA3A
:109C000004036AD03046FFF77FFF7269B36902929E
:109C100003931014191406F1140B12B21BB2B8F10D
:109C2000000F5DD004A94046FFF714FD04A90022EF
:109C300002A80FF001FF8246002870D0B6F9142068
:109C4000B6F91600B6F91830B6F91A102A442044AD
:109C50002B442144F082B28233837183304603F077
:109C600095FF814610B329B222B2CDF800A0CDF8FD
:109C70000480002792468846B3681B6853F8270083
:109C8000838A2B448382C38A2344C382038B2B445D
:109C90000383438B234443830137002352464146C9
:109CA000FFF760FDB945E7D1DDE900A8B8F1000F85
:109CB00018D0324622214046FDF70CFE3046FFF711
:109CC00023FF002204A958460FF0B6FEBAF1000F98
:109CD00000D110B1404602F05FFC07B0BDE8F08F44
:109CE000C246B3E73046FFF70FFF07B0BDE8F08F7D
:109CF000B8F91430404603FA89F900F0CDFFB8F9FD
:109D00001630A9EB0009404603FA87F700F0CAFFB6
:109D10003F1AA94427441FFA89F5BCB25EE74046C2
:109D200002F03AFC8AE700BF2DE9F04F89B0054602
:109D300003F018FF41F2070200210446284602F012
:109D40001FFF41F208020021814606B2284602F0B8
:109D500017FF0FFA80FA002C00F07D8141F6120205
:109D600000218046204602F00BFF41F61302074611
:109D70000021204602F004FF41F232028346002116
:109D8000204602F0FDFE5F44228BC7F10107A7EBDE
:109D900040031344A28A9B1A9FB241F610021BB2E1
:109DA000002120460593079702F0EAFE41F61102D2
:109DB00007460021204602F0E3FE41F232028346CC
:109DC0000021204602F0DCFE5F44628BC7F10107F0
:109DD000A7EB40031344E28A09F4C0499B1A9AB2E4
:109DE000B9F5005F1BB20692049300F0A38008F45B
:109DF000C048B8F5005F00F0868043F20C020021F5
:109E0000284602F0BDFE43F20D0207460021284617
:109E100002F0B6FE2B8BB5F81A80B5F8149001331A
:109E20001FFA83FB08F10108EB8AABEB090212B2BF
:109E30001FFA88F80292A8EB030212B2039207F409
:109E4000C042B2F5005F39B207B247D000F4C0405B
:109E5000B0F5005F2DD00E4400930021B3B241F263
:109E600009022846019302F08BFE574410F0FF01CF
:109E70001FFA87FA009B36B23FB20AD0012910D0F0
:109E8000881E07280DD8DFE800F0956B8DD2C2B68A
:109E9000A274204641F26A4202F072FEC0B201286A
:109EA0005ED03A463146284609B0BDE8F04FFFF78C
:109EB00069BE27F4C042B2F5FA6FCCDC0398B2F564
:109EC0007A7FC8BFC2F57A7200FB02F2664880FB57
:109ED0000270D217C2EB601217B2BCE721F4C04285
:109EE000B2F5FA6FB2DC0299B2F57A7FC8BFC2F55B
:109EF0007A7201FB02F25C4981FB021CD217C2EBB1
:109F00006C1211B2A2E72AF4C043B3F5FA6F3FF71F
:109F100074AF049AB3F57A7FC8BFC3F57A7302FBB6
:109F200003F3514A82FB0312DB17C3EB62130FFAF0
:109F300083FA62E726F4C043B3F5FA6F3FF757AFF1
:109F4000059AB3F57A7FC8BFC3F57A7302FB03F3B2
:109F5000454A82FB0312DB17C3EB62131EB246E7CE
:109F6000079BA9EB0B0633441E46019B33441EB2EC
:109F700097E7029B059903EBD37201EBD171521065
:109F8000C2EB61020199039B1144049A03EBD37362
:109F900002EBD2725B10C3EB62039A440EB20FFA6B
:109FA0008AF77EE7A3EB0807069B3B441F4657440E
:109FB0003FB276E7029B03EBD376059B761003EB6B
:109FC000D373C6EB6306019B33441EB269E7079B5C
:109FD000019AA9EB0B094B441A441346039A02EB6E
:109FE000D277049A7F1002EBD272C7EB6207574414
:109FF0001EB23FB255E7039B03EBD377049B7F1060
:10A0000003EBD373C7EB630757443FB249E7079AA3
:10A01000A9EB0B0632441646069AA3EB08031A4432
:10A020001346019A5344324416B21FB239E7A3EBE8
:10A030000807069B3B441F46029B03EBD376059B18
:10A04000761003EBD373C6EB6306019B574433448E
:10A050001EB23FB225E752463146284609B0BDE858
:10A06000F04FFFF78FBD00BF1F85EB512DE9F04F7B
:10A070002DED028B8DB0044603F074FD002800F036
:10A080001D810546204601F023FB94F8231011F0B2
:10A090000406074669D0268BA38A01362046F61AA5
:10A0A00000F006FE94F8233013F0020336B2804627
:10A0B00000F01181B4F81AB0E38A0BF1010BABEB9D
:10A0C000030B1FFA8BFB238BA28A01339B1A1BB253
:10A0D0009E4200F0F3802046FFF716FDA369099326
:10A0E0000AA9636908932846FFF7B4FA00220AA96F
:10A0F00008A80FF0A1FC04F114080746002800F09E
:10A100006C81E38A013B5B44638341F26A42002134
:10A11000204602F035FDC0B2012800F05981A38A23
:10A12000013B3344238308AA29212046FDF7D2FBB3
:10A13000224622212846FDF7CDFB2046FFF7E4FC0E
:10A140002046002102F066FA00220AA940460FF0DC
:10A1500073FC002F40F0A980002840F0A680012069
:10A160000DB0BDEC028BBDE8F08F41F2010231462B
:10A17000204602F005FD00F4C043B3F5005F0FFA7E
:10A1800080F900F0378141F612020021284602F0E2
:10A19000F7FC41F6130280460021284602F0F0FC4D
:10A1A00041F2320282460021284602F0E9FCD04406
:10A1B0002B8BC8F10108A8EB40089844AB8AA8EBA8
:10A1C00003080FFA88F342F2D178C145009300F0FA
:10A1D0007981002E00F0198195F8231011F0040602
:10A1E00000F0A98229F4C046009BB6F57A7FC8BF6B
:10A1F000C6F57A7603FB06F6B14B83FB0623F6170A
:10A20000C6EB631636B241F202020021204602F08C
:10A21000B7FC41F2030280460021204602F0B0FC68
:10A2200008F4C042B2F5005F03460FFA88F801B2A5
:10A2300000F0ED8003F4C043B3F5005F00F0298126
:10A240008E42A8BF0E4646452046B8BF464600F09F
:10A250002FFD94F823309B07804635D5B4F81AA01B
:10A26000E38A0AF1010AAAEB030A42F2D173994583
:10A270001FFA8AFB0FFA8AFA7FF425AF4246394665
:10A280000023204601F0C4FD238BA28A01339B1AD0
:10A290001BB2B34206D1638BE28A01339B1A1BB215
:10A2A00053450BD01FFA8AFB15E7284602F074F9D4
:10A2B00001200DB0BDEC028BBDE8F08F00200DB089
:10A2C000BDEC028BBDE8F08F42F2D173A9EB030322
:10A2D000B3FA83F35B0941F20402002120460193A3
:10A2E00002F04EFC00F4C043B3F5005F0FFA80F9B2
:10A2F00077D00023009341F610020021284602F097
:10A300003FFC41F6110282460021284602F038FC4B
:10A3100041F2320283460021284602F031FCDA4441
:10A320006B8BCAF1010AAAEB400A9A44EB8AAAEBAA
:10A33000030A0FFA8AF342F2D17AD145029300F070
:10A340005981009B002B5DD095F8231011F0020B72
:10A3500000F0178229F4C043029AB3F57A7FC8BF90
:10A36000C3F57A7302FB03F3554A82FB0312DB1732
:10A37000C3EB62131BB2009341F205020021204699
:10A3800002F0FEFB41F2060282460021204602F066
:10A39000F7FB0AF4C043B3F5005F0FFA8AF201B28B
:10A3A00062D000F4C040B0F5005F47D0009B8B4204
:10A3B000A8BF0B469A469342019BB8BF9246002B1A
:10A3C0007FF45CAF42F2D17399453FF457AF5BE73E
:10A3D000238B01339B1BA382A5E6284602F0DCF801
:10A3E0008FE629F4C04BBBF5FA6FCCBF00230123E5
:10A3F000009380E729F4C046B6F5FA6FCCBF00267B
:10A400000126C0E6CDF80090B6E74E46FBE628F4FC
:10A41000C042B2F5FA6F3FF70DAF0098B2F57A7F00
:10A42000C8BFC2F57A7200FB02F2254880FB02C069
:10A43000D217C2EB60120FFA82F8FBE621F4C04398
:10A44000B3F5FA6FB2DCB3F57A7F0299C8BFC3F5F2
:10A450007A7303FB01F10B46194981FB0301DB17FA
:10A46000C3EB611319B2A1E722F4C043B3F5FA6F4D
:10A4700097DC029AB3F57A7FC8BFC3F57A7302FB03
:10A4800003F30F4A82FB03C2DB17C3EB62131AB25A
:10A4900087E721F4C043B3F5FA6F3FF7D1AEB3F5C8
:10A4A0007A7F009AC8BFC3F57A7303FB02F21346A2
:10A4B000034A82FB0312DB17C3EB621319B2BFE638
:10A4C0001F85EB5100221146204601F0E1FD41F2CB
:10A4D00032020021204602F053FB41F6130286B2FD
:10A4E0000021204602F04CFB304482B20192002150
:10A4F00041F61202204602F043FB3044BF4B0A9360
:10A5000086B22C210AAA20460296FDF7E3F9019AA9
:10A51000BDF92830961920461E4403F037FB41F25E
:10A520006A4280460021204602F02AFBC0B2012880
:10A5300036B2434600F06A81002B3FF464AEB04B64
:10A54000BDF90820DFF8C0B20592CDE9037608EE28
:10A55000105A4FF0000A1E4619E041F2080200218D
:10A56000284602F00DFB00B260B92B8BAA8A01339A
:10A570009B1A059A02FA83F296429BB202DC029A77
:10A5800013441EB20AF1010AD04500F02381A368EA
:10A590001B6853F82A5059462846FEF71DFB002831
:10A5A000F0D198492846FEF717FB074650B92846D0
:10A5B00003F0D8FA30B1394641F2690202F0E0FA0C
:10A5C00080B260B941F209020021284602F0D8FAAF
:10A5D000C0B20728C1D89323C340DA07BDD5B5F967
:10A5E0001830B4F914209B1A0133B342B8BF334674
:10A5F0001EB2C7E700221146204601F05DFE41F27F
:10A6000032020021204602F0BBFA41F610021FFA86
:10A6100080FA0021204602F0B3FA0AEB000C1FFA80
:10A620008CF341F611020FFA8CFC002120460493B2
:10A63000CDF81CC002F0A4FA504482B24EF20103DD
:10A6400003922C210AAA20460A93FDF743F9DDE97B
:10A650000313BDF92A200B4413441BB22046009378
:10A6600003F094FA00283FF487AE654A069608EE98
:10A67000105A4FF0000A0597834616460DE0B5F9CB
:10A680001A30B4F916209B1A0133B342B8BF3346CF
:10A690001EB20AF1010AD3453BD0A3685A491B6890
:10A6A00053F82A502846FEF797FA0028F1D1554969
:10A6B0002846FEF791FA074658B9284603F052FAA1
:10A6C00038B1394641F2690202F05AFA80B20028E4
:10A6D000D5D141F209020021284602F051FA10F0CA
:10A6E000FC0FCCD041F208020021284602F048FAC3
:10A6F00000B20028CDD16B8BEA8A01339B1A079AEE
:10A7000002FA83F296429BB2C3DC049A13441EB24F
:10A71000BFE73B4B059F32469A4218EE105A069E01
:10A720003FF42AAE039B1344009A1BB29A42B8BF6F
:10A730001A46009220E641F201023146284602F014
:10A740001FFA00B240457FF44DAD314641F232026E
:10A75000204602F015FA3146804641F612022046A4
:10A7600002F00EFA4044314641F6130286B220460A
:10A7700002F006FA0FFA88F303FA80F0064436B2C4
:10A7800041E541F204025946284602F0F9F900B2C7
:10A7900050457FF4DFAD594641F23202204602F0C7
:10A7A000EFF95946824641F61002204602F0E8F9D8
:10A7B0005044594641F611021FFA80FB204602F030
:10A7C000DFF90FFA8AFA0AFA80F083440FFA8BF362
:10A7D0000093D1E50A4B039F32469A4218EE105A75
:10A7E000049E3FF410AD019B13441BB2044A9342F4
:10A7F0003FF409AD9E42B8BF1E4604E5000001E0EB
:10A8000001E0FFFF0100060001000400002B3FF4FF
:10A81000FAAC344ABDF90410DFF8D0A00591CDE9B7
:10A82000037608EE105A4FF000089B46164618E0D3
:10A8300041F207020021284602F0A2F900B260B9F5
:10A840002B8BAA8A01339B1A059A02FA83F296424D
:10A850009BB202DC019A13441EB208F10108C34501
:10A8600033D0A3681B6853F8285051462846FEF79A
:10A87000B3F90028F1D11C492846FEF7ADF9074687
:10A8800050B9284603F06EF930B1394641F26902F9
:10A8900002F076F980B268B941F209020021284637
:10A8A00002F06EF9C0B20828C2D840F24913C34082
:10A8B000D907BDD5B5F91420B4F918309B1A013366
:10A8C000B342B8BF33461EB2C7E7064B039F3246BA
:10A8D0009A4218EE105A049E3FF495AC029B134422
:10A8E0001BB283E701E0FFFF010006000100040046
:10A8F00090F8233003F00603062B01D0FFF7B6BB18
:10A900000020704770B5054603F040F9064648B18F
:10A910000024AB681B6853F824000134FFF7F2FFF2
:10A92000A642F6D195F82230DA0716D595F82320FD
:10A9300002F006026FF30003062A85F8223002D0E7
:10A940002846FFF793FB1A492846FEF745F90446C7
:10A9500020B12846FFF7E8F97EB970BD284603F01C
:10A9600001F90028F5D041F26902214602F008F908
:10A9700080B20028EDD0002EEFD041F26902002114
:10A98000284602F0FDF880B20028E6D0094B1B688B
:10A990008342E2D3084B00F100501B68013803EBFF
:10A9A000C00253F8303051682846BDE8704018475F
:10A9B00001000600102A0020CC2C002038B50E4DD6
:10A9C0002B7803B138BD01232B7003F09BF890F86E
:10A9D00022309A0704460CD594F822306FF34103D5
:10A9E00084F822302046FFF78DFF94F822309B0731
:10A9F000F2D400232B7038BD142A002000680022F6
:10AA00000A21FCF767BF00BF2DE9F04F41F61302A2
:10AA100083B00021064602F0B3F841F6120200218D
:10AA20008146304602F0ACF841F23202019000213A
:10AA3000304602F0A5F88046304603F0A7F800281B
:10AA40003DD0224F834641F6FF7A0024B3681B684D
:10AA500053F82450394628460134FEF7BDF820B992
:10AA6000B5F914309A45A8BF9A46A345EED141F6F0
:10AA7000FF739A4523D0BDF80440B38A1FFA88F8C3
:10AA800004EB08051D44A5EB0A052DB23046FEF780
:10AA900019FE07463046FEF791FD4C4404EB48048E
:10AAA0003C44B368201A80B213B11B8AC01A80B22A
:10AAB00000B2A842B8BF284603B0BDE8F08F044DED
:10AAC000BDF804401FFA88F8E0E700BF0100040069
:10AAD00001E0FFFF2DE9F843074603F057F88046F1
:10AAE00000284DD0324EDFF8CC900024BB681B68A4
:10AAF00053F82450494628460134FEF76DF820B932
:10AB0000B5F918309E42B8BF1E46A045EED141F6B9
:10AB100013020021384602F033F841F612020021F8
:10AB20000546384602F02CF841F2320281460021F7
:10AB3000384602F025F81E4B9E421ED03A8BADB22D
:10AB400084B22B199B1A33441EB23846FEF7BAFD65
:10AB500080463846FEF732FD09EB44042C44444459
:10AB6000BA68201A83B212B1128A13449BB218B287
:10AB7000B042B8BF3046BDE8F88384B2ADB2E4E776
:10AB8000014641F61302384601F0FAFF41F612027F
:10AB9000414685B2384601F0F3FF41F232024146A8
:10ABA0008146384601F0ECFF014E84B2CDE700BF8C
:10ABB00001E0FFFF01000400836870B5054613B192
:10ABC0005B8A5B429BB219440EB28CB29EB128469E
:10ABD000FEF70EF8A868438AE11841823246012345
:10ABE00000212846FEF7BEFD00220B212846FCF777
:10ABF00071FE012800D070BD2846BDE87040FEF708
:10AC000083BF00BF836870B5054613B11B8A5B42E2
:10AC10009BB20B441EB29CB206B970BD2846FDF72C
:10AC2000E7FFAA68138A1C44314601231482284690
:10AC30000022FEF797FD00220B212846FCF74AFE72
:10AC40000128EAD12846BDE87040FEF75DBF00BF8D
:10AC500038B504460D46FDF7CBFFA268137E03F01E
:10AC60000301A94207D065F3010313762046BDE82E
:10AC70003840FEF749BF38BD83681BB1187E00F02D
:10AC8000030070470320704783681BB1587E00F0B3
:10AC90000F0070470F207047806810B1008A404253
:10ACA00000B27047806810B1408A404200B27047DD
:10ACB000806810B1408A404200B270472DE9F843E5
:10ACC000074602F063FF804600284DD0324EDFF881
:10ACD000CC900024BB681B6853F824504946284692
:10ACE0000134FDF779FF20B9B5F91A309E42B8BF9B
:10ACF0001E46A045EED141F610020021384601F073
:10AD00003FFF41F6110200218146384601F038FF2D
:10AD100041F2320205460021384601F031FF1E4B58
:10AD20009E421ED07A8BADB284B22B199B1A33444B
:10AD30001EB23846FEF7D6FC80463846FEF744FC85
:10AD400009EB44042C444444BA68201A83B212B17B
:10AD5000528A13449BB218B2B042B8BF3046BDE825
:10AD6000F88384B2ADB2E4E7014641F610023846FA
:10AD700001F006FF41F6110241468146384601F0D6
:10AD8000FFFE41F23202414685B2384601F0F8FE3C
:10AD9000014E84B2CDE700BF01E0FFFF01000400D7
:10ADA0002DE9F04F044680688FB08846174600288A
:10ADB00000F00C8290F818A01AF0030A00F0C1818C
:10ADC00000200EF0B7F9BAF1020F05460ED130B9E6
:10ADD000B7E10EF0AFF90546002800F0B281284631
:10ADE000FDF77CF803469C422846F2D1A668002E67
:10ADF00000F0F581B6F812B0CBF1000B1FFA8BF61C
:10AE00000FFA8BFB2046FFF759FF41F26A42814659
:10AE10000021204601F0B4FEC0B2012800F0E1811B
:10AE2000A368002B00F0BD811B8A5B421BB202931A
:10AE300041F26A420021204601F0A2FEC0B2012880
:10AE400040F08281A368002B00F0DD81B3F910206F
:10AE500001925A7E02F00F0312F00C0240F08E8134
:10AE6000002B00F06E81BAF1010F40F0BF81154652
:10AE7000CDF800A041F26A424FF48031204601F043
:10AE80007FFE41F61002C3B24FF480312046079393
:10AE900001F076FE41F6110205904FF48031204614
:10AEA00001F06EFE41F6120203904FF4803120460D
:10AEB00001F066FE41F6130209904FF480312046FE
:10AEC00001F05EFE41F201024FF48031069020460F
:10AED00001F056FE82460A902046FEF775FB834637
:10AEE0002046FEF76BFB0FFA8AFA002D14BF53467B
:10AEF00000230893009B0490002B4FF021024FF495
:10AF00008031204608BF4FF0000A01F039FEC0B280
:10AF1000012840F24881002D70D04E44B2B21FFA91
:10AF20008BF6B11809B2002968D0079BB4F9160056
:10AF30007880012BB4F91A00F88000F01F82069B7C
:10AF4000208BC01A0A9BC3F1010515FA80F52DB2BA
:10AF500000B2BDF914300B92BDF90C203D80ABEB73
:10AF60000305AD1AB880A5EB0A0500200D920BFB76
:10AF700005F50C9395FBF1F50EF0C4F800EB80009D
:10AF80004000EF280B9A0FFA85FB00F30E82012197
:10AF90008B4540F3FD81ADB212B21FFA8AF1002A4F
:10AFA000BDF814C0BDF80CB0059140F3CC810B4640
:10AFB0000CEB0B01711AC91A491B89B211FB09F973
:10AFC00099FBF2F9E28A0C9862440A44A2EB090266
:10AFD000013D15FA82F512B27A8029B2B4F9165001
:10AFE000F98028448242C0F24281B4F91A200D98B7
:10AFF000A2EB0A031B1A8B42C0F25C81009B002B60
:10B0000000F09F80019BBDF810A00AEB0305029B96
:10B010001D442BB2ADB2002B00F093800A9A039826
:10B02000BDF92460BDF91870C2F10101628B121ADA
:10B0300092B21144A8F80620049AA8F80210A2EBD4
:10B0400006090899A9EB0709A9EB010902FB09F90F
:10B0500099FBF3F9B4F91430A8F80030B4F91830BA
:10B06000A8F8043000200EF04DF800EB80004000FE
:10B07000EF280FFA89FB00F3B38101239B4540F3CE
:10B08000A4811FFA89F3A5EB0A052DB2002DBDF8A6
:10B090002420BDF81890BDF820B040F3CB8002EB1F
:10B0A0000901AAEB0101A1EB0B010198C91A89B2B0
:10B0B00011FB00F090FBF5F0091A0798012889B2FE
:10B0C00000F0AF81A08A10440144013B13FA81F3E0
:10B0D00009B2A8F80010B4F9140006441BB2B1423A
:10B0E000A8F80430C0F20A811A46B4F91810089B77
:10B0F000CB1ADB1B934224DAA1EB0904A4EB0B046B
:10B1000024B2A8F8044000200DF0FCFF00EB800002
:10B110004300EF2B00F355820123B8F90020E41A15
:10B1200094420EDA0020B8F804400DF0EBFF00EB7B
:10B1300080004300EF2B00F39F820123E41AA8F85C
:10B1400000400FB0BDE8F08F2046FFF7C3FCA368B6
:10B150000190002B7FF47DAEBAF1010F00F0E08189
:10B16000BAF1030F56D1BBF1000F40F36482029B8A
:10B17000002B40F3F781012500957BE6BAF1010F22
:10B1800003F003031CD0BAF1030F00F0E780284658
:10B190000093FCF795FE0C28009B00F0DF814BBB71
:10B1A000CFE7029344E631224FF48031204601F08C
:10B1B000E7FCC0B201283FF6AEAEC2E7019303231D
:10B1C000003B18BF01230093012553E60DF0B2FFA9
:10B1D000A66805464FF0030A002E7FF40BAEB34677
:10B1E00010E62046FFF710FC029021E6BAF1030FAB
:10B1F00000F00E812846FCF763FE0328A1D101234D
:10B200000025009336E6BAF1010FD7D0BAF1030F4B
:10B2100021D001932846FCF753FE0C28EAD128469A
:10B22000FCF74EFEA0F10303B3FA83F35B0900932E
:10B2300001251FE6079B012B00F04B81238BA18A80
:10B24000A3EB0903013B0A44A3EB0B03A8F800207E
:10B25000A8F8043075E7BBF1000F40F34681029A6D
:10B26000002A40F34981CDE90003054602E60CEBD4
:10B2700005031DB27D8000200DF044FF00EB80002F
:10B280004200EF2A00F35C810122B7F90610154451
:10B290008D427FF7AAAE00207E880DF033FF00EBD1
:10B2A00080004200EF2A00F3A8810122B11809B200
:10B2B000F9809AE6A2EB0B03059A9B1A1DB2FD805A
:10B2C00000200DF01FFF00EB80004300EF2B00F388
:10B2D00029810123B7F90220EB1A9342BFF68EAE03
:10B2E0000020FD880DF00EFF00EB80004300EF2BE7
:10B2F00000F392810123ED1A7D807FE6024415B2AE
:10B30000A8F8005000200DF0FDFE00EB8000430087
:10B31000EF2B00F364810123B8F904201D4495420A
:10B320007FF7E3AE0020B8F800500DF0EBFE00EB25
:10B3300080004300EF2B00F3AE8101232B441BB2AE
:10B34000A8F80430D0E6638BE28AA3EB0B03013B41
:10B350005B1AFB800CEB02037B804FE6BBF1000F16
:10B360004CDD43B1029B002B3FF705AF019B002B47
:10B37000D4BF00230123009301257BE5099BA58A07
:10B380001D440A9B581E10FA85F000B22DB2E0E56C
:10B3900000200B920DF0B6FE00EB80004000EF287D
:10B3A0000B9A00F385800125F6E500200DF0AAFE3A
:10B3B000C64B0B9A4FF00A0E502100FB0E1183FB77
:10B3C000010CC917C1EBAC11E2E500200DF09AFEAB
:10B3D00000EB80004300EF2B00F39380012352E643
:10B3E00000200DF08FFE0A21B84A502300FB0133E4
:10B3F00082FB0312DB17C3EBA2133FE6B9F1000F88
:10B4000003DD002B7FF4B3AEB5E7002B3FF499AE1C
:10B41000029B002B3FF7F3AE019B002B3FF7EFAEF3
:10B420008FE6581EA38A13445B440B4410FA83F141
:10B430001BB2A8F80030B4F91450A819089E304483
:10B4400009B28342A8F80410C0F29180B4F9183010
:10B45000DF1B8F42BFF675AEA3EB09031CB2A8F841
:10B46000044000200DF04EFE00EB80004300EF2B67
:10B4700000F3E6800123B8F90020E41A9442BFF6F5
:10B4800060AE0020B8F804400DF03CFE00EB8000F8
:10B490004300EF2B7FF751AE00200DF033FE0A2260
:10B4A000502300FB0233A02293FBF2F39BB245E64C
:10B4B00000200DF027FE854D0B9A4FF00A0C50210D
:10B4C00000FB0C1185FB0150CD17C5EBA015ADB2EB
:10B4D00062E5531EA28A1344228B5B44A2EB09024D
:10B4E000A8F80030A8F804202BE6B9F1000F029A62
:10B4F00062DD002A3FF7B7AE0193002301250093D8
:10B50000B8E400200DF0FEFD5023704A0A2100FB34
:10B51000013082FB0032C317C3EBA2139BB2B2E52A
:10B5200003234DE600200DF0EDFD5023674A0A216C
:10B5300000FB013082FB0032C317C3EBA213C9E644
:10B5400000200DF0DFFD614E0A21502200FB01209A
:10B5500086FB0012C017C0EBA21296E6002B7FF408
:10B560005EAE08E7019B002B3FF705AEC5E7531918
:10B570005B441DB2A8F8005000200DF0C3FD00EBA5
:10B5800080004300EF2B69DC079BB8F904102B44C3
:10B590008B427FF75BAF0020B8F800500DF0B2FD92
:10B5A00000EB80004300EF2B00F384800123E918B7
:10B5B00009B2A8F8041049E7002A7FF7C2AD019349
:10B5C0001DE600200DF09EFD0A22502300FB0230F4
:10B5D0003E4AC31782FB0020C3EBA0139DE5002069
:10B5E0000DF090FD5023394A0A2100FB013082FB07
:10B5F0000032C317C3EBA2138EE600200DF082FDCC
:10B60000324D0A21502200FB012285FB0201D21794
:10B61000C2EBA11292B249E600200DF073FD502357
:10B620002A4A0A2100FB013082FB0032C317C3EB18
:10B63000A2139BB25FE6B9F1000F3FF798ADE7E6C2
:10B6400000200DF05FFD0A22502300FB02301F4A4C
:10B65000C31782FB0020C3EBA0130CE700200DF002
:10B6600051FD5023194A0A2100FB013082FB0032B0
:10B67000C317C3EBA21388E700200DF043FD0A2295
:10B68000502300FB0230114AC31782FB0020C3EB9A
:10B69000A0139BB252E500200DF034FD50230B4A5D
:10B6A0000A2100FB013082FB0032C317C3EBA21357
:10B6B0009BB243E600200DF025FD0A22502300FB3B
:10B6C0000233A02293FBF2F39BB270E767666666D3
:10B6D00010B541F26A420021044601F051FAC0B2AD
:10B6E000012805D0A06810B1008A404200B210BD08
:10B6F0002046BDE81040FFF787B900BF10B541F202
:10B700006A420021044601F03BFAC0B2012804D18C
:10B71000A06808B1B0F9100010BD2046BDE8104087
:10B72000FFF7D8B92DE9F041044690B016460D4612
:10B73000002937D1002A32D0012B35D102F0EAF9A5
:10B74000E846074640460DF043FE504D504B0094EE
:10B75000039338460DF0C4FC324640F35D000021EF
:10B760000DF09EFFB0F5C87F28BF4FF4C870C82801
:10B77000A36838BFC8200A9023B15B8A5B421BB222
:10B78000F61A5B42CDE907332046424B0996424602
:10B79000092101930695FCF79DF8012871D010B09E
:10B7A000BDE8F081012B32D03A4920460DF02AFE47
:10B7B0003949074620460DF025FE80462046FDF714
:10B7C00017FAA268118A294411822946558A3544FC
:10B7D0000123558220463246FDF7C4FF00220B218B
:10B7E0002046FCF777F801280BD017B9B8F1000F05
:10B7F000D5D000220A21204610B0BDE8F041FCF768
:10B8000069B82046FEF780F9002FEFD0F1E702F08B
:10B8100081F9E846074640460DF0DAFD1C4B0393DC
:10B82000384600940DF04AFC2A4640F35D000021A2
:10B830000DF036FFB0F5C87F28BF4FF4C870C82898
:10B84000A36838BFC8200A9023B11B8A5B421BB291
:10B85000ED1A5B42CDE9073309950F4B0B4D019370
:10B860004246092120460695FCF734F8012896D176
:10B8700040460DF097FE002E7FF46BAF10B0BDE890
:10B88000F08140460DF08EFE89E700BFC1960108A9
:10B89000FDA90008B9AB000805AC00082DE9F04F80
:10B8A000984651EA020383B002D103B0BDE8F08F9D
:10B8B00004460F461646FFF781F8A368002B00F0F8
:10B8C000A2801D8A6D421FFA85FB2DB241F26A42A9
:10B8D0000021204601F054F91FFA87FAC0B2AAEB02
:10B8E0000B0901280FFA89F91CD0B9F1000F63DBAD
:10B8F000A268002A47D0528A52421FFA82F912B235
:10B900001FFA86FAAAEB09073FB2002F43DB5BEA76
:10B910000909CAD043462946204603B0BDE8F04F86
:10B92000FFF700BFB9F1000FE2DD41F26A420021EA
:10B93000204601F025F9C0B201286CD0A568002D81
:10B9400000F090802F8A7F42BDB23FB241F26A423E
:10B950000021204601F014F9C0B2012875D1A26877
:10B96000002A00F08F80118A294409B221EAE1718E
:10B970004945D4BF0BEB01050BEB09051FFA85FB0D
:10B980002DB2002AB7D191461FFA86FAAAEB090711
:10B990003FB2002FBBDA2046FFF790F909EB000217
:10B9A00012B222EAE27251428F422FDAA9EB02026E
:10B9B0001FFA82F912B2AAE741F26A420021204638
:10B9C00001F0DEF8C0B2012846D0A5680DB32B8A7D
:10B9D0005B429DB21BB2019341F26A4200212046B4
:10B9E00001F0CEF8C0B201281BD1A268002A3BD0DA
:10B9F000118A294409B221EAE175694289451EDBB1
:10BA00003D46D34677E79B461D465FE73246D14623
:10BA10007DE70195E0E72046FEF7F6FF074685B291
:10BA200094E72046FFF756F805442DB225EAE57560
:10BA30006A42914502DB3D46D34659E7A268ABEB2B
:10BA400005051FFA85FB2DB253E72046FFF742F8A4
:10BA50002918A26809B289E72046FEF7D5FF0190B0
:10BA600085B2B9E72F4671E7019B23EAE37109B27A
:10BA70004842484514DDABEB010191461FFA81FBBA
:10BA80000DB23DE727EAE77109B24945D4BF0BEB98
:10BA900001050BEB09051FFA85FB91462DB22FE737
:10BAA00091463D46D3462BE72DE9F04F8BB08146BA
:10BAB000084688461746029302F054F810210446BF
:10BAC000FDF784F8002800F0DA80A368002B00F06E
:10BAD0008A811A7E597E12F0300F01F00F03019314
:10BAE000C2F3011340F0CE80CB4641F23202002176
:10BAF0002046069301F044F841F6100286B2002178
:10BB0000204601F03DF8304483B241F61102002195
:10BB10002046039301F034F87D88039BE18A30448A
:10BB200082B207922A445D1B0D44BBF80210608B61
:10BB3000099092B26D1ABBF806100592A2EB000AAA
:10BB400020468A440491FDF73FFD2DB2002DDDE92A
:10BB50000412069B08900FFA8AFAC0F2EB80BAF141
:10BB6000000FC0F29280A2680025022B00F09D8099
:10BB7000032B00F01A81012B00F0BC80002A00F09A
:10BB80009E80137E13F00C0FC3F3810A01D008F1DD
:10BB9000140941F612020021204600F0F1FF304462
:10BBA0001FFA80F841F613020021204600F0E8FF5A
:10BBB0003B88B9F80010228B30441FFA80FBA08A22
:10BBC000A8EB030606445B44761AB9F8040099B260
:10BBD00036B28B1A0344002E1BB272DB002BC0F26C
:10BBE000918000262046FDF7E9FCBAF1020F00F033
:10BBF000BA80BAF1030F00F0BE80BAF1010F00F075
:10BC0000AB80814920460DF0FDFB804980462046EF
:10BC10000DF0F8FBB8F1000F2AD148BB019BD80703
:10BC200001D426EAE6769907019B58BF06EAE67634
:10BC30005A07019BB7F900205CBF25EAE5752DB2D4
:10BC40001B07029B5CBF05EAE5752DB2002B4ED0A9
:10BC50007B8832442B4412B21BB27B80029B3A8019
:10BC600031462A4620460BB0BDE8F04FFFF75ABDDB
:10BC700000220A212046FBF72DFE0128CED00BB072
:10BC8000BDE8F08F08F1140B2FE7A268002D3FF4F8
:10BC90006CAF002A00F0B280518A494209B2A94231
:10BCA000B8BF0025022B7FF463AF658B0799BBF803
:10BCB00006306D1AED1A2DB2002A7FF462AF92465B
:10BCC00067E7002B8DDD521A121A16B2002141F2DD
:10BCD0006A42204600F054FFC0B2012840F087803D
:10BCE000A368002B3FF47DAFB3F9100082E0B7F9F1
:10BCF0000230B2E7E58A0399BBF802302944CD1A35
:10BD00002DB23BE7002E3FF46CAF41F26A420021B6
:10BD1000204600F035FFC0B2012871D0A368002B87
:10BD20003FF45FAF188A404200B2304400287FF7EA
:10BD300059AF56E7BAF1000F7FF715AF0493099B8F
:10BD40009A1A521A204615B2FEF7B8FFE842A268C6
:10BD5000049B48BF002508E7A68AB9F8003046448E
:10BD6000F61A36B24DE7268BB9F80430A6EB0B066F
:10BD7000F61A36B245E7B9F80420B9F80010A38ADC
:10BD80000132521A43445B1AC344C2F3C031A0EBE0
:10BD90000B0001FA82F2A3EB6203C0F3C03202FA95
:10BDA00080F003EB60031EB22BE7039D0799089810
:10BDB000E38ABBF802C02944411ABBF806002B44B1
:10BDC0000130C1F3C03505FA81F1A0EB0C00A3EB03
:10BDD0000C0303EB6103C0F3C03101FA80F0A3EB65
:10BDE00060031DB2CAE60F22CB4601927DE62046D3
:10BDF000FEF770FEF0427FF5F5AEF2E61546B4E6CA
:10BE00002046FEF701FE90E7B9AB000805AC00083C
:10BE10002DE9F04F054681B00F469B491E4614465A
:10BE20000DF0F0FAAB6813B11B8A5B429BB2D91BD1
:10BE300009B2334600222846FFF730FD93492846D1
:10BE40000DF0E0FAA96811B1498A494289B20A1B8A
:10BE500094B2002C34D02846FEF7B0FDA968002922
:10BE60006DD0B1F910B041F26A420021284600F0CD
:10BE700087FE1FFA8BF7C0B2C7F1000801281FFA2E
:10BE800088F90FFA88F81ED0BBF1000F60DDAB68AF
:10BE9000002B50D05B8A5A42E7181FFA82FABFB2D1
:10BEA00012B23FB2002FC0F2818059EA0A0A07D0CD
:10BEB00033464146284601B0BDE8F04FFFF732BC9B
:10BEC00001B0BDE8F08FBBF1000FE0DD41F26A4246
:10BED0000021284600F054FEC0B2012800F0B680D0
:10BEE000AB68002B00F09F80B3F81090C9F10009F7
:10BEF0001FFA89F80FFA89F941F26A4200212846AF
:10BF000000F03EFEC0B2012840F08380AB68002BF9
:10BF100000F0A3801A8A424412B222EAE2725A4521
:10BF2000D4BFC7EB0207C7EB0B071FFA87F90FFA5D
:10BF300087F8002BAED19A4627461A46B1E78846C5
:10BF400041F26A42284600F01BFEC146AB689FE7FB
:10BF50009DD041F26A420021284600F011FEC0B295
:10BF6000012836D0AF68002F5BD0B7F81080C8F139
:10BF700000081FFA88F70FFA88F841F26A42002198
:10BF8000284600F0FDFDC0B2012828D1AB68002B87
:10BF90004CD01A8A3A4412B222EAE278C8F100027E
:10BFA00093452FDB4FF00009C84673E72846FEF79C
:10BFB00085FE0AEB000212B222EAE27253429F426D
:10BFC00005DAAAEB02021FFA82FA12B26DE722B278
:10BFD0006EE72846FEF718FD804687B2CDE7284673
:10BFE000FEF778FD07EB00080FFA88F828EAE878F2
:10BFF000C8F100039B4504DB4FF00009AB68C8465D
:10C0000046E7AB68A9EB08081FFA88F90FFA88F829
:10C010003EE72846FEF75EFD08EB0002AB6812B271
:10C020007BE7B846A9E79846994665E728EAE872AB
:10C0300012B25142594521DDA9EB02021FFA82F9E1
:10C040000FFA82F89A4627461A462AE72846FEF74C
:10C05000DBFC81461FFA80F84EE729EAE97212B24A
:10C060005A45D4BFC7EB0207C7EB0B071FFA87F986
:10C070000FFA87F89A4627461A4612E79946274646
:10C0800098469A461A460CE705AC0008B9AB00087A
:10C090002DE9F04705460F46864916460DF0B2F9E0
:10C0A000AC6814B1248A6442A4B2E11B8CB20CB90E
:10C0B000BDE8F0872846FEF781FCAB68002B00F056
:10C0C00089801B8AC3F10008E7181FFA88F9BFB2FC
:10C0D0000FFA88F841F26A420021284600F050FD2C
:10C0E000C0B201283FB22FD0002F77DBAA68002A08
:10C0F0006AD0B2F912401FFA84FACAF10002002C89
:10C1000097B212B20BDD47EA0909B9F1000FCFD09F
:10C11000334641462846BDE8F047FFF703BBF2D05F
:10C120002846FEF7CBFDA0EB0A031BB223EAE3731C
:10C130005A42944248DAFF1ABFB249EA07093AB2B2
:10C14000B9F1000FB4D0E3E7002FCFDD41F26A422E
:10C150000021284600F014FDC0B2012800F0A080A4
:10C16000AC68002C00F08D80B4F81080C8F1000895
:10C170001FFA88F40FFA88F841F26A420021284633
:10C1800000F0FEFCC0B201286AD1AA687AB1138A15
:10C1900023441BB223EAE373BB42D4BF09EB030879
:10C1A00009EB07081FFA88F90FFA88F89FE728EAD1
:10C1B000E8731BB2BB42D4BF09EB030809EB0708C5
:10C1C0001FFA88F90FFA88F80022B9F1000F3FF43E
:10C1D0006FAF9DE79946274698467BE741F26A4252
:10C1E0000021284600F0CCFCC0B2012842D0AB6848
:10C1F000002B3CD0B3F810A0CAF1000A1FFA8AF84D
:10C200000FFA8AFA41F26A420021284600F0B8FC8F
:10C21000C0B201280DD1AA68AAB3138A43441BB245
:10C2200023EAE37359428F4213DB0FFA84F8A146E5
:10C230005FE72846FEF74EFC08EB00031BB223EA3B
:10C24000E3735A429742AA6803DB0FFA84F8A146C7
:10C250004DE7A9EB03031FFA83F90FFA83F846E7CA
:10C260002846FEF737FC2318AA681BB292E79846C7
:10C270009A46C7E72846FEF7C7FB82461FFA80F8B2
:10C28000C0E7A04678E72AEAEA731BB25942B942EE
:10C290000CDDA9EB03031FFA83F90FFA83F893E788
:10C2A0002846FEF7B1FB804684B265E70FFA84F8B2
:10C2B0002EE700BF05AC00082DE9F04F054681B020
:10C2C0000F46934916460DF09DF8AC6814B1648A88
:10C2D0006442A4B2E11B8CB2002C34D02846FEF795
:10C2E0006DFBA96800296DD0B1F910B041F26A4226
:10C2F0000021284600F044FC1FFA8BF7C0B2C7F1BA
:10C30000000801281FFA88F90FFA88F81ED0BBF13F
:10C31000000F60DDAB68002B50D05B8A5A42E718F3
:10C320001FFA82FABFB212B23FB2002FC0F2818070
:10C3300059EA0A0A07D033464146284601B0BDE80B
:10C34000F04FFFF7EFB901B0BDE8F08FBBF1000F80
:10C35000E0DD41F26A420021284600F011FCC0B243
:10C36000012800F0B680AB68002B00F09F80B3F886
:10C370001090C9F100091FFA89F80FFA89F941F202
:10C380006A420021284600F0FBFBC0B2012840F0C1
:10C390008380AB68002B00F0A3801A8A424412B25B
:10C3A00022EAE2725A45D4BFC7EB0207C7EB0B077C
:10C3B0001FFA87F90FFA87F8002BAED19A46274665
:10C3C0001A46B1E7884641F26A42284600F0D8FB97
:10C3D000C146AB689FE79DD041F26A4200212846E2
:10C3E00000F0CEFBC0B2012836D0AF68002F5BD082
:10C3F000B7F81080C8F100081FFA88F70FFA88F81C
:10C4000041F26A420021284600F0BAFBC0B201287E
:10C4100028D1AB68002B4CD01A8A3A4412B222EAD7
:10C42000E278C8F1000293452FDB4FF00009C846BF
:10C4300073E72846FEF742FC0AEB000212B222EA3A
:10C44000E27253429F4205DAAAEB02021FFA82FA15
:10C4500012B26DE722B26EE72846FEF7D5FA8046A3
:10C4600087B2CDE72846FEF735FB07EB00080FFA49
:10C4700088F828EAE878C8F100039B4504DB4FF010
:10C480000009AB68C84646E7AB68A9EB08081FFA85
:10C4900088F90FFA88F83EE72846FEF71BFB08EB01
:10C4A0000002AB6812B27BE7B846A9E79846994606
:10C4B00065E728EAE87212B25142594521DDA9EB3D
:10C4C00002021FFA82F90FFA82F89A4627461A46A4
:10C4D0002AE72846FEF798FA81461FFA80F84EE7C9
:10C4E00029EAE97212B25A45D4BFC7EB0207C7EB7B
:10C4F0000B071FFA87F90FFA87F89A4627461A465C
:10C5000012E79946274698469A461A460CE700BF16
:10C51000B9AB0008F0B5054683B00E46FEF74EFAFB
:10C5200000232846019301F01DFB78B1044605F174
:10C5300014072946334601AA3846FFF7B5FA2046C4
:10C5400001F010FB254604460028F2D103B0F0BDEF
:10C55000F0B583B04FF0FF340E4617460022114667
:10C5600023460546009430460DF0C8F800221146D7
:10C570003846234600940DF0C1F810212846FCF7F8
:10C5800025FB38B13A463146284603B0BDE8F040B5
:10C59000FEF706BC03B0F0BD30B587B04FF0FF35F5
:10C5A000002211462B460446009502A80DF0A6F87D
:10C5B0000022114604A82B4600950DF09FF810218B
:10C5C0002046FCF703FB20B104AA02A92046FEF78F
:10C5D000E7FB02A80DF0A6F818B904A80DF0A2F820
:10C5E00038B102A80DF09EF828B904A80DF09AF809
:10C5F00050B907B030BD204602A9FDF76FFA04A874
:10C600000DF090F80028F4D004A92046FDF766FA52
:10C6100007B030BD82682DE9F04104460E46002A7D
:10C6200070D0137E13F0300FC3F3011507D1B2F9A8
:10C630001270FEF743FB002833DBA2681AB1137EA9
:10C6400013F00C0F26D141F26A420021204600F07F
:10C6500097FAC0B2012850D0A56815B12D8A6D4255
:10C660002DB241F26A420021204600F089FAC0B2A0
:10C67000012811D1A16800294AD0B1F9107041F206
:10C680006A420021204600F07BFAC3B2012B28D079
:10C69000002F18DBBDE8F0812046FEF71BFA0746A5
:10C6A000EDE77F423FB2002FC7DD4042B842A8BF4E
:10C6B000384602B2334629462046FFF733F8A268CF
:10C6C000002ABCD1BFE7002DE4DD7F42AF42A8BF06
:10C6D0002F46334639B220460022BDE8F041FFF72D
:10C6E00021B8002DD6DA002FD4DD33462946204666
:10C6F0000022BDE8F041FFF715B82046FEF784F9A7
:10C700000546AEE7FEF7DAFAA268002A97D19AE763
:10C71000204641F26A42BDE8F04100F031BA00BF64
:10C72000438C13F4FC7F70B5C66805460C46C3F312
:10C73000C50E4AD03346002293F807C01CF0020F02
:10C7400002F10102184604D05968C1F31701A14251
:10C750003AD0724503F10803EED1013202F03F0CEA
:10C760006246D1006B8C6CF3C80330466B840DF0CD
:10C770009DFD6B8CE860C3F3C5035A1E06460DD0C1
:10C78000C3F100510131C3F102031144134400EB22
:10C79000C101D20000EBC30011F0C6FA08213046F7
:10C7A0000EF096F90820EE680DF0AEFDEB683060F3
:10C7B00018680EF0E3FFE868C37943F00203C37121
:10C7C000436864F31703436070BD08214FF0010C08
:10C7D000C8E700BF2DE9F04F054683B044488846BE
:10C7E00091461E460DF06AFC90B1B04204460FD04F
:10C7F0003F4F4FF6FF7AA346214638460DF066FCC0
:10C80000DBF80030AB42044605D00CB1A642F2D1B1
:10C8100003B0BDE8F08FDBF80830434502D0B8F52F
:10C82000702FF2D1BBF804304B4501D0D145ECD18B
:10C830006B8C13F4FC7FC3F3C501E6D0B8F5702F01
:10C8400029D00023E86800EBC3024FEAC30E92F838
:10C8500007C01CF0020F1AD05268C2F317029045AD
:10C8600015D150F80E00BBF8041001930EF0ACFF88
:10C87000002158460CF0C6FD594638460DF0F2FB33
:10C8800058460DF0CBFC698C019BC1F3C501013307
:10C890008B42D7D3B9E7E868002300EBC302D27913
:10C8A000920720D5BBF8041050F8330001930EF026
:10C8B0008BFF019B00210133584601930CF0A2FD30
:10C8C000594638460DF0CEFB58460DF0A7FC698C52
:10C8D000019BC1F3C5018B4297D2E86800EBC3020C
:10C8E000D2799207DED401338B42D6D38DE700BFD5
:10C8F000D02C00202DE9F04F2DED068B91B00F903C
:10C9000001F044F90B90002800F0298100230593E1
:10C910000F9B059A9B681B6853F822301C461846EB
:10C9200009EE103AFDF7F0F800222A212046FAF726
:10C93000D1FF2046FDF7E8F8204601F027F90C90DA
:10C94000002800F005810023069319EE103A9B6839
:10C95000069A1B6853F822301C46184609EE903A96
:10C96000FDF7D2F800222A212046FAF7B3FF20462D
:10C97000FDF7CAF8204601F009F90D90002800F0F3
:10C98000E0800023079319EE903A9B68079A1B6892
:10C9900053F822301C4618460AEE103AFDF7B4F858
:10C9A00000222A212046FAF795FF2046FDF7ACF831
:10C9B000204601F0EBF80E90002800F0BB80002329
:10C9C00008931AEE103A9B68089A1B6853F8226085
:10C9D0003046FDF799F800222A213046FAF77AFF0F
:10C9E0003046FDF791F8304601F0D0F80490002869
:10C9F00000F099804FF00008B146C346D9F80830DE
:10CA00001B6853F82B603046FDF77EF800222A2180
:10CA10003046FAF75FFF3046FDF776F8304601F012
:10CA2000B5F80190002878D008EE106A4FF0000A9F
:10CA3000CDF80890CDF80CB018EE103A9B681B6842
:10CA400053F82A804046FDF75FF800222A2140462D
:10CA5000FAF740FF4046FDF757F8404601F096F8D8
:10CA60000A90002852D008EE908A4FF0000B18EE82
:10CA7000903A9B681B6853F82B703846FDF744F8D2
:10CA800000222A213846FAF725FF3846FDF73CF800
:10CA9000384601F07BF8814698B30025CDF824A0F4
:10CAA000BB681B6853F825402046FDF72DF800228F
:10CAB0002A212046FAF70EFF2046FDF725F82046EA
:10CAC00001F064F8C0B14FF000088246A3681B680B
:10CAD00053F828603046FDF717F800222A21304627
:10CAE000FAF7F8FE3046FDF70FF808F10108304676
:10CAF000FFF700FFC245E9D10135A945D0D1DDF8E6
:10CB000024A00A9B0BF1010B5B45B0D1019B0AF1FC
:10CB1000010A534590D1DDE9029B049B0BF1010B07
:10CB20005B457FF46BAF089B0E9A01339A420893E2
:10CB30007FF447AF079B0D9A01339A4207937FF426
:10CB400022AF069B0C9A01339A4206937FF4FDAE06
:10CB5000059B0B9A01339A4205937FF4D9AE11B02D
:10CB6000BDEC068BBDE8F08F014814210DF046BAEC
:10CB7000D02C0020014B1870704700BF240000200B
:10CB80002DE9F04F2DED028B87B0C2F380230546CF
:10CB900002935004C2F38033039348BF22F48043CE
:10CBA000934648BF1FFA83FB08EE10BA0E4618EEF4
:10CBB00010AA002D00F0828050460EF0A5FF2B8CAD
:10CBC000B5F822C095F822400193012202FA00F044
:10CBD0006FEA03091CF4FC7FC7B21FFA89F9C4F39A
:10CBE0008004CCF3C50E52D0B4B17FE05B6803F48F
:10CBF0007F039E420DD1105883791F4209D005AAA8
:10CC000051460EF0DDFE00284CD1B5F822C0CCF321
:10CC1000C50E0134A6453AD9EA6802EBC403E00028
:10CC2000D9798907E2D4A64531D901344FF0FF3BC9
:10CC300006E0B5F822C0CCF3C503A3422FD90134D6
:10CC4000E968E200083A8B185B6803F47F008642CB
:10CC5000C3F31703EFD1885882791742EBD013EA58
:10CC6000090F1FFA83F8E6D1D845E4DD05AA51463D
:10CC70000EF0A6FE0028DCD0019B434512D0B5F88B
:10CC800022C0CCF3C503A3420CD9C346D7E7029B0D
:10CC9000A3B17EB9284600F065FF054687E7BBF1E2
:10CCA000FF3FF4D00598039B63BB07B0BDEC028B3C
:10CCB000BDE8F08F0026002D7FF47EAFD3463EB94D
:10CCC00041F201039B4545D041F204039B4535D019
:10CCD00058460EF0ABFE039A002AE6D0044695B9FA
:10CCE000204607B0BDEC028BBDE8F08FEB68002456
:10CCF00004E00134A64503F10803C8D0DA799207AD
:10CD0000F7D490E70446632231462846FFF738FF00
:10CD100007460028E4D00368002BE1D064223146A6
:10CD20002846FFF72DFF10F0FF02D9D021463B68BF
:10CD30003846984760F30F042046D2E72B6833B19A
:10CD4000B3F916000028AED11B68002BF8D10023E0
:10CD5000DB8AFFDE2B6833B1B3F914000028A2D1BF
:10CD60001B68002BF8D100239B8AFFDEF8B515461F
:10CD7000064601F47F04FCF7C7FEE8040CD5B4F5C1
:10CD8000702F01D0002C56D100222A213046FAF70C
:10CD9000A1FD3046FCF7A4FBB4F5702F00D0ACBB6E
:10CDA0004FF6FF739D4240D0A90428D42B0538D4F8
:10CDB0003046FCF7A9FE6A0520D515F4C05F1DD0EA
:10CDC000B4F5803F1AD0304600F0E0FE0746A8B127
:10CDD0000025B3681B6853F825402046FCF794FEF5
:10CDE00000222A212046FAF775FD2046FCF78CFE2A
:10CDF00001352046FFF77EFDAF42EAD1F8BD30464F
:10CE000000F0B0FE0028D1D0FCF76AFB4FF6FF73AC
:10CE10009D42CBD13046FCF7DFFA3046FCF774FE7A
:10CE2000CEE73046FCF7D8FAC2E7304600F09AFE6B
:10CE30000028E9D1EEE741F2040200213046FFF775
:10CE40009FFE42F2D17700B2B8429DD041F201027A
:10CE500000213046FFF794FE00B2B842D6D193E7E6
:10CE6000024B1B7803B97047FFF780BF24000020F6
:10CE70002DE9F8430546164600234FF6FF72884613
:10CE80003146FFF7A7FC6A8C12F4FC7FC2F3C5039E
:10CE90005BD0E86800240246D17911F0030F4FEA15
:10CEA000C40702F1080209D001349C42F4D1631C8A
:10CEB00003F03F010B460837C90004E0013303F0DB
:10CEC0003F010B46C9006A8C63F3C8026A840DF007
:10CED000EDF96A8CE860C2F3C502511EA142814699
:10CEE00019D9C2F10203023A944223444FEAC10025
:10CEF0004FEAC303A1EB040488BF0023A0F108019B
:10CF00004FEAC4041944184494BF224608224944F5
:10CF1000484410F009FF082109EB07000DF0D8FD87
:10CF2000EB680D4943F807803B445A6866F31702E3
:10CF30005A600B780BB9BDE8F883314628464FF6A6
:10CF4000FF72BDE8F843FFF711BF1F461C46E868B3
:10CF500008210123B7E700BF24000020F0B50568D1
:10CF60006B8C13F4FC7F83B0C3F3C50C38D0EA6834
:10CF700004460023D07980074FEAC30603F101037A
:10CF80004DD55068A768C0F31700B84247D1A388B1
:10CF9000632B58D026D9682B08D045D940F257408A
:10CFA000834247D041F2594083422CD1FE293FDCD5
:10CFB000E7681068194601AA0EF002FD10B1019B46
:10CFC0009F4267D0EB68A18898593A460EF06EFCF4
:10CFD000344B1B7823B1A288A1682068FFF7C6FEF6
:10CFE00003B0F0BD202B25D0A3F1300080B217286C
:10CFF00009D82D4F4FF0010C0CFA00F0384219D12E
:10D0000010F0180FD2D10029D2D0FF2910D0D4E9C6
:10D010000370C01B01FB00F007EB2027C9E7634545
:10D0200002F10802A6D1DBE7672BECD1FE29BFDDB8
:10D030002769BEE7002910DDFE2913DD218A0027BC
:10D0400061F30F07B5E7E768002FF1D020690028EA
:10D05000AFD07F29C8BF0746ABE7A189002761F39E
:10D060000F07A6E704314FEAE10C208AA1890F4F90
:10D0700041EA014140EA004039403840401A0CFB87
:10D0800000F001EB5011394041EA1141002761F3F2
:10D090000F078EE7EB68A18898593A460EF006FC18
:10D0A0009EE700BF24000020010890001FF8E00761
:10D0B0002DE9F04F804683B097B202F47F068A468E
:10D0C000002900F08580CB79003B18BF01235B422B
:10D0D0009BB20193B8F8223013F4FC7FC3F3C5016F
:10D0E0002AD0D8F80C5053460020AA4604464FF6E2
:10D0F000FF7B1D460AEBC4025F4553684FEAC40933
:10D10000C3F3170303D01FFA83FCBC450AD1B6F55D
:10D11000702F03D003F47F03B34203D17DB11368B2
:10D12000AB420CD00134A142E4D828B1019B1BB121
:10D130002E4B1B78002B4FD103B0BDE8F08FD37975
:10D14000990738D49B0727D1B8F82230C3F3C50319
:10D150005A1EA2420AD9121B09F10801D2005144F9
:10D160000AEB0900009310F0DFFD009B3F3303F052
:10D170003F01B8F8223061F3C8035046C900A8F84F
:10D1800022300DF093F8B8F82210C8F80C0082464F
:10D19000C1F3C5010120C6E710680EF0F3FAD8F814
:10D1A0000C3053F809000DF039F8D8F80CA0002322
:10D1B0004AF80930C8E700234FF6FF72314640466F
:10D1C000FFF708FBD8F80CA00AEB0902D379B9E7FE
:10D1D0004FF6FF7301937DE74FF6FF7231464046ED
:10D1E00003B0BDE8F04FFFF7C1BD00BF2400002031
:10D1F00003462DE9F0411F682B483D68B7F80480CD
:10D200000CF058FFC0B1284C034603E00CF05AFF65
:10D21000034688B19F4219462046F7D03A681E68F7
:10D220009642F3D1BA689E689642EFD19A88BB883D
:10D230009A42EBD1BDE8F0816B8C13F4FC7FC3F311
:10D24000C50CF7D0EA680023D17989074FEAC304F7
:10D2500003F1010305D55168B868C1F31701814294
:10D2600005D0634502F10802EED1BDE8F0813946F0
:10D270000D480CF0F7FE38460CF0D0FFEF68414641
:10D2800038590EF0A1FAEB6818593E190EF036FC29
:10D290000028CFD072683959284622F07F42BDE875
:10D2A000F041FFF705BF00BFD02C002030B5046867
:10D2B000A168A288206883B001F47F010191FFF783
:10D2C0005FFCA5880199E06000232A462068A380BE
:10D2D0002346FFF77FFAA1682068A580FFF720FAB0
:10D2E000E268A188006803B0BDE830400EF0DEBA05
:10D2F0002DE9F8430546408C10F4FC7F1F460E468E
:10D30000C0F3C5039046E8686AD04FF0000E84462B
:10D310009CF80740E2070EF1010E05D5DCF8044049
:10D32000C4F31704A74258D09E450CF1080CEFD166
:10D330000EF1010E0EF03F018E46C9006B8C6EF3AC
:10D34000C8036B840CF0B2FF8446E860002841D02B
:10D350006B8CC3F3C5035C1E14D000EBC30304E065
:10D3600003C9013C82E803000CD013F8090C10F04B
:10D37000030FA3F110010CEBC402A3F10803EFD0DB
:10D38000E4009446604608210DF0A2FB0820D5F881
:10D390000C900CF0B9FFEB6849F8040018590EF036
:10D3A000EDF9E9680B19DA7942F00102DA715A688D
:10D3B00067F317025A600859424631460EF076FA72
:10D3C000094B1B783BB1324639462846BDE8F84345
:10D3D000FFF7CCBCFEE7BDE8F883DCF80000EBE724
:10D3E00008214FF0010EA9E724000020B0F822C068
:10D3F0001CF4FC7F30B5CCF3C50412D0C0684FF0EC
:10D40000000C90F807E01EF0010F0CF1010C04D0A5
:10D410004568C5F3170E9E4505D0A44500F10800E8
:10D42000EFD1002030BDBDE8304000680EF0C8BA32
:10D430002DE9F0471E4690B090F82230189D0284E6
:10D4400043F0040380F8223091462A8904460F46AF
:10D45000FFF796FB2A892684824639462046FFF745
:10D460008FFB94F8223082456FF3820384F82230D8
:10D4700042D02A89A4F82090394680462046FFF7FA
:10D480007FFB3946814626842046FFF749F92989E2
:10D4900000684A460EF00AFA2B89602BCA462FD044
:10D4A00035480CF0B3FD064648B32B8983800460F1
:10D4B000C0E903986846B7600BF08AFF6A889DF858
:10D4C0003E102E4801900023524263F30001CDE943
:10D4D00007330B92EB682A698DF83E10CDE90523DE
:10D4E0002988274A274B0096FF246846CDE9094141
:10D4F000CDE902230CF056F810B0BDE8F087FEE746
:10D5000047F6FF73994518D09845C9D12046FCF7D6
:10D5100055F800EBD07040F34F062046FCF74EF86C
:10D5200000EBD07040F34F039E42ABBF0133013696
:10D530000FFA83F80FFA86F8B2E72046FCF73EF8B8
:10D5400000EBD07040F34F062046FCF737F800EBB5
:10D55000D07040F34F039E4206DA01360FFA86F987
:10D56000D04508BFC8469BE701330FFA83F9D04581
:10D5700008BFC84694E700BFD02C00205DCF00084C
:10D58000ADD20008F1D100082DE9F043438C13F42B
:10D59000FC7F064683B0C3F3C50000F0468100253A
:10D5A0006FEA0108D743A94608E04FF00209708CE2
:10D5B000C0F3C5000135A84240F23381F26802EBA6
:10D5C000C503EC00D97911F0020FF3D19B8818EA5A
:10D5D000030F0CBF012100211F420CBF01230023B8
:10D5E0009942E7D0145941F6100101AA20460EF0E5
:10D5F000E7F9002840F0138101AA41F61101204605
:10D600000EF0DEF9002840F00A8101AA41F612016D
:10D6100020460EF0D5F9002840F0018101AA41F61C
:10D62000130120460EF0CCF9002840F0F88001AA42
:10D6300041F6150120460EF0C3F9002840F0EF80B6
:10D6400001AA41F6140120460EF0BAF9002840F074
:10D65000E68001AA41F2690120460EF0B1F90028E6
:10D6600040F0DD8001AA43F20C0120460EF0A8F93B
:10D67000002840F0D48001AA43F20D0120460EF0AC
:10D680009FF9002840F0CB8001AA41F20101204619
:10D690000EF096F9002840F0C28001AA41F2040180
:10D6A00020460EF08DF9002840F0B98001AA41F221
:10D6B000020120460EF084F9002840F0B08001AA53
:10D6C00041F2030120460EF07BF9002840F0A780CC
:10D6D00001AA41F2050120460EF072F9002840F03F
:10D6E0009E8001AA41F2060120460EF069F9002849
:10D6F00040F0958001AA41F2320120460EF060F917
:10D70000002840F08C8001AA43F60F0120460EF05D
:10D7100057F9002840F0838001AA43F60E01204605
:10D720000EF04EF900287AD101AA40F60A012046EF
:10D730000EF046F900287FF438AF01AA40F60B013D
:10D7400020460EF03DF900287FF42FAF01AA43F6E2
:10D750000F0120460EF034F900287FF426AF01AA0D
:10D7600043F60E0120460EF02BF900287FF41DAF82
:10D7700001AA40F63C0120460EF022F900287FF471
:10D7800014AF01AA40F63D0120460EF019F9002819
:10D790007FF40BAF01AA40F63A0120460EF010F9D3
:10D7A00000287FF402AF01AA4FF4046120460EF076
:10D7B00007F900287FF4F9AE01AA40F6450120469A
:10D7C0000EF0FEF800287FF4F0AE01AA40F6410109
:10D7D00020460EF0F5F800287FF4E7AE01AA40F6E7
:10D7E000420120460EF0ECF800287FF4DEAE01AADC
:10D7F00040F6430120460EF0E3F800287FF4D5AE52
:10D80000204601AA40F649010EF0DAF800287FF41C
:10D81000CCAEB9F1010F38BF4FF00109C7E64FF0A8
:10D820000309484603B0BDE8F0838146F9E700BF2D
:10D8300080B2704700F47F00704700BF70B541F2BE
:10D840005D4205460E46FFF79BF941F26A42C4B2BB
:10D8500031462846FFF794F9012C204638BF0120B5
:10D8600070BD00BF13460A4641F20101FFF740BDFB
:10D8700013460A4641F20401FFF73ABD13460A4631
:10D8800041F20701FFF734BD13460A4641F2080191
:10D89000FFF72EBD13460A4641F20901FFF728BDE6
:10D8A00013460A4640F64901FFF722BD2DE9F04133
:10D8B000002221210546FAF70DF800285AD0AB685E
:10D8C0004BB15A683AB11B68186820B1FFF7EEFFF8
:10D8D000AB68002BF5D12846FBF786F906460020F9
:10D8E0000BF028FC044630B300270BE0236B9D426D
:10D8F000236D08BF27639E420FD020460BF01AFC11
:10D900000446C0B1636A9D4202D0A36A9D42EDD134
:10D9100029462046FAF76AFAE8E7FAF7EBFA854271
:10D92000EBD120462946FAF761FA20460BF002FCBB
:10D9300004460028E6D12846FBF77CFA6B68DBB189
:10D940009C68D4E90071002C54D038460A46002364
:10D9500008E01E468E4203D257F82660B54255D0E5
:10D9600001330132994245D0002BF2DA002AF7DB6D
:10D970001646EFE7BDE8F08135480CF09BFB064604
:10D98000A8B3DFF8CC80716A51B3F768381F002361
:10D99000024602E001338B4222D052F8044FA542E6
:10D9A000F8D1002202E001328A4203D250F8043F4B
:10D9B0009D42F8D14C1EA24207D29000011DA21A2E
:10D9C00092003944384410F0AFF97462A10038462F
:10D9D0000CF06CFCF0602846BDE8F0410CF01EBC79
:10D9E000314640460CF06EFB06460028CBD10023A2
:10D9F0005B6AFFDE01393846616089000CF056FC35
:10DA000020602846BDE8F0410CF008BC013999427D
:10DA1000F2D95A1C57F8221007EB820747F8041C6A
:10DA200069688C68616801398A420FD202339B00B1
:10DA30002168C818C95840F8041C69688C68616876
:10DA4000013201398A4203F10403F1D32068D3E79C
:10DA5000E02B00202DE9F8430546FCF755F8002D92
:10DA600046D06C68C4B12046FEF796FD2846FFF705
:10DA70001DFF00212046FEF7CDFD2046FEF78CFD60
:10DA8000002222212046F9F725FF20460022BDE88A
:10DA9000F8432421F9F71EBF2E4619480CF00AFB63
:10DAA0008046D8B1DFF85890D8F82470C7B1D8F8BC
:10DAB0000C200023043A01E0BB4211D052F8044F7D
:10DAC000B44203F10103F7D1D8F810402846FFF71C
:10DAD000EDFEAC4202D10023C8F81030BDE8F88357
:10DAE000414648460CF0EEFA80460028DCD1F5E7C6
:10DAF0006B68002BD0D01E465B68002BFBD1CCE7B7
:10DB0000E02B002020B1436813B118460028FAD159
:10DB1000704700BFF8B54368FBB11D465B68002B3A
:10DB2000FBD10F480CF0C6FAA8B10D4F466A66B19A
:10DB3000C2680023043A01E0B34206D052F8044F11
:10DB4000AC4203F10103F7D1F8BD014638460CF0B1
:10DB5000B9FA0028EAD10020F8BD0546E1E700BF88
:10DB6000E02B002000B14068704700BF806858B1CA
:10DB70000029436805DB994205D2036853F8210068
:10DB80007047C918F7D50020704700BF806800B102
:10DB9000406870472DE9F04F374D9BB00446079021
:10DBA00028680BF0C3FA23689C6BE36A83460BB1C9
:10DBB00020469847DBF800307BB1DBF8043063B1D6
:10DBC0002A68106803E0836A002B40F06F81DBF85D
:10DBD0001030002BF7D1824602E02A68D2F800A06C
:10DBE000DAF80C300121CBF810109869C50703D57D
:10DBF0009B69980700F157810023CBF81430079BED
:10DC00001868DBF8143045690893F5B1037C13F00C
:10DC1000300F33D1D4E9002104898B880F88B1F803
:10DC200002C0C98827441C44438919449C440023EA
:10DC30001E4664F30F0667F30F0361F31F466CF390
:10DC40001F43CDE9183618A9A847DBF8003083B187
:10DC5000DBF804206AB107990968097CC90701D576
:10DC6000089931B1DBF808108B4218BF1A46CBF87F
:10DC700008201BB0BDE8F08F182A00205B07C9D52B
:10DC80009AF8103061680B9103F0060106292468A8
:10DC9000DBD003F03001202900F0B481DF06D4D5B9
:10DCA00010460BF043FA0B990290B1F90250CA8862
:10DCB000B1F904301495B1F900109AF81000ADB222
:10DCC00001329EB2521B8FB20D9515B2721CD21B3F
:10DCD0000FFA82F892B200F0300010924FF4A05286
:10DCE000B2FBF8F2AA42A8BF2A46102811960A955C
:10DCF00012970E9208D1BAF80230DB1B013BB91B18
:10DD000011FA83F109B21BB20B9AD3800A9B51809E
:10DD1000002B9ADD109ACDF85CB0531E99B208F131
:10DD2000010303EBD3735B1006930D9B0491013B3E
:10DD300013449BB2169308EBD8735B100C934B1CE7
:10DD40005B000F9308FB08F20023159209939B4692
:10DD5000CDF804A0DDE909200E99831A9942A8BFE5
:10DD600019468A46029901230B610FFA8AF512B906
:10DD7000804540F39D80BBF1000F00F03D81019B89
:10DD80001F7C08FB0AF9BAF1000F07F03007A9EB76
:10DD90000A0624DDC5EBC570DDF83CE0CDF80CA02B
:10DDA0004000234609F1FF3C302F40F0D880B8F105
:10DDB000000FACEB0602C8BF03EB0E0A06DD33F81A
:10DDC000021B2BF8121053452A44F8D10136B145F5
:10DDD000EAD1019BDDF80CA01F7C07F03007102F63
:10DDE00000F0FA80019BBDF824701A880D9B0B99F6
:10DDF000D21A013AD21B1FFA8AF392B21846039341
:10DE0000531C1B1A9BB28A800B80099951448A4685
:10DE10000A998A45C0F2DC8002988169CE0740F1F8
:10DE2000D78081698D0740F1D3800121416101993B
:10DE300008894989034410440B9A5688D2880E44B5
:10DE400011440022154660F30F0563F30F02019899
:10DE500066F31F4261F31F45CDE918254369BBF105
:10DE6000000F14BF5A46224618A9984704E0019BA8
:10DE70009B6A002B40F0A980029B1B69002BF6D106
:10DE8000039B0A9A1F443BB29A4204EB490409934C
:10DE90003FF760AF5846DDF85CB000283FF4D5AEE0
:10DEA0000CF002FBD1E6CBF81410A8E6984787E601
:10DEB000019B1B7CB8F1010F03F030020592D8BF23
:10DEC00013466ADDB8F1000F64DDDDF824A0CDF85B
:10DED0004CB05546049BA3EB0A0000B2002308FB9C
:10DEE00000FB194616E034F81E6034F8192024F8B7
:10DEF000196034F81C6024F81E60039934F811602E
:10DF000024F81C6024F81120069A01331BB29342B6
:10DF1000194633DA049A01FB080605EB01099BB2A6
:10DF200005990396D21A12B2302902FB08AE02EB11
:10DF30000B0CD8D034F816C034F8191024F819C0D6
:10DF400002EB0B0702FB08A234F817C024F816C036
:10DF500034F8126024F8176024F81210D4E7B8F1EE
:10DF6000000F7FF733AF0BEB460203EB0E0A33F8DB
:10DF7000021B11809A450244F9D127E70C9A0AF155
:10DF8000010A0FFA8AF39A424544A3DC019BDDF8AB
:10DF90004CB01B7C03F030030593102B00F08880FD
:10DFA000019B0B991A880D9BDDF85490D21ADDE97C
:10DFB0001103013A92B21B1A13449BB28A800B8060
:10DFC00010990391C24600271FE70198984753E72D
:10DFD0000298002141612AE7BDF824700D9B0B993E
:10DFE0003B441FFA8AF29BB2104603925A1E024427
:10DFF00092B20B808A8008E74FF420500CF09CF915
:10E000008346BCE60B9BB3F80490B3F806E01F8888
:10E01000B3F802C009F101020EF10105D21BA5EB14
:10E020000C0512B22DB24FF0FF3302FB053302FB99
:10E0300005F573B104EB4500A11E013BEA1A013A54
:10E0400030F8026D31F8028FA0F8008093420E8004
:10E05000F3D8BAF80230BAF80010013B01399BB28C
:10E0600089B2A3EB0C00CD1B2246A3EB0E030B9C45
:10E07000A1EB090180B2ADB29BB289B2E0806380AE
:10E08000A5802180BAF808402144ADF86010BAF8A4
:10E090000A102C440B440144ADF86230ADF8661010
:10E0A000DAF81430ADF86440504618A99847CCE52A
:10E0B0000B9B149A1A80169A9A80109B0393DDF892
:10E0C00054900D9BC24600279FE600BF2DE9F0410A
:10E0D00082B00F460190064600246A461221384657
:10E0E0008DF80040F9F7F6FB9DF80030022B2AD09E
:10E0F0003846FFF74BFD8046E0B1BB681B6853F81C
:10E100002450002205F1140130460BF095FC034623
:10E11000012128465BB1FAF759FD034629463046EE
:10E120002BB9FFF7D3FF10B102B0BDE8F081013485
:10E13000A045E2D19DF80030002B0CBF38460020EE
:10E1400002B0BDE8F081204602B0BDE8F08100BF1A
:10E15000704700BF2DE9F0410C4686B0054601210D
:10E160002046FAF733FD10B106B0BDE8F08102A9F0
:10E170002046AF68FBF71CFA2046FBF75DF9024624
:10E18000014602A80BF0DEFA02AA394668460BF0F7
:10E1900001FB0028E8D02A461421C5F808D0204603
:10E1A000F9F798FB2A4615212046F9F793FB2A46F2
:10E1B00016212046F9F78EFB4FF400212046FAF78E
:10E1C00005FD04AE48B338687968334603C3AE60D2
:10E1D0002046FFF7DBFC804650B10026A3681B6891
:10E1E000284653F826100136FFF7B4FFB045F5D1A5
:10E1F0002A461721C5F808D02046F9F76BFB2A46B6
:10E2000018212046F9F766FB2A4619212046F9F71E
:10E2100061FBAF6006B0BDE8F08104F1140239463D
:10E2200030460BF0B7FA0028E2D0D0E72DE9F843EA
:10E23000814600293DD0884641464846FFF78AFF7F
:10E240004046FFF78FFC0546002839D02846FFF7E7
:10E250009DFC0746B8B10024264608E0A1EB08065D
:10E260000134B6FA86F6A7424FEA56160BD0AB68D1
:10E270001B6853F82410002EF0D048460134FFF7F5
:10E2800069FFA742F3D117214A462846F9F722FB36
:10E290004A4618212846F9F71DFB4A461921284607
:10E2A000F9F718FB2846FFF75DFCA84640B1054684
:10E2B000CCE7044B1868F9F7F5F980460028BBD184
:10E2C000BDE8F883182A00202DE9F0417A4E96B077
:10E2D000054630680AF02AFF03681BB1436804460C
:10E2E000002B69D030686F68F9F7DCF9002204462A
:10E2F00000F1140138460BF09FFB50B3012120467A
:10E30000FAF764FC804620BB21463846FFF7DEFE64
:10E3100033685F690446002F40F0A28050B3214665
:10E320002846FFF783FF3068F9F7F8F901462846D9
:10E33000FFF77CFF3068F9F7FBF901462846FFF745
:10E3400075FF306803681B7C9B073ED516B0BDE89F
:10E35000F08133685C696CB16F68002204F11401CC
:10E3600038460BF069FB28B101212046FAF72EFC54
:10E37000002858D0AC6A002C2CD008A802F01CFD54
:10E380003368DA6A0C9293F829208DF83A205B8D75
:10E39000ADF824308DF82320AB6A6A6808A92846B6
:10E3A00098473368596919B12846FFF73FFF33682A
:10E3B0001C69B4E71046984730682369002B92D057
:10E3C0000268936A002BF8D0F4E716B0BDE8F0417C
:10E3D000FFF7E0BB3368D86A002830D005A903F006
:10E3E0007FFD0128DDD1BDF81620059BC2F34A123E
:10E3F000C3F38A23013A12B2013B21461BB20092B9
:10E4000006A822460BF07AF908A800F05DFB3368F5
:10E4100093F829008DF82B00DB6A06AA08A9284684
:10E4200000F064FBBDE721463846FFF74FFE01468A
:10E4300000299FD033685A69002AB5D1B8E708A8E7
:10E4400002F0BAFC33685A8DADF8242093F82930D5
:10E450006A688DF8233008A9284602F0D3FCA0E7AB
:10E460006B6803931846424607F114010BF0E4FA77
:10E47000039BC8B1012138460393FAF7A7FB039B1E
:10E4800090B939461846FFF721FE0146002CCFD03F
:10E4900033685B69002B3FF442AF002908BF19467F
:10E4A0002846FFF7C3FE3AE7002C3FF463AF33681A
:10E4B00059690029F4D132E7182A002070B50D46B9
:10E4C00084B000283BD00446002D34D000232046E1
:10E4D00000930AF0F3FD431E2046ADF804300AF025
:10E4E000FFFD6E460138ADF806002946324602A807
:10E4F0000BF050F9E8B12068037C9B0726D48369B0
:10E500000BB102A99847B4F85031002B3DD000253B
:10E5100003E0B4F85031934228D9A9B20631002261
:10E5200004EBC10102A80BF087FA0135AAB200285A
:10E53000EFD004B070BDA4F8505104B070BD0AF023
:10E54000B7FD04460028BFD104B070BD96E80300B3
:10E5500004F13003626883E803000123A4F850311A
:10E56000002AE6D010460DF019FCE2E71F2B0CD96B
:10E57000DDE90023C4E90C2301236068A4F85031CD
:10E580000028D6D00DF00AFCD3E79A1DDDE9025031
:10E5900004EBC201013344F832509BB24860ECE70F
:10E5A000014B1868704700BF182A00202DE9F04F72
:10E5B0008DB004460AF0D6FD002307900993002C85
:10E5C00000F0E181A24DE3682B6020460DF0E0FBF6
:10E5D00028680069FCF7F2F92B68586910B1FCF75C
:10E5E000EDF92B68D869FCF7E9F92B68186AFCF794
:10E5F000E5F92C682369002B00F0C081B4F85021A4
:10E600004FF0000B22B9C3E10BF1010B93454FD240
:10E6100004EB0B0393F83061002EF5D1002A00F0D3
:10E62000B7814FEACB080BF1060908F130084FEA31
:10E63000C90905E02C68B4F8502101369642E3D2AE
:10E64000A319F70093F830313037E11904EB0800D3
:10E65000002BF2D15E45F0D00BF0D0F903460AA8AA
:10E66000002BE7D02968CA1941440BF0BFF80AA86B
:10E670000BF058F82B68824603EB08000BF052F8B9
:10E680002B680446D8190BF04DF80444A2452C68B9
:10E690000BD2DDE90A3104EB090244F80930A31971
:10E6A00051604FF0010283F83021B4F85021C4E7E3
:10E6B000684900230B60002A00F0218102F598735D
:10E6C0002344511E13F8010D002800F07381013915
:10E6D000F8D2002306932368DB6800210391197E9A
:10E6E0006FF300011976197E6FF3410119760DF170
:10E6F00028080399631893F83031002B40F0D78035
:10E70000069B8B422168CA6802BF137E43F0010357
:10E710001376137E6FF3410313768E6B9368039A1F
:10E720003360D2000B7C02F130010591990740F073
:10E73000EF8004EB020A2046BAF83440BAF83030D1
:10E74000BAF936700134E41ABAF8323007F1010B25
:10E75000ABEB030B0AF0C4FC874224B20FFA8BFB2D
:10E7600080F2FA80BAF936702A681068C368DB68EC
:10E77000B3FBF4F98369D945A8BFD9462BB34FF051
:10E780000002ADF82C2000220A920FFA89FB06E065
:10E79000002C40F300812B6818688369A3460BF1B5
:10E7A000FF3424B24146ADF82E409847BDF92E10F3
:10E7B000BDF82A300131CB1A1BB29945E8DBBBF119
:10E7C000000F40F3E8802A688946BAF932C00CEBA2
:10E7D0000903013BBB42494600F3E9808BB203EBDE
:10E7E0000C04CB460495A4B29946554614E0ADF806
:10E7F0002E70BA46037E43F0020303763046FFF7DD
:10E8000063FD0FFA84FC0CEB0B03013B4C44BB4251
:10E81000A4B221DC049B1A6812682B8ED068ADF874
:10E820002830631E1BB2B5F834E08168ADF82E3095
:10E83000A4EB09029F42ADF82CE0ADF82A20C6E90E
:10E8400001883160D3DBBDF92EA05745D6D1D1E781
:10E85000182A00201C2A0020D346AA46049D2A68B4
:10E860005F4519D01368BAF83010DB68ADF828108E
:10E87000BAF83420ADF82C20ADF82AC0ADF82E70CF
:10E88000C6E901889A6832601A7E42F00202304678
:10E890001A76FFF719FD2A68059810440AF042FF1E
:10E8A000524A2C68136818441060B4F85021039B36
:10E8B000013393420393FFF61CAF02B323681B7C22
:10E8C0009B0779D404F130004FF480710CF000F90B
:10E8D0002868202100F598700CF0FAF82B6807984A
:10E8E0000022A3F850210AF04BFC2B6809901C6809
:10E8F000636A23B13D4A09991268204698470BF094
:10E900002DFE0AF027FB0DB0BDE8F04F01F08EBDE3
:10E9100020460AF0D3FB074628680AF0E1FB0138DD
:10E92000002200B27B1E00901BB2114640460AF046
:10E93000E5FE2B68C6F804801B681A7C12F0020FF3
:10E94000DA680FD0137E43F0020313763046C6F820
:10E950000880FFF7B9FC9EE728680AF0C1FB013880
:10E9600007B201E7059B91691C44137E61F34103E3
:10E9700013763046B460FFF7A7FC8CE7A4F850315B
:10E980000DB0BDE8F08F0AF093FB194D286020E62A
:10E99000164B1A60B3E7BAF932C02A684FF0000983
:10E9A0000CEB0903013BBB4249467FF717AF4FF021
:10E9B000000B55E706918EE620460AF07FFB0446E1
:10E9C00028680AF08DFB0138002200B2631E0AACF1
:10E9D00000901BB2204611460AF090FE286803689A
:10E9E0009B6B5C60FFF7D6F82C686BE71C2A002055
:10E9F000182A00202DE9F041466804460D46DEB194
:10EA00007768A7B1D7F80480B8F1000F0AD0D8F81A
:10EA1000040008B1FFF7EEFFD8F8003013B140460C
:10EA2000294698473B6813B13846294698473368CA
:10EA300013B1294630469847236823B1294620461A
:10EA4000BDE8F0411847BDE8F08100BF2DE9F04175
:10EA5000064690B3FFF75EF8F8F774FE044650B32D
:10EA6000174A00213046FEF723FB6568E5B16F6861
:10EA7000AFB1D7F80480B8F1000F0BD0D8F804007C
:10EA800010B13146FFF7B6FFD8F8003013B1404659
:10EA9000314698473B6813B13846314698472B6852
:10EAA00013B1314628469847236823B131462046A2
:10EAB000BDE8F0411847BDE8F0810AF0F9FACBE76C
:10EAC000FFFF0F00704700BF10B5044618210BF080
:10EAD000FFFF237DFF2100204FF4807243F00103EC
:10EAE000E17220816280237510BD00BF2DE9F04FD7
:10EAF0002DED028B0446A1B016461F46002B37D0E1
:10EB000091F80BC0BCF1020F0D4606D9D0F8188061
:10EB1000B8F1000F06D0C04758B121B0BDEC028B50
:10EB2000BDE8F08F0A690989184602F02DFE81467A
:10EB3000A8BB0DF148080AAF404602F03DF9414636
:10EB40004FF6FF7332462046ADF84C3002F05AF9CA
:10EB5000384600F061F900220092994B324639465E
:10EB6000204600F071F921B0BDEC028BBDE8F08FBA
:10EB700012A802F021F912A94FF6FF73324620467F
:10EB8000ADF84C3002F03EF90AA800F045F98C4B84
:10EB9000009732460AA9204600F056F9BDE7037DEA
:10EBA00003F01F03032B2ED0062B2CD00E2B00F2CC
:10EBB000838047F6A47222FA03F303F0010303F102
:10EBC000040BD9F820700FB312A802F0F5F84FF635
:10EBD000FF7312A932462046ADF84C3002F012F90C
:10EBE0000AA800F019F9204600243B4632460AA93B
:10EBF000009400F029F9484621B0BDEC028BBDE835
:10EC0000F04F03F01BBA4FF0060BDAE7D9F81830D3
:10EC1000002B54D02968326873680A92B1F1807F62
:10EC20000B9342F30F4743F30F4012B21BB218D1BC
:10EC30000AAFA1683A4612A80AF0ACFD002837D006
:10EC40006769D4F8088012ABA3603FB1D9F81830D7
:10EC5000CDF800B0324629462046B847C4F80880AF
:10EC6000C9E7C01B9B1A591C421C6B88009328469D
:10EC70000AAF30F9043B019012B209B2384602F0F3
:10EC80005BFA3288BDF82830BDF82A101344ADF87D
:10EC9000283073881944ADF82A10BDF82C100A44A6
:10ECA000ADF82C20BDF82E201344ADF82E30C0E76F
:10ECB000484603F0C3F930E74FF0040B81E7A16841
:10ECC000324608A80AF066FD0028F1D0BDF82430CD
:10ECD000BDF8202001339B1A1BB203EB430008EE62
:10ECE000103A0BF029FB099B0B930AAF089B03908A
:10ECF0000A930121A368069338460AF00DFDBDF979
:10ED000022A0BDF92610B6F90230B6F900208A45D6
:10ED1000AAEB0300BDF920303EDC9B1A1AB20DF1BC
:10ED20004808CDF810B008EE902ADDF818B0059527
:10ED30000796054646463A46594630460AF1010AC4
:10ED40000AF028FD20B3039B00932AB218EE103A74
:10ED500018EE901A484603F05FF9012805F1010505
:10ED600020D1D4F81480A660B8F1000F06D0049B1F
:10ED700000930599039B3A462046C047BDF82A30C8
:10ED80000133ADF82A30BDF82E300133ADF82E3006
:10ED9000BDF926309A45CEDD069B0398A3600BF0A3
:10EDA00083FB28E74846B046079E03F047F90398DF
:10EDB0000BF07AFB484603F041F9069BA360BBE6E3
:10EDC0008CE101080438C0B20A289ABF014B185CD4
:10EDD0000020704794E1010803281DBF0638B0FAEF
:10EDE00080F04009012070470E289DBF47F6A473AC
:10EDF00023FA00F000F001000020704748B10078CD
:10EE0000A0F120035F2B01D801207047C00940000A
:10EE100070470320704700BF38B5202104460BF02F
:10EE200057FE084A4FF6FF730025FF21C4E900236F
:10EE3000C4E90235A17605200AF038FFE576208284
:10EE400038BD00BF783702082DE9F04F2DED028B59
:10EE50000D46B7B09C460993AB7E0D920021022B64
:10EE60000B9115D9D5F800B0BBF1000F10D0C369D4
:10EE700007466BB12E4696460FCE20AC0FC496E8DF
:10EE80000F0084E80F00634613B19CF8003023B9EB
:10EE900037B0BDEC028BBDE8F08FBA68714619A897
:10EEA00074460AF077FC0028F2D06A7F2B7F0F931C
:10EEB000960700F1F681A388B4F9001001335B1ABC
:10EEC0001BB208EE103A0D9BBBF90840B3F9026083
:10EED000B5F91230ADF85410B5F91810B5F916009F
:10EEE000119023441093429873189BB2ADF856309A
:10EEF000002800F0ED81002900F0E080002309984F
:10EF00000A930023009301925946B5F9142018EE94
:10EF1000103A0DF0BFFD0A9EBDF95630DDF840A055
:10EF2000301859461A46A14618EE103ADDF824B0BA
:10EF3000B446044630E0002200926A7F01920BEB57
:10EF40000408B5F914204046CDE905130DF0A2FDE3
:10EF5000BDF85620524412B212F5806FDDE9051358
:10EF60002044ADF856200FDB429E3668002E0BDAA7
:10EF7000429E34600D9EB6F902C0429EC6F808C09B
:10EF8000A2EB0C0CC6F804C098F800E0A446BEF151
:10EF9000000F3FF47DAF0446B868B0F902004A4460
:10EFA0008242C8DB8B46CDF828C00C940F9B022B05
:10EFB00000F05F82032B00F08882DDE9093203EB69
:10EFC000020AD5E901829045079202D94346079388
:10EFD0009046AB7F980740F0BA8128A801F0ECFE7C
:10EFE0002B8AADF8A430BDF954304FF00009CDE9BB
:10EFF00012939AF80030002B3FF44AAF0023119A85
:10F000001693BDF854301344ADF854300A9A0C9B53
:10F010009B1A089300F04181BDF840300E93002107
:10F0200053460691DA464FF6FF769B4641E0079B32
:10F03000B34240D00A9B09981944B14B1B689847CA
:10F04000044616AB17A918AA58460DF0A1FD6B7F10
:10F05000179913F0010304D0232938D0069B012B04
:10F0600078D0069B022B2FD0B5F80C90189A5046FA
:10F0700009F0FAFCB045059006D0079BB34203D0D7
:10F08000A04501D8A34272D820A9179BFC69ADF80E
:10F090008C9015AA3846A047059931B1BDF8543077
:10F0A000AA8A13441944ADF854101699089B8B4250
:10F0B00019D9B045BBD100231C46C2E7002EC0F2CF
:10F0C000C68109980A911CE7DDF82C90CEE7069AD4
:10F0D000002A63D0012A00F0AC80022AC4D10023A8
:10F0E00016990693E2E7D346AB7F990703F0070230
:10F0F00078D4D30757D4002300936B7F0C9C0193E3
:10F10000099BB5F914201E19594618EE103A3046DD
:10F110000DF0C0FC0D9B1B88ADF854300F9B022BEB
:10F12000044400F08B80032B00F0A180BDF8563022
:10F130000E9A0C990A911A4413B2BA68ADF8563077
:10F14000B2F906209A42FFF6A3AE099B0C9403EB9A
:10F15000010A4EE720291699A8D1129BCB1A072B3A
:10F1600000F00F81AB890B93022306939EE7BDF954
:10F1700056200E99159B1B93013A0A44ADF8722054
:10F18000AA8A013B134403441BAA28A93846ADF8B8
:10F19000703001F037FEB5F80E9075E70693169BB8
:10F1A0001293194682E72A68139B1189ADF86030E3
:10F1B000BDF856305289ADF874900B449B1A9BF9F8
:10F1C0000D209B1A1BB2ADF86230ADF86E30BDF861
:10F1D0005430ADF86C3018AA1BAB1DA9384600F0AE
:10F1E000D9F988E7139BADF860302B68ADF87490BF
:10F1F000B3F9083003EBD372BDF9763003EBD3716A
:10F20000BDF8563003EB610303EB62031BB2ADF8AC
:10F210006230ADF86E30BDF85430ADF86C3018AADD
:10F220001BAB1DA9384600F0B5F9AA7F02F0070212
:10F230005FE70023B5F80C90069317E76B7F009308
:10F24000B5F9143001465A4630460DF057FC0D9A78
:10F250009388128801339B1A1BB2181ABDF85430D8
:10F2600000EBD07003EB6003ADF854305EE76B7FCA
:10F270000093B5F9143001465A4630460DF03EFC75
:10F280000D9A9388128801339B1A1BB2BDF8542043
:10F290001B1A1344ADF8543048E7BDF840300E93C4
:10F2A00022E70292B5F91230009341F6FF73019301
:10F2B000B5F914302A68099928A80DF055FBBDF955
:10F2C000A0306A7F08EE103A0D9BB3F90010FAE502
:10F2D000CDE90002DDF82490B5F9142018EE103ABB
:10F2E000594648460DF0D6FB429ABDF95630DDF836
:10F2F00040A01646944680461A4618EE103A1BE087
:10F300003400002000966A7F0192B5F9142005931D
:10F31000594609EB08000DF0BDFBBDF8562019F861
:10F320000810524412B24044ADF85620C446002999
:10F330003FF4AEAD059B8046B968B1F90210224496
:10F340009142DFDCCDF828C0CDF830802EE61DA834
:10F3500000F014F99BF90E309DF87D20002B08BFBA
:10F360000123ADF87630AB7FC3F3C20363F3010230
:10F37000AB89ADF87430AB7E8DF87D208DF87C3094
:10F380002BE6129B1BF803000B90A0F1300C0BEB4B
:10F3900003025FFA8CF3069310795478937892F80D
:10F3A00003E092F805C0069A0590092A0FD90B9A36
:10F3B000602A03D9A2F12000C2B20B920B98A0F1EF
:10F3C0004102052A00F2D580A0F13702D2B2100125
:10F3D000A4F13002D2B2092A00F292801044A3F1C3
:10F3E0003002D2B2092A00F2A7801301AEF1300236
:10F3F000D2B2092A00F290801344059A303AD2B270
:10F40000092A0ED9059A602A02D9203AD2B2059269
:10F41000059CA4F14102052A00F2AD80A4F1370257
:10F42000D2B21201ACF13004E4B2092C00F29180A6
:10F430002244C3F38503C2F3C40242EA4313C0F378
:10F44000C40043EAC0230B93022306932EE6806890
:10F45000801B109E0028B8BF4042C6F50076B0EB76
:10F46000460F24DD0A91429909984FF0FF330B6053
:10F4700047E56B7F0093DDE909310C9803EB010A46
:10F480005A46B5F91430411A50460DF037FB0D9A23
:10F490009388128801339B1A1BB2181ABDF8543096
:10F4A00000EBD07003EB6003ADF8543089E542986F
:10F4B00000680028FFF605AE42990A904968194491
:10F4C000099BADF8561018181BE56B7F0093DDE91A
:10F4D00009310C9803EB010A5A46B5F91430411A68
:10F4E00050460DF00BFB0D9A9388128801339B1A3E
:10F4F0001BB2BDF854201B1A1344ADF8543060E51C
:10F50000602C84BF203CE4B2A4F14102052A9CBFD8
:10F51000373C50FA84F062E7BEF1600F84BFAEF171
:10F5200020025FFA82FEAEF14102052A9CBFAEF1D5
:10F53000370E53FA8EF360E7602B84BF203BDBB2BB
:10F54000A3F14102052A9DBF373BDBB21B0100231B
:10F550004CE7BCF1600F84BFACF120045FFA84FC7F
:10F56000ACF14104052C9CBFACF1370452FA84F293
:10F570005FE700202CE7002254E700BF10B50A2106
:10F5800004460BF0A5FAFF210022012321722280FC
:10F59000638010BD10B5B1F902403CB10C7A022C69
:10F5A00004D9046AA446BDE81040604710BD00BFFE
:10F5B0002DE9F04F83B005460C9CA07CB4F9108077
:10F5C000B4F90AC0B4F90C70B4F90E9010F001004F
:10F5D0000E46B4F9081040F0DA8062452DDB4A454A
:10F5E0002BDC01EB080E76452BDB06EB030EA7EBBD
:10F5F000080AD64525DC002840F060818C1B9C421F
:10F600001BDC002C05DB2146284601930BF060FA39
:10F61000019BA7EB060E0EF1010EBEF1000F0CDDF3
:10F620009E45C0F24481002C40F0AD809E4540F0E4
:10F63000AA80012003B0BDE8F08F002003B0BDE830
:10F64000F08F0CEB080E724503DBA9EB080E724538
:10F65000D1DD07F1010E1FFA8CFC92B2AEEB010E68
:10F66000891BA2EB0C060FFA86FAD0451FFA8EFE14
:10F67000B7B200F394801FFA88F808F1FF36B6B2EB
:10F680003744BC44ACEB090C0FFA8CFC676989B2B7
:10F6900001EB0E028C19D7E9026136F81C60D7F82D
:10F6A00004E031F81C70A2EB08023244A41B0CF1F8
:10F6B00001061FFA82F831F81660F61B0EEB0701FF
:10F6C00024B2B7B212B236B2002874D0002E4ADD8E
:10F6D000013F06F1FF3EBFB204F1FF39A9EB070974
:10F6E00001FA8EFE944620462F19AE181EF8011915
:10F6F000BCF1000F6FEA0101C9B215DB9C4513DABA
:10F7000096F800A0BAF1FC0F00F2B980BAF1020F2E
:10F7100040F2B78011FB0AFA0AEB0A2B0AEBCB1A6C
:10F72000CAF3C75A86F800A0002813DB984211DA02
:10F7300097F800A0BAF1FC0F0BD8BAF1020F40F213
:10F74000A98011FB0AFA0AEB0A210AEBC11ACAF3D3
:10F75000C7513970013881450CF1010C07F1FF37B1
:10F7600006F10106C2D101349C42A8BF1C46934257
:10F7700024EAE47440F39080A24280F29380002156
:10F7800028190BF0A5F9022003B0BDE8F08F6245FF
:10F79000FFF64FAF4A457FF724AF01204AE7ACEBB5
:10F7A00002021FFA88F8013A424408F1FF360FFAC4
:10F7B00082FCB6B26AE7002E46DD01F1FF3A013F56
:10F7C000BFB2B244AAEB070A31449446204605EB87
:10F7D000040EAF18BCF1000F11F8019D13DB634557
:10F7E00011DD97F80080B8F1FC0F46D8B8F1020F90
:10F7F0004DD919FB08F808EB082B08EBCB18C8F318
:10F80000C75887F80080002813DB834211DD9EF87B
:10F810000080B8F1FC0F0AD8B8F1020F34D919FBF7
:10F8200008F808EB082908EBC918C8F3C7598EF87F
:10F83000009051450CF1010C00F1FF300EF1FF3E3C
:10F8400007F10107C6D132449A42A8BF1A4622EAFC
:10F85000E272991AA81801930BF03AF9019BA11BC7
:10F8600001319942A8BF1946284621EAE1710BF0FF
:10F870002FF9022003B0BDE8F08FC846C1E78A46E1
:10F8800050E74FF0000A4DE74FF00009CFE74FF087
:10F890000008B6E700215CE7A342FFF670AF1B1B30
:10F8A00019B26DE7A8EB04080FFA88F168E7A3EB3B
:10F8B0000E0105EB0E000BF00BF964E7881B20EA44
:10F8C000E07098423FF75FAFB91B091A0131421847
:10F8D0009A42C8BF191A0029FFF655AF28440BF009
:10F8E000F7F80220AAE600BF2DE9F041069C864603
:10F8F000A08A121A0FFA82FC628A891A226A09B255
:10F900004ABB94F8282012F001000ED0237C9C07FB
:10F9100009D503F00303022B00F02381032B17D139
:10F92000BCF1000F14DDBDE8F081227C12F002046E
:10F9300040F0148102F00300012800F01881002833
:10F9400040F07181CA1800F10981002940F3528109
:10F950000020BDE8F08194F82820D00775D5E5692E
:10F9600001FB05F0002D4FEAA02040F3E98060453F
:10F9700000F3E280C81805FB00F0BCEBA02F00F3F9
:10F98000E780A06900FB0CF040F39500071210F02F
:10F99000FF0000F08181C0F1FF06606A00FB06FCF9
:10F9A0004FEA2C2C791ACCF1FF051ED499421CDAAF
:10F9B0000CFB06F09207C0F347205CBFC043C0B207
:10F9C000FC281EF801200EEB01060AD8022840F29E
:10F9D000FE8112FB00F202EB022002EBC012C2F326
:10F9E000C7523270606A94F8282001F1010C0EEBC6
:10F9F0000C0614E012FB00F202EB022002EBC01234
:10FA0000C2F3C7523270606A94F828200CF1010CDE
:10FA10009C45A5EB000506F1010680F2F4808542C5
:10FA200040F30B81BCF1000FF0DB9C45EEDAA5EB57
:10FA300060009707C0B244BFC043C0B2FC28327810
:10FA4000E0D80228D6D80022DCE7A06900FB0CFC35
:10FA500000284FEAAC25CCBF6E1C2E46B1426BDCB1
:10FA6000CE18B54274DC00EB0C064CF38D2846F33F
:10FA70008D27B845CCF387054FEA062CA8EB010685
:10FA800000F08B800028C0F21081E169C5F1FF0C05
:10FA900001FB0CF1002E4FEAA125C0F27E81B3429A
:10FAA0001CDD05FB0CF19207C1F347215CBFC94384
:10FAB000C9B2FC291EF806200EEB06000AD802295E
:10FAC00040F2898112FB01F202EB022102EBC1122A
:10FAD000C2F3C7520270A06994F82820C5F1FF0153
:10FAE00001FB00F08012751CAB421ADD01FB00F037
:10FAF000C0F34720910744BFC043C0B2FC281EF8A2
:10FB0000052075440AD8022840F2638112FB00F2F6
:10FB100002EB022102EBC112C2F3C7522A7094F821
:10FB20002820920740F12A81B342FFF611AF002E40
:10FB300080F247810220F6E6C2F34000BDE8F08182
:10FB40006045F9DBC81805FB00F0BCEBA02F1EDAFE
:10FB500082F00200C0F34000BDE8F0810120BDE862
:10FB6000F081BCF1FF3FACBF00200120DBE60029A3
:10FB70003FF7D9AECB423FF5EBAE4A4293427FF717
:10FB8000E7AE114670460AF0A3FF0220CBE6A0695B
:10FB90000CFB000040F39500F8E6701C002EC0F24C
:10FBA000DC80B34240F3D980CCF3872C65449207C4
:10FBB000C5F3470544BFED43EDB2FC2D1EF806200A
:10FBC00076440AD8022D40F2088112FB05F202EBBE
:10FBD000022502EBC512C2F3C752327094F82820F6
:10FBE000950740F1F080791A8B427FF7B1AE00297A
:10FBF000A0DBC7E7484283429CDD704411460AF00F
:10FC000067FF02208FE690074CD41CF1010C3FF5F2
:10FC10009FAE9C458EDC0EEB0C00A3EB0C010AF0B2
:10FC200057FF02207FE6D9423FF592AE0029A4DDBE
:10FC3000002B7FF78DAE2146A4E79C45E3DABCF1AB
:10FC4000000FE0DBA06905FB00F0801205FB00F06F
:10FC5000E569C0F34720002DBCBFC043C0B2950783
:10FC600044BFC043C0B2FC281EF80C200EEB0C05AC
:10FC70000AD8022840F2A38012FB00F202EB022015
:10FC800002EBC012C2F3C7522A7094F828209407DE
:10FC900008D40CF1010CBCE7A7EB010C606A6146CB
:10FCA000FF25A4E68B42A2DA52E61DB93046FF25B5
:10FCB000013E73E7E169494205FB01F1002E4FEA7D
:10FCC000A1271DDBB3421BDD07FB05F19207C1F342
:10FCD000472144BFC943C9B2FC291EF806200EEBD8
:10FCE000060009D802297AD912FB01F202EB02219F
:10FCF00002EBC112C2F3C7520270A06994F8282027
:10FD0000711E21D48B421FDDC7F1FF07404207FB64
:10FD100000F0801207FB00F09507C0F347205CBF9E
:10FD2000C043C0B2FC281EF8012009D8022858D9C7
:10FD300012FB00F202EB022002EBC012C2F3C75228
:10FD40000EF8012094F82820900730D58B42FFF65A
:10FD5000F1AE00297FF7EEAE14E794073FF543AF0D
:10FD60009842A8BF184600283FF4F2AD7FF7E2AEF4
:10FD7000191A70440AF0ACFE0220D4E502369E4205
:10FD8000A8BF1E46002E3FF4E3AD7FF7D3AE991B0C
:10FD90000EEB06000AF09CFECCE6771C7FF4C1AEA9
:10FDA000C5F1FF0101FB00F0801200259CE6701CEC
:10FDB0008342FFF6D3AE0028FFF6BCAED8E70022A0
:10FDC00062E73146DEE69842A8BF1846D0E7002237
:10FDD00007E60022A2E600227CE60022FDE60022E1
:10FDE0008AE70022ACE700BF2DE9F04782B00D465C
:10FDF0000A9CB4F90810A5EB010CB4F90C101F46CD
:10FE0000B4F90A30B32992460646A2EB030E48DC49
:10FE1000B4F90E00B32808DD002940F06B8193424D
:10FE200040F30A81B4285DD0ADE0002900F0A7803E
:10FE3000002800F02681814240F32381934276DC42
:10FE4000636D03FB0EF34FEAA328A36A89B20EFB8E
:10FE500003334FEAA32E4B1E592B00F27681BEF1DD
:10FE6000000FC0F2698180B2431E592B00F26781F6
:10FE70002EEAEE7EA8EB0E030EEB6308A8EB0C084F
:10FE8000B845A8BFB846B8F1000F00F364814FF041
:10FE90000109B845A8BFB84628EAE87846443C348A
:10FEA000B8E0B4290CD0B4F90E00B4281FDC93429A
:10FEB00021DCB42844D10224204602B0BDE8F087FA
:10FEC000934239DDB4F90E10B429F4D079B3B329D3
:10FED000F1DD4FF00108534500F3C680B8F1000F83
:10FEE00040F025810024204602B0BDE8F087814221
:10FEF0005BDC934226DD04F11003009352463B463F
:10FF000029463046FFF7F0FCB4F90E30B42B80469A
:10FF100000F0E680002B40F09F80B4F90A30534592
:10FF2000DCDDB8F1000FDDD0B8F1010FC3D1012441
:10FF3000204602B0BDE8F087B4F90E00B428BAD06C
:10FF40000028CFD0B32840F3A080B42801D0534577
:10FF5000C8DD4FF003083C3400943B465246294626
:10FF60003046FFF7C1FC0028BCD0B8F1030F00F009
:10FF70009A80B8F1010F9ED10128D8D09BE7934217
:10FF80005DDD002897D0B328ACDDB42818BF4FF052
:10FF90000308A0D13C3400943B46524629463046E3
:10FFA000FFF7A2FC4FF00308DDE79342BFDB636D70
:10FFB00003FB0EF34FEAA328A36A89B20EFB0333B7
:10FFC0006FF487724FEAA32E8B18582B70D95B39C8
:10FFD000B22998BF0EEAEE7E80B26FF48773C31821
:10FFE000582B6BD82EEAEE7EA8EB0E030EEB6308BF
:10FFF000A8EB0C08B845A8BFB846B8F1000F00F34D
:020000040801F1
:1000000083804FF00109B845A8BFB84628EAE878D0
:10001000464410341FFA88F35919FB1A00945246CB
:100020001BB209B23046FFF75FFC0446002865D0DA
:10003000A1457FF440AF56E7B4283FF478AF0028DD
:100040003FF439AFB3283FDDB42802D053457FF7E2
:1000500032AF4FF001087EE7B32BB4F90A303FF717
:100060003AAF53453FF73AAF3C3400943B465246D3
:1000700029463046FFF738FCB8F1000F3FF432AFA5
:1000800071E753457FF737AF7BE753453FF72AAF1B
:100090003C3400943B46524629463046FFF724FC48
:1000A00000283FF41FAF033818BF012044001AE7AF
:1000B000BEF1000F90DA80B24FF0000E5B38B2282C
:1000C00098BF0EEAEE7E8FE73C3400943B465246E2
:1000D00029463046FFF708FC00287FF44DAF01E7C2
:1000E000B4F90A3053453FF7F9AEB8F1000F3FF4C9
:1000F000F9AE19E793423FF795AEFCE6A7EB08018E
:1001000030460AF0E5FC93E704F13C0300935246C5
:100110000FFA88F329463046FFF7E6FB81460028B0
:100120007FF471AF414630460AF0D2FC6BE7B8F17C
:10013000030F7FF4C0AED5E680B24FF0000E5B38FF
:10014000B22898BF0EEAEE7E94E65B39B22998BFDA
:100150000EEAEE7E87E604F11003009352460FFA92
:1001600088F329463046FFF7BFFB814600287FF41D
:1001700090AE414630460AF0ABFC8AE62B4B1A683B
:100180000AB39A683AB31A695AB39A6962B31A6A97
:100190006AB39A6A72B31A6B7AB39A6B82B31A6CA7
:1001A0008AB39A6C92B31A6D9AB39A6DA2B31A6E0F
:1001B000A2B19A6E9AB31A6FA2B39A6F12B14FF0AE
:1001C000FF3070470F22944643F83C0003EBCC030A
:1001D00010B25960704701229446F5E70C2294460C
:1001E000F2E702229446EFE703229446ECE704226A
:1001F0009446E9E705229446E6E706229446E3E7BB
:1002000007229446E0E708229446DDE70922944657
:10021000DAE70A229446D7E70B229446D4E70D2268
:100220009446D1E70E229446CEE700BFEC2B002087
:100230002DE9F047114D2C6882B0E4B1074688469D
:1002400091469A46002605E055F8084F022808BF57
:1002500001265CB10094246853464A46414638461C
:10026000A0470028F0D102B0BDE8F0870136F0B217
:1002700002B0BDE8F0870120F5E700BFEC2B0020BD
:10028000421C03460AD0064A02EBC00C002152F879
:100290003000CCF8041042F833107047002070474B
:1002A000EC2B0020504B5968884208BF00210246C1
:1002B00004BF1868C3E90011D96818BF00208A423A
:1002C0002AD059698A422ED0D9698A4232D0596AD5
:1002D0008A4236D0D96A8A423AD0596B8A423ED095
:1002E000D96B8A4242D0596C8A4246D0D96C8A4234
:1002F0004AD0596D8A424ED0D96D8A4252D0596E39
:100300008A4256D0D96E8A425AD0596F8A425ED0FC
:10031000D96F914262D0704700219868C3E90211F9
:1003200059698A42D0D100211869C3E90411D969F9
:100330008A42CCD100219869C3E90611596A8A42E0
:10034000C8D10021186AC3E90811D96A8A42C4D108
:100350000021986AC3E90A11596B8A42C0D1002171
:10036000186BC3E90C11D96B8A42BCD10021986B80
:10037000C3E90E11596C8A42B8D10021186CC3E947
:100380001011D96C8A42B4D10021986CC3E91211C2
:10039000596D8A42B0D10021186DC3E91411D96D8D
:1003A0008A42ACD10021986DC3E91611596E8A4278
:1003B000A8D10021186EC3E91811D96E8A42A4D1C0
:1003C0000021986EC3E91A11596F8A42A0D1002109
:1003D000186FC3E91C11D96F91429CD10022986F0C
:1003E000C3E91E22704700BFEC2B002010B5037933
:1003F000022B044602D0052B0AD010BD4369002B06
:10040000FBD01A69002A08DB5A69013A5A6110BD0B
:10041000BDE81040806809F001BF586809F0FEFE91
:100420006069BDE8104009F0F9BE00BF38B50C4C5A
:1004300004F17005236820461C2153B1184609F0C9
:10044000EDFE1C2120460C440AF042FBAC42F1D1E7
:1004500038BD1C340AF03CFBAC42EBD138BD00BFC8
:10046000702B002020B370B5144E0546002404E024
:1004700009F02CFBC0B1102C18D056F834302846A7
:10048000013403F10801002BF5D01A79022A0BD1AF
:100490009A7C12F0010FB3F91020E9D103F10801A1
:1004A00009F0CAFA0028E6D1012070BD002070BD15
:1004B000024B1868003818BF01207047EC2B002051
:1004C0002DE9F843BDF920609DF8249090460D4633
:1004D0002C2104461F460AF0FBFAB04500F0848048
:1004E000B04505DD42462B46B0463D4616461F4602
:1004F000227CA78169F301027F1BE681A6EB080637
:1005000087EAE771227486EAE672A1EBE771A2EB53
:10051000E672914294F828202581D4BF0021012160
:1005200061F300020021C4E906112171D3073749A4
:10053000A4F80A806582A4F8148084F82820216039
:1005400024D5002F4DD04FF4801292FBF7F206FB1A
:1005500002F29112E16112135EB34FF4801090FB2E
:10056000F6F007FB00F39B12A361237C216213F0DA
:10057000030323D194F82800002963F34100B8BF96
:10058000524284F828006262BDE8F88336B34FF423
:10059000801292FBF6F207FB02F29112A161121394
:1005A0003FB14FF4801090FBF7F306FB03F39B126F
:1005B000E361237C216213F00303DBD0012BD9D04C
:1005C000022B1DD0002919DD002194F82830626229
:1005D00061F3410384F82830BDE8F88332463146A0
:1005E000DEE73A463946B7E7B9F1030F80D108F1A3
:1005F000FF38013E0FFA88F836B271E70123B9E7F8
:10060000002901DD0121E0E70023B3E7E9F8000854
:100610002DE9F04F87B040F26717BDF94090BB421B
:100620001E46A8BF3E464F45A8BF4F4626EAE6767F
:1006300027EAE777BE421D4604468846934640F3C4
:10064000BA80BBB2B0B203F5B471091A89B2B32D46
:10065000D4BF00220122A4F86810B9F1B30F764983
:1006600002922160CCBF002201220121B42DA6817B
:10067000E781A4F80880A4F80AB02171039204F17C
:10068000100A03DDA0F1B406B0B236B25A3000B29F
:10069000059309F02BFD0546304609F027FD1FFAAA
:1006A0008BF3064603EB6616504636B21FFA88FAFD
:1006B0002C2104930AEB65150AF00AFAB345059B51
:1006C0002DB240F3A8803046AC465E464546A5EBC9
:1006D0000C01029A6083E683A084361A94F8200005
:1006E000A4F818C0A583A4F822C081EAE17586EABF
:1006F000E67CA5EBE17562F30100ACEBE67C6545B9
:1007000084F8200094F83800D4BF0025012565F353
:1007100000000025C4E90A552575C207474D84F835
:10072000380025614FD500297BD04FF4801090FB15
:10073000F1F006FB00F08512E5620013002E55D0A3
:100740004FF4801C9CFBF6F606FB01F18912A162B6
:1007500094F82010256311F003014DD194F838600E
:10076000002D61F34106B8BF404284F838606063F1
:10077000B9F1B40F04F13C0403DDA3F1B407BBB23B
:100780003FB25A3318B209F0B1FC0546384609F0B9
:10079000ADFC049B039A019203EB601000B20AEBDC
:1007A000651300901BB25A4641462046FFF788FE6B
:1007B00007B0BDE8F08FB91B0029B8BF494289B224
:1007C000BBB2B0B243E74EB34FF4801090FBF6F0EB
:1007D00001FB00F08512A562001339B14FF4801CB3
:1007E0009CFBF1F106FB01F18912E16294F8201003
:1007F000256311F00301B1D00129AFD0022915D032
:10080000002D11DD002594F83810606365F3410177
:1008100084F83810ACE75846C44658E730463546A9
:10082000DBE708460D4689E7012197E7002D01DD4A
:100830000125E8E7002191E7E9FD0008E9F8000853
:100840002DE9F04FB1F90440B1F90070B1F902C0DF
:100850000546B1F90600E8811646411C621CA1EB71
:100860000C01D21B09B212B29142A8BF1146B6EBDD
:10087000610FC4BF4A1016B2AA7C2F8163F3000235
:100880000221AD4BA5F80AC026EAE67A002E85B013
:10089000AC81AA742B602971A5F810A040F31981CE
:1008A000A64BB3F91820524500F00982B3F9342061
:1008B000524500F07A82B3F95020524500F0008290
:1008C000B3F96C20524508BF032100F0F9815A6941
:1008D000002A40F0F5801A6B002A40F00381196964
:1008E000DA6A03F11C049142D8BF1C46DA6C2AB9BB
:1008F00021699A6C914240F33282914C9A6E2AB9E6
:10090000596E22698F4B9142B8BF1C4663690F2E06
:1009100003F10103636140F3D0814AF30F13B3F590
:100920007A7FA8BF4FF47A73236120686C61A4F8C2
:1009300018A008B109F072FC0AF1010505EB4500A9
:10094000400009F0E1FC2060002800F0C780042787
:1009500000EB4A03023307EB8A07E360012E00EB4A
:1009600007036060A36000F09C81E80009F0E4FCEC
:100970004FEA8A06C6F1010336B21BB2002E00EB25
:10098000070B1A46C0F213820023CDE9010B9946EA
:100990001946CDF80CA089E0981B053202EB400205
:1009A000013E95B236B29BB212B203F1010C0FFABE
:1009B0008CFC6645C0F2F880002A46F38F07B0B27F
:1009C00006F0030E40F39080ACEB060C6A1D02EBC0
:1009D0004C02451E96B2A8B212B22DB203F1020C1F
:1009E0000FFA8CFC6545C0F2DF80002A00F0030896
:1009F00040F38180ACEB050C721D02EB4C0200F160
:100A0000FF3C96B21FFA8CF012B20FFA8CFC03F185
:100A1000030B0FFA8BFBDC45C0F2C680002A00F006
:100A2000030A6FDD721DABEB0C0B461E02EB4B0293
:100A3000B0B212B236B204331BB2B34200F3B48088
:100A400046F38F0B5F4500F0030061D045F38F053F
:100A5000AF4279D0019D08F1040CD44425F81170FF
:100A60008444029D60680FFA89F825F8118000F827
:100A700001E0D4F804A01AF801E088B2451C4FEA5E
:100A80000E1E0AF801E02DB20199013F21F8157000
:100A90000299023021F8158001B2606800F805C0A3
:100AA0006768785D0001785509F10109002A3FF770
:100AB00073AF033202EBC90295B29BB212B274E774
:100AC0001A6B62B1DA6C002A40F04E8103F13804EF
:100AD00014E700236B6105B0BDE8F08FFEE703F17A
:100AE0001C0403E71C4601E705EBC9020532354645
:100AF00096B212B272E706EBC902073296B2AC4662
:100B000012B284E706EBC902093212B2664692E7D6
:100B10000EEB080555440544019820F81170029821
:100B200020F81190606845546568685C4F1C0001AE
:100B3000685439B2B8E700BFB1F50008702B002047
:100B4000A82B0020C42B00204CF38F0C674500F02D
:100B5000D580019D0AF1080A25F811708244029D92
:100B60006068C6440FFA89FC25F811C000F801E05E
:100B7000D4F8048018F801E088B2451C4FEA0E1E34
:100B800008F801E02DB20199013F21F81570029992
:100B9000023021F815C001B2606800F805A067684E
:100BA000785D000178557FE701F10045DDE9010B33
:100BB000013DDDF80CA06D000A46CAEB0A13475F41
:100BC0000AEB0313C3EB8303B7EBA32F4FEAA32670
:100BD00000F0E580C3F30903B3F5007F00F3D7808D
:100BE00003FB03F3DB0B35B220F812502BF8125045
:100BF0006568AB546568AB5C1B010131AB5409B24D
:100C00008B1E0F4613D489B2CF18FA1A12B23BF9D1
:100C1000135020F8125030F9136065682BF81260F9
:100C2000EE5CAE54013BF0D249004B1E1FB24FF0B8
:100C3000000ED4F80C807745A8F800E02CDDD4F83D
:100C4000089072460FFA8EF6540028F8162030F8F5
:100C5000121029F816103BF91230B34209EB460C7A
:100C60000BEB420514D1BA4216DA023C044401E00F
:100C7000BA4211D034F9023F8B42A8BF0B4699B259
:100C8000ACF8001035F9023FB34202F10102EFD097
:100C9000BA420EF1010ED5DB05B0BDE8F04F09F008
:100CA00003BCB4230370D4E902314FF48030002236
:100CB00008601A8005B0BDE8F08F012334E60021FA
:100CC000C1EBC10003EB80000F2E446904F1010465
:100CD00044614FEAC1020069CCBF4AF30F140124FA
:100CE000521A03EB82030219B2F57A7FA8BF4FF4C0
:100CF0007A721A616B6105B0BDE8F08F0EEB0805E2
:100D000005EB0A0E019DD4F804C025F81170029D70
:100D10000FFA89F825F811800CF801E0D4F804A046
:100D20001AF801E08DB205F1010C4FEA0E1E0AF827
:100D300001E00FFA8CFC0199013F21F81C70029927
:100D4000023521F81C8029B265680C3005F80C00CA
:100D5000656815F80C00000105F80C00A4E69A6E11
:100D6000002A7FF4D3ADCBE59A6E03F15404002A38
:100D70003FF4CCAD1C2009F0C7FA044630B11C2169
:100D800009F0A6FE4FF0FF332361CEE5FEE7C3F581
:100D9000806303FB03F3DB13C3F10F0323E73BF98A
:100DA0000550AE427FF416AF2AE7012188E7002202
:100DB0006FF00105114600E710B50446382109F02F
:100DC00087FE638C23F47B5323F03F0343F4F753F4
:100DD000FF220021022043F01F0321812073E183C1
:100DE0000748A185E2704FF6FF71A27684F82A20A9
:100DF00084F836206384A2726061A18010BD00BFB8
:100E000078370208D38810B5B2F802E00133A3EBBB
:100E10000E031BB2002B0CDD9388B2F800C0013327
:100E2000A3EB0C031BB2002B03DDBDE81040C3682D
:100E3000184710BDF8B516460278876802F01F0CF7
:100E4000BCF1040F04460D460DD0ACF1050C4FF07B
:100E50000000BCF1090F16D8DFE80CF005054118B9
:100E60002C541616161602F01F00FDF7ABFF236870
:100E7000C3F38A23C0F3C70013FB06F310FB05F589
:100E800000FB0373585BF8BD1846F8BD2368C3F335
:100E90008A2303339B1006FB037303EBA50305F0C2
:100EA00003025200187CC2F106020323934018404B
:100EB0001041F8BD2368C3F38A2301335B1006FB9E
:100EC000037303EB650305F00102920093F8400001
:100ED000C2F104020F23934018401041F8BD23686B
:100EE000C3F38A230733DB1006FB037303EBE5032D
:100EF00005F00702187AC2F1070201239340184057
:100F00001041F8BD2368C3F38A2316FB0356374408
:100F100097F80004F8BD00BF30B40378846803F08C
:100F20001F03052B84B006D00B3B032B6FD8DFE8E3
:100F300003F017304C0E0368C3F38A2312FB03122D
:100F400002EB42022244907804B030BC7047036840
:100F5000C3F38A2312FB0312A05C04B030BC7047B9
:100F60000368C3F38A230733DB1001F0070002FB99
:100F70000343C910C0F107025B5C012191400B40A3
:100F800013410CBF4FF0FF300020C0B204B030BCA2
:100F9000704703681F4D0095C3F38A230333032072
:100FA0009B1002FB034301EA0002891052005B5CC4
:100FB000C2F1060200FA02F10B40134110336B44F8
:100FC00013F8100C04B030BC704703681248C3F328
:100FD0008A2301335B1002FB034301F00102491035
:100FE0004FF00F0C5C5C9300C3F104030CFA03F2A6
:100FF00014401C4104F110030DEB03040FC804ADB1
:1010000005E90F0014F8100C04B030BC7047FF2045
:101010009AE700BF0055AAFFF8DD01082DE9F04767
:10102000B0F90C30DFF80C81B0F908200446DE1767
:1010300088FB0310C6EBA006B4F90A101FFA86FA63
:1010400009021202CAF10000C4E9092100B24FF6F8
:10105000F67237B216FB023609F048F80137BFB214
:101060008146784200B209F041F80546CAF15A00BB
:1010700000B209F03BF8C7F15A07034638B21F46E1
:1010800009F034F806FB05F306FB00F2C6F10A0688
:1010900006FB072006FB093388FB002188FB032899
:1010A000C217DB17C2EBA102C3EBA8035B115211FD
:1010B000C4E90B32A07CFDF78FFE94F83430024671
:1010C00062F3000384F83430A07CFDF78DFEA37C2E
:1010D000A1881D1FC1F30A0103F01F0343EA812306
:1010E000B4F90610022D4FEA400243EA415394F846
:1010F0003400A1698CBF0025012542EA850220F059
:10110000060001F4407102F0060202430B4320681E
:10111000E1892062FF2084F83420A361228AA0752F
:101120004B0803F50013A282B3FBF1F3A363BDE800
:10113000F08700BF676666662DE9F047099DBDF838
:1011400020E004461BB9BEF5807F00F0D880B5F9D9
:1011500000C0B5F90260A1EB0C01921BCCF10007B5
:1011600070420EFB01F10EFB02F20EFB07F70EFBC5
:1011700000F0091212123F12001202310232013F36
:10118000013889B292B2BFB280B2A180E2802780DA
:1011900060806BB9B6B21FFA8CFC3244674461447C
:1011A000304412B227806080A180E280BDE8F087E1
:1011B000DFF85C81DE1788FB0312C6EBA20636B2AD
:1011C00030464FF6F67916FB093908F08FFF771C89
:1011D000824638B208F08AFF074606F15A0000B28C
:1011E00008F084FF5B36034630B21E4608F07EFFEF
:1011F00009FB07F209FB00F3C9F10A0909FB0A22FE
:1012000009FB063388FB0201D01788FB0328DB1794
:10121000B4F90020B4F902E02E88B4F90690C0EBCE
:10122000A100C3EBA803B4F9048069885B114011E5
:1012300000FB0EFC03FB08FA03FB02F700FB02F5C0
:10124000A7EB0C02AAEB0C0C00FB08F803FB0EFE4C
:1012500000FB09F006EBA22206EBAC2C12B20FFA4F
:101260008CFC03FB09F93F1A05EB0E03C6446245EB
:1012700001EBAE2E06EBA7273FB2AAEB000A05EB67
:1012800009000FFA8EF59646A8BFE6466245B8BF3C
:10129000624606EBAA26BE4536B2F446A8BFBC4657
:1012A000BA42B8BF3A4601EBA323B4451BB2674626
:1012B000A8BF3746B242B8BF324601EBA020AB42CE
:1012C00000B21E46C844A8BF2E46AB42B8BF2B464C
:1012D00001EBA821864209B2A2801A463346A8BF74
:1012E00003468B42A8BF0B468242B8BF02468A42E1
:1012F000B8BF0A4627806380E280BDE8F087013AE4
:10130000013912B203608180E280BDE8F08700BF3E
:10131000676666662DE9F04FB0F93C70B0F93E6043
:101320000268FBB26F2B87B00446F1B200F2DF8097
:10133000B0F94050002DA7F18007D4BF002501254A
:10134000FFB26D426F2900F2C080B4F94290B9F14A
:10135000000FA6F18006D4BF4FF000094FF001093D
:10136000F6B2C9F1000994F83400A37D0193430754
:10137000B4F8148057D594F84810A388D4F844C022
:1013800013FB01F309FB03F305FB01C59C4405EBCB
:10139000030E800732F80C30ADF80A3032F805A0A1
:1013A00032F80E306DD5013915449444724415F865
:1013B0000190505C1CF801500199C7F1FF0211FB2C
:1013C00007F102FB091100FB02F2C1F3072117FB31
:1013D0000522C2F30722C6F1FF0E06FB01FC02FB49
:1013E0000ECC4FEA2C2C022984F816C000F2C680DD
:1013F000022A40F2FF80019A022A4FF0000640F2D2
:10140000C480B9F1020F40F2CA80022D8CBF394668
:101410000021022838D8002F00F0BE80FF2F00F0F6
:10142000C380FF217BE0B4F84010238AB4F9422046
:10143000ADB204F1180B294409B25846FFF7FAFC83
:10144000B4F84220238AB4F940101FFA89F94A44BB
:1014500012B282465846FFF7EDFCB4F84220B4F8C9
:101460004010238AADF80A004A44294412B209B256
:101470005846FFF7DFFC94F834209207034600F14A
:101480009680FF22A2753946002F46D11FFA8AF8AE
:1014900000295BD19BB29EB1FF2E00F0AD805E496A
:1014A00043EA034348EA08420B400A400436D21A92
:1014B000F61006FB02F203EB52130B4043EA134310
:1014C000A382012007B0BDE8F08F902921D9B4F99B
:1014D0004290B4F9063009F101099945C6F17F0639
:1014E000F6B2ACBF4FF000094FF001093BE7902B7B
:1014F0000CD9B0F94050B0F9043001359D42C7F124
:101500007F07FFB2ACBF002501251BE7FF270025A1
:1015100018E7FF264FF0000925E7FF2F79D03E4D51
:101520001FFA8AF248EA084042EA0A422A4004378F
:101530002840801AFF1007FB00F002EB50122A40EF
:1015400042EA12421FFA82F80029A3D0FF292BD0C9
:10155000BDF80A5030489AB242EA0343AAB242EABE
:101560000542034004310240D21AC91001FB02F2C5
:1015700003EB5213034043EA13438BE7022A019A19
:1015800098BFFF26022A3FF63CAFB9F1020F06D9F9
:10159000022D37D902283AD81FFA8AF804E0022D22
:1015A00024D802283FF676AFBDF80A3073E70593DA
:1015B000B4F94030B4F9422003931D442DB22946BA
:1015C00058460492FFF7A8FC049A03994A4412B2C1
:1015D000814658460392FFF79FFC29468446039AAA
:1015E00058466546FFF798FC059BE5E60228DBD9DF
:1015F00039464DE7002065E70120A4F8148007B0C4
:10160000BDE8F08F0228C7D91FFA8AF842E73946A9
:101610003CE70F4639463BE71FF8E0072DE9F04766
:10162000B0F90A30B0F908500446D21AE3890068CC
:10163000B3F5807F82B0A1EB05016ED0B4F90C3018
:10164000002B54D0A36BD4E90A6503FB01F103FB23
:1016500002F2236B4911521101FB03F702FB03F362
:1016600001FB0533616A02FB157201EBA22506EB53
:10167000A326B4F90430B3EB252F4FEA252748DD24
:10168000002F46DBB4F90620B2EB262F4FEA2628BE
:101690003FDDB8F1000F3CDB94F8342012F0040970
:1016A0004CD0910708FB037362D400EB430110F8A0
:1016B00013002075497861755B004FF00209D2076D
:1016C00003D5A28AB2F5FC6F23D0E27C002A4BD06E
:1016D0002046A587E687A4F84070A4F8428063649A
:1016E00084F8489002B0BDE8F047FFF713BEA36B43
:1016F000A66A656A03FB01F102FB03F306EB6316BE
:10170000B4F9043005EB6115B3EB252F4FEA25271B
:10171000B6DC002002B0BDE8F087D4E90B5301FB32
:1017200003F702FB03F301FB0533A66A616A02FBC0
:10173000157201EBA20506EBA3069AE704F1180A5D
:10174000238A39B20FFA88F25046CDE90012FFF72A
:1017500071FBDDE90012A0825046FFF7DDFB94F833
:101760003420A0754B46AAE7012002B0BDE8F087FF
:1017700003EB4303C118C05C207548786075897815
:10178000A1754FF003099AE770B582B00E46054681
:10179000019207F0E7FC124C019B324629460646AF
:1017A000204600F0CDFB78B1E3690022A26213B1BC
:1017B0000B4802B070BD304607F0E2FC70B901235F
:1017C0002046E36102B070BD05462C21204609F099
:1017D0007FF94FF00043A3622846EAE7E061E7E7BC
:1017E000882C002038B54D6A85B10B7C012B0C4646
:1017F0000DD0E86808B108F011FD286908B108F0BB
:101800000DFD284608F00AFD0023636238BD284616
:1018100008F0A8FAEDE700BF70B5084684B00E46A0
:101820001546FDF7EBFA0446D8B93378C3F3040341
:10183000043BDBB20A2B11D873886A883168C3F382
:101840004A1363F34F126A802B68214A23F01F1357
:1018500023F47C430A4013432B600124204604B048
:1018600070BD01280BD0022810D12A68194B02F450
:1018700078720124134320462B6004B070BD3046BB
:1018800008F0A2FB1449EEF7A3FD18B1002420468E
:1018900004B070BD0222314601A808F017FA30B139
:1018A0002B781C3303F01F030A2BD7D9EEE7042251
:1018B0006B4629460DEB020008F076FA064601A8B1
:1018C00008F050FA002EE1D1009B042BDED1E7E7AF
:1018D0001FFC1F000B042000A0E101082DE9F04FC0
:1018E0000D7D89B00C4605F01E010429BDF9489014
:1018F00093469A460FD005F01F03062B0BD0A3F199
:101900000B02032A43D9073B032B2ED9002630466E
:1019100009B0BDE8F08F267C012EF7D105F01F003D
:10192000656AFDF74FFA6169C1F38A211AFB01B1BB
:1019300000FB01F1C910002204460431284608F0DA
:10194000F9FA02460028E1D1C4F3C70414FB09F4F4
:101950000492139904AB2846224608F025FA002881
:10196000D4D1049B9C42D1D1D1E705F01F00FDF7F3
:1019700029FA237D03F01F03073B0646032B00F2E1
:101980006281DFE813F0330121010F01BF00B44A87
:10199000B44B03924FF47F42ADF808200FCB0DF10A
:1019A0001008B9F1000F88E80F00268910DD139B9D
:1019B00009F1FF3292B2033302EB42021A44139B45
:1019C000310AF6B21E70597003339A42FAD1257D5E
:1019D00005F01F00FDF7F6F9237D03F01F030B3B15
:1019E0000746032B00F23481DFE803F07A675602E2
:1019F0006369C3F38A221AFB02B200250192C3F382
:101A00008A2AA8465046D4F824B008F095FC064629
:101A100000283FF47CAF227C002A40F0F880636805
:101A20009968019B1944B9F1000F2DDD139A09F152
:101A3000FF304FF0010C80B20CFA07FC00EB4000C5
:101A40000CF1FF3CD31CC7F1080E4FFA8CFC184474
:101A50004FFA8EFE0B7894F814902B410CEA030396
:101A6000DBB209F01F09B9F10E0FA5EB070518BF8E
:101A700018F8033093706DB2002D02F10302BCBF61
:101A8000013175469042E5D1304608F00DFD012642
:101A9000304609B0BDE8F08F6369C3F38A23013390
:101AA0005B106FEA0B054FEA6B0203FB0A2205F09D
:101AB00001050192AD009A46A4E76369C3F38A2346
:101AC00003339B106FEA0B054FEAAB0203FB0A22BC
:101AD00005F0030501926D009A460DF10C0891E79F
:101AE0006369C3F38A230733DB104FEAEB0203FB7E
:101AF0000A226FEA0B0B01920BF007059A460DF1D3
:101B000008087FE76369C3F38A221AFB02BA00253B
:101B10000AF5806A93465846676A08F00DFC8046CD
:101B200000283FF4F3AE237C002B7ED163689868D5
:101B30005044B9F1000F2DDD139B09F1FF344FF034
:101B4000010CA4B20CFA06FC04EB44040CF1FF3CBB
:101B5000DA1CC6F1080E4FFA8CFC14444FFA8EFEC4
:101B60000278F9682A410CEA02025FFA82F9AD1B99
:101B700031F819101970090A597039696DB211F8E4
:101B800009209A70002D03F10303BCBF0130754694
:101B90009C42E5D1404608F087FC0126304609B05A
:101BA000BDE8F08F6369C3F38A2301335B104FEA0A
:101BB0006B026FEA0B0503FB0A2205F0010502F137
:101BC000400AAD009B46A6E76369C3F38A2303334B
:101BD0009B104FEAAB026FEA0B0503FB0A2205F0EC
:101BE000030502F1100A6D009B4694E76369C3F395
:101BF0008A230733DB104FEAEB026FEA0B0503FB86
:101C00000A2202F1080A05F007059B4683E70199BD
:101C100000220431584608F08DF9314652465846A4
:101C2000002308F0C1F83146FDE60AF10401002264
:101C3000384608F07FF95A4600234146384608F0F6
:101C4000B3F8404675E74FF0000BDA465D4662E7B1
:101C50004FF0000A5546CDF804A0D046D2E600BFAA
:101C60000055AAFF08DE01082DE9F0410B7C012B8D
:101C700084B00C461CD083B1087D00F01F00031F08
:101C8000022B05D9C31F032B55D90B3803283DD888
:101C90000125284604B0BDE8F0814B689B6873B10C
:101CA000087D00F01F00021F022AEBD8A361EFE7B6
:101CB000486808F089F97849EEF78AFB20B10025D9
:101CC000284604B0BDE8F0816168022201A807F04F
:101CD000FDFF0028F3D1636A002B00F0AA800DF10C
:101CE00005029A1A022A70D9019A1A60029A5A6059
:101CF000039A9A60207D00F01F00031F022BC1D8B9
:101D0000237C002BC4D163689B68CFE7656A002DF4
:101D1000D5D0237C012B00F08880E86808B108F05A
:101D20007DFA286908B108F079FA2846002508F0FC
:101D300075FA6562ADE7FDF745F8666A0746002E5D
:101D400068D00220B84008F0DFFAF06000283AD0EE
:101D50004FF0010808FA07F7384608F0D5FA306165
:101D6000002831D0F1680029D0D0257C012D6BD01E
:101D700063689A68002F8BD054781378A408DB0826
:101D800043EA44139478E40843EAC4230B80012F08
:101D9000D37803703FF47CAF4146507913793469AE
:101DA0008008DB0843EA40139079C00843EAC02367
:101DB000F06820F81130D379635401318F4202F179
:101DC0000402EAD164E7FEE7FEE79DF804201A70FA
:101DD0009DF805205A709DF806209A709DF80720FE
:101DE000DA709DF808201A719DF809205A719DF843
:101DF0000A209A719DF80B20DA719DF80C201A7256
:101E00009DF80D205A729DF80E209A729DF80F20B1
:101E1000DA726FE7142008F077FA606220B11421BB
:101E200008F056FE666A8CE7FEE7284607F09AFF40
:101E300073E7142008F068FA606220B1142108F0FA
:101E400047FE636A4BE7FEE700220421304608F0B4
:101E500071F8002F3FF41DAF0024042200230DEB86
:101E60000201304607F0A0FF9DF805209DF80430E0
:101E70009208DB0843EA42139DF80620D20843EAA1
:101E8000C223F26822F8143033699DF807201A55EE
:101E90000134A742E1D1FCE6A0E1010810B50B48EE
:101EA000142108F0ABF8094808F0B0F860B114212B
:101EB000044608F00DFE06480649074A074BC4E9E8
:101EC0000001C4E9022310BDFEE700BFB42C0020CE
:101ED00019180108691C0108DD180108E517010837
:101EE0002DE9F0410F4606460421384608F0F0FD82
:101EF00006B33046FCF782FF08B9B368D3B10F4888
:101F000008F0D8F80446A8B1DFF83080002523682F
:101F10003A46314620461BB198470128054606D06F
:101F20002146404608F0CEF804460028EFD1284666
:101F3000BDE8F08100252846BDE8F081B42C0020E2
:101F40002DE9F0478A462821064615461C4608F02A
:101F5000BFFDBAF1000F46D05046FCF74FFF0028F6
:101F60003AD0012835813074F46040D0C6F804A01E
:101F7000284808F09FF80446002849D0DFF89490DC
:101F8000002506F114082368424651462046B3B1A5
:101F90006768A7B198470546012D314620460ED106
:101FA0006368346098470128054612D004214046F2
:101FB00008F08EFD00233362B3617362F361214642
:101FC000484608F07FF804460028DCD1337C012B1A
:101FD0001AD02846BDE8F087DAF808301BB1358101
:101FE0003074F460C2E700252846BDE8F08750460B
:101FF000EEF7F8F9013008F087F9706018B1514632
:102000000BF0D8FEB4E7FEE7706808F007F9E0E7E8
:102010000546DBE7B42C002030B50568AC6883B01A
:102020004CB10093069B019313460A46014628468D
:10203000A04703B030BD204603B030BD10B5044604
:10204000006830B1C3680BB121469847237C012B4F
:1020500000D010BD606808F0E1F80023636010BD97
:10206000704700BF10B50C462046382108F030FDFF
:1020700009480A4B0A490B4AA162C4E903300A4BDA
:102080000A480B49E26123620A4A0B4B60616162B4
:10209000E262636310BD00BF5D210108C16C0108ED
:1020A000BD6401080D4B01087D4F0108F54401088E
:1020B00061580108612001081D3101082DE9F8432C
:1020C0008146C0F15A00A1EB5208570800B2D24332
:1020D00002F001051E4608F009F808FB00F4484626
:1020E00008F004F8E41108FB00F0002C4FEAE012BD
:1020F00019DD7F3CEB1BC4F30F2423443C441BB28B
:1021000024B2002ABFB2ADB2B480338019DD7F3A69
:10211000C2F30F225319DB1B3A441BB212B2F280F6
:102120007380BDE8F8837F34791BC4F30F24214406
:10213000E41B23B2002A0CB2BFB2ADB2B48033802C
:10214000E5DC7F32C2F30F22D31B3A44521B1BB291
:1021500012B2F2807380BDE8F88300BF2DE9F04F22
:102160002DED048B1F460B7BD1B0022BBDF87841BF
:10217000BDF87C9140F2AB81B1F9023002930E467A
:10218000002B00F0A4814C4500F0A181BB42C8BFE8
:102190003BB2834627A8C8BF02939046FEF70CFEC9
:1021A000737BC3F301038DF89E30B368002B00F0FE
:1021B000DB812B93337B8DF8B6300023B8F8000019
:1021C0008DF89F30791E89B27388B8F8022000EB31
:1021D000010A1FFA8AFAC01B80B2AAEB030C1FFA8D
:1021E0008CFC00EB030E11441FFA8EFED21B0CF187
:1021F000010592B289B2A5EB0E052DB2ADF83620DD
:102200001A44CB1A92B29BB2002DADF83400ADF84F
:1022100038A0ADF83A10ADF84230ADF83CE0ADF87A
:1022200040C0ADF83E2005DD01339B1A1BB2002BE8
:1022300000F352810DF16C0A002347F6FF720DA9DD
:102240005046FEF7FDFA00215046FDF797FF04F5D2
:10225000B4734B4508EE100A039400F0398209F577
:10226000B4739C4200F034824FF0FF33049315ABFB
:1022700008EE903AB4F5B47F38BF254647D3BD4B3E
:10228000A4F5B475C5F3CC01A3FB0131ABB2890849
:10229000B3F5876F01F101012BD3A4F5347200234C
:1022A00062F30F03A4F5876262F31F4388080022DC
:1022B0001D0C4FF0000CA3F5B46363F30F0CA5F5F0
:1022C000B46363F31F4C013263461FFA82FCA5F529
:1022D000B4758445ADB2EBD301F4FE7202EB420358
:1022E000C3EB0313A4EBC3038A429CB20ED0A4F544
:1022F000B475ADB2B5F5B47F08D3A4F53475ADB2FD
:10230000B5F5B47F24BFA4F58764A5B20395B9F5EC
:10231000B47FC0F01383974BA9F5B474C4F3CC0118
:10232000A3FB0131A3B28908B3F5876F01F1010165
:102330002CD3A9F53472002362F30F03A9F5876249
:1023400062F31F43880800221C0C4FF0000CA3F519
:10235000B46363F30F0CA4F5B46363F31F4C013251
:1023600063461FFA82FCA4F5B4746045A4B2EBD8AE
:1023700001F4FE7202EB4203C3EB0313A9EBC303A8
:102380008A421FFA83F90ED0A9F5B474A4B2B4F549
:10239000B47F08D3A9F53474A4B2B4F5B47F02D3E2
:1023A000A9F58764A4B223B200930FFA85F9B8F9AE
:1023B0000220B8F90010059335A84B46FEF728F91E
:1023C000002135A8FDF7DAFE039BDBF80820039215
:1023D000A5423ABFE31AC3F5B4731B1B3C2B09EEAD
:1023E000100A02DD0A2F00F2C7800DAA27A958465D
:1023F000FEF708FD35A8FDF7F9FF5046FDF7F6FF9B
:1024000018EE900AFDF7F2FF19EE100AFDF738FFFB
:1024100018EE100AFDF734FF049B5A1C02D0184630
:10242000FDF72EFF737B5B0751D59DF808403FB247
:10243000484611AB22463946FFF740FEB8F8003057
:10244000BDF8442003991A44ADF84420BDF8482053
:102450001344ADF84830BDF84620B8F802301A44AD
:10246000ADF84620BDF84A2013A8134411AAADF8D0
:102470004A3007F08FF9002840F07D820598224607
:10248000394611ABFFF71AFEB8F80020BDF844102A
:10249000B8F802301144ADF84410BDF848100A44B1
:1024A000ADF84820BDF8462003991A44ADF84620FF
:1024B000BDF84A2013A8134411AAADF84A3007F01A
:1024C00069F9002840F03C82039BCBF8083051B0FA
:1024D000BDEC048BBDE8F08F15AB1D4647F6FF72CF
:1024E0000FA9284608EE903A0123FEF7A9F900212A
:1024F0002846FDF743FE0DF16C0A0023049047F6D1
:10250000FF720DA95046FEF79BF900215046FDF7DA
:1025100035FE04F5B4734B4508EE100A039404D05D
:1025200009F5B4739C427FF4A5AE47F6FF730DAA7C
:1025300027A95846ADF89C30FEF764FC18EE100A47
:10254000FDF79EFE049B581C02D01846FDF798FE2E
:102550005046FDF74BFF18EE900AFDF747FF51B0CC
:10256000BDEC048BBDE8F08F3388ADF8A030337B31
:1025700024E600BF176CC1165E4A6B08A2FB03136A
:10258000C3F34F1307936308A2FB0323C3F34F1353
:102590000693592D3BB2089300F2AE80592C02D815
:1025A000A542C0F04E83B8F80230B8F80020ADF86C
:1025B00084204846FA180A93ADF88A2007F096FD61
:1025C000029A089B9B1A03FB00F009930A9B03EBFA
:1025D000E03305F15A00ADF8863000B2B8F80030AB
:1025E0000A9307F083FD089B039A03FB00F00A9B04
:1025F00003EBE033ADF8883021AB194618460A9357
:1026000007F0C8F80A9B002840F02B84592C7AD98F
:10261000039BCBF80830079B012B00F01E82069B22
:10262000012B00F05482DDE90623934200F056832B
:10263000592D40F27883079B032B40F0D180069BF5
:10264000022B00F04E83039BCBF80830DDE9062314
:10265000934200F0D082592D00F2F181069B032BAA
:1026600000F0CC82039BCBF80830079B032B00F0D3
:10267000DC81069B032B00F06982DDE9062393428F
:1026800000F0A583079B022B00F0A583012B1BD133
:10269000592C19D8B8F90030B8F80220ADF88430B8
:1026A000D11B3B44013AADF88830ADF8861021AB20
:1026B000ADF88A2019461846039A069307F06AF87F
:1026C000069B002840F03281039BCBF8083091E64E
:1026D00047F6FF730DAA27A95846ADF89C30FEF7C0
:1026E00091FB18EE100AFDF7CBFD15AB08EE903A02
:1026F0002EE700BFB7600BB6592C00F2B781029AE3
:102700009B1A099321ABB8F8002005980B933A4423
:10271000ADF88820B8F90220ADF886200A9207F0BB
:10272000E5FC089B0A9A03FB00F002EBE03204F19F
:102730005A00ADF88A2000B2B8F800200A9207F0DB
:10274000D5FC099B0A9A03FB00F00B9B0A9302EB52
:10275000E032ADF8842019461846039A07F01AF8BB
:102760000A9B002840F08783039ACBF80820079A39
:10277000012A7FF454AFB8F800200B93D21BADF8B8
:1027800084204846B8F90220ADF886200A9207F066
:10279000ADFC089B0A9A03FB00F002EBE03205F166
:1027A0005A00ADF88A2000B2B8F800200A9207F06B
:1027B0009DFC099B0A9A03FB00F00B9B0A9302EB1A
:1027C000E032ADF8882019461846039A06F0E2FF79
:1027D0000A9B002840F06283069A012A00F07C815F
:1027E000039BCBF80830079B022B069B00F0DE8092
:1027F000022B7FF42BAF089B029A9B1A099321AB03
:10280000B8F80210B8F800200B93013904F15A000F
:10281000ADF88A1000B2D11BADF884100A9207F00F
:1028200065FC099B0A9A03FB00F002EBE032ADF86D
:1028300088200598B8F802200A9207F057FC089BF8
:102840000A9A03FB00F00B9B0A9302EBE032ADF80F
:10285000862019461846039A06F09CFF0A9B00281A
:1028600040F04183039ACBF80820079A032A7FF4AB
:1028700004AFB8F80220079305F15A00B8F80050E9
:10288000013AADF88A2000B27A19ADF8882007F035
:102890002DFC099B03FB00F005EBE0354846ADF845
:1028A0008450B8F8025007F021FC089B039A03FB00
:1028B00000F0079B05EBE03519461846ADF8865049
:1028C00006F068FF079B002840F00483069A032A5D
:1028D0007FF4FAAEB8F80220069304F15A00D21B36
:1028E000B8F90040ADF8862000B2ADF8844007F09A
:1028F000FDFB089B00FB03F304EBE3340598ADF804
:102900008840B8F8024007F0F1FB099B039A00FBEE
:1029100003F304EBE334069BADF88A4019461846EE
:1029200006F038FF069B00283FF4CEAECBF8083007
:102930001A4627A95846FEF765FAC5E64C4632E521
:1029400011A9002347F6FF7221A8FDF779FF0021A6
:1029500021A8FDF713FC13ABCBF808300DAA27A96B
:1029600004465846FEF74EFA2046FDF789FC21A89A
:10297000FDF73CFDA8E5002347F6FF7211A921A849
:10298000FDF75EFF002121A8FDF7F8FB13AB05461C
:10299000CBF808300DAA27A95846FEF733FA284687
:1029A000FDF76EFC21A8FDF721FD67E5022B00F085
:1029B000C081089B029A9B1A099321ABB8F80210B8
:1029C000B8F800200B93C91B05F15A00ADF886102A
:1029D00000B2511EADF888100A9207F087FB089BE1
:1029E0000A9A03FB00F002EBE032ADF8842048467F
:1029F000B8F802200A9207F079FB099B0A9A03FBB8
:102A000000F00B9B0A9302EBE032ADF88A201946E6
:102A10001846039A06F0BEFE0A9B002840F0518239
:102A2000069A022A7FF41EAEEAE6069B032B00F00C
:102A3000D681089B029A9B1A099321AB19E7079B41
:102A4000012B7FF40FAE069A0923D340D90700F17A
:102A5000D580039BCBF808300BE6069B012B7BD07F
:102A6000089B029A9B1A099321AB84E6DDE90623B1
:102A7000934200F0F281079B022B00F00682032BA9
:102A80007FF4C6AD069B013B012B3FF6C8ADB8F9FC
:102A90000030D8F8002021923B44ADF88830B8F9D6
:102AA0000230039A3B44ADF88A3021AB19461846F0
:102AB000099306F06FFE099B00283FF4A9ADCBF8FF
:102AC00008301A4627A95846FEF79CF9A0E5089B4E
:102AD000029A9B1A099321ABB8F80010B8F80220AB
:102AE00005980B930139ADF88810B918ADF88A1024
:102AF0000A9207F0FBFA099B0A9A03FB00F002EB2B
:102B0000E03204F15A00ADF8862000B2B8F8002097
:102B10000A9207F0EBFA089B0A9A03FB00F00B9B62
:102B20000A9302EBE032ADF8842019461846039A66
:102B300006F030FE0A9B002840F0B981039ACBF8DA
:102B40000820079A022A7FF481AD37E7089B029A92
:102B50009B1A099321ABBDE6A54281D2B8F8023099
:102B60000993484607F0C2FA089B03FB00F0099B53
:102B700003EBE03305F15A00ADF88A3000B2B8F843
:102B800000300A9307F0B2FA089B029A9A1A0A9B3D
:102B9000099202FB00F003EBE033ADF888300598B2
:102BA000B8F802300A9307F0A1FA099A0A9B02FBCF
:102BB00000F003EBE03304F15A00ADF8863000B2C8
:102BC000B8F80030099307F091FA089B039A03FBC9
:102BD00000F0099B03EBE033ADF8843021AB1946DC
:102BE0001846099306F0D6FD099B002840F0958110
:102BF000039BCBF80830A5427FF62DADB8F8001046
:102C0000B8F80220C81B013921ABADF88810D11BE0
:102C1000013AADF88400ADF88610ADF88A20194667
:102C20001846039A099306F0B5FD099B00283FF466
:102C300019ADCBF808301A4627A95846FEF7E2F836
:102C400010E5B8F802300A93484607F04FFA089B9F
:102C5000029A9A1A0A9B099202FB00F003EBE033F6
:102C600005F15A00ADF8863000B2B8F800300A938A
:102C700007F03CFA089B03FB00F00A9B03EBE033F0
:102C8000ADF888300598B8F802300A9307F02EFAAC
:102C9000089B03FB00F00A9B03EBE03304F15A00AE
:102CA000ADF88A3000B2B8F800300A9307F01EFA87
:102CB000099A0A9B02FB00F003EBE033ADF8843085
:102CC00021AB19461846039A099306F063FD099B48
:102CD000002840F01281039BCBF80830A5427FF614
:102CE000A7ACB8F90230B8F80020ADF886303B4404
:102CF000D11BADF88A30013A21ABADF88410ADF8A4
:102D0000882019461846039A099306F043FD099B4B
:102D100000283FF465ADCBF808301A4627A958467D
:102D2000FEF770F85CE5069B023B012B3FF658ADC1
:102D3000D7E7A542BFF43DAE05F15A00B8F8003020
:102D4000069300B207F0D2F9089B03FB00F0069B44
:102D500003EBE033ADF884304846B8F80230069310
:102D600007F0C4F9089B029A9A1A069B099202FB83
:102D700000F003EBE033ADF88A300598B8F8023084
:102D8000069307F0B3F9089B03FB00F0069B03EBE7
:102D9000E03304F15A00ADF8863000B2B8F80030E4
:102DA000069307F0A3F9099A069B02FB00F021A9FC
:102DB00003EBE033039AADF88830084606F0EAFCEE
:102DC00021A9002840F0A180039BCBF80830A54240
:102DD0007FF658AC5EE4B32C7FF65CAC74E4A5429D
:102DE000BFF427AE05F15A00B8F80030069300B2E0
:102DF00007F07CF9029A089B9D1A069B05FB00F0E0
:102E000003EBE033ADF884304846B8F8023006935F
:102E100007F06CF9089B03FB00F0069B03EBE03323
:102E200004F15A0000B2B8F80040ADF8863007F05F
:102E30005DF9089B03FB00F004EBE0340598ADF866
:102E40008840B8F8024007F051F905FB00F004EBA8
:102E5000E034ADF88A4021AB2CE4A5423FF617AE32
:102E600009E6CBF808301A4627A95846FDF7CAFFED
:102E70000A9BFFF7CBBBCBF808301A4627A9584668
:102E80000A93FDF7BFFF0A9B6EE4069B012B3FF4FC
:102E9000FEAD039BCBF80830FFF7C5BBCBF808307D
:102EA0001A4627A95846FDF7ADFF0A9B94E4CBF8D4
:102EB00008301A4627A958460A93FDF7A3FF0A9B34
:102EC0003CE6CBF808301A4627A95846FDF79AFF8A
:102ED0000A9BA5E5CBF808301A4627A95846FDF706
:102EE00091FF079BF2E4CBF808301A4627A9584611
:102EF0000A93FDF787FF0A9BB4E4CBF808301A4623
:102F000027A95846FDF77EFFE5E6CBF808100A46EC
:102F1000584627A9FDF776FF56E7CBF808301A4642
:102F200027A95846FDF76EFF62E600BF0346022A56
:102F300010B5C3F3C42CC3F3451E37D9C1F3C42065
:102F400060441F2828BF1F2000F01F0CC1F345104C
:102F500070443F2828BF3F2003F01F0400F03F0EBD
:102F600001F01F0020441F2828BF1F20FF2A00F067
:102F70001F041DD064F304036EF34A136CF3CF23D4
:102F800088B2104C40EA014099B241EA0343234021
:102F900000EA040104325B1AD21002FB03F301EBD6
:102FA000531101EA040040EA104010BD084610BD6C
:102FB0004FF0000064F304006EF34A106CF3CF206E
:102FC00010BD00BF1FF8E0070346022A10B5C3F387
:102FD000C42CC3F3451E36D9C1F3C420A0EB0C00AA
:102FE00020EAE07000F01F0CC1F34510A0EB0E00CA
:102FF00020EAE07003F01F0400F03F0E01F01F0014
:10300000001B20EAE070FF2A00F01F041DD064F3CB
:1030100004036EF34A136CF3CF2388B20F4C40EADB
:10302000014099B241EA0343234000EA040104321B
:103030005B1AD21002FB03F301EB531101EA040007
:1030400040EA104010BD084610BD4FF0000064F388
:1030500004006EF34A106CF3CF2010BD1FF8E00798
:103060000346022A10B5C3F3451CC3F3C42430D968
:10307000C1F3C42010FB04F003F01F0E440901F05B
:103080001F0010FB0EF04FEA501EC1F3451010FB5D
:103090000CF0FF2A4FEA901C1DD06EF304036CF372
:1030A0004A1364F3CF2388B20F4C40EA014099B22F
:1030B00041EA0343234000EA040104325B1AD210C0
:1030C00002FB03F301EB531101EA040040EA104054
:1030D00010BD084610BD4FF000006EF304006CF305
:1030E0004A1064F3CF2010BD1FF8E0070B7E022BBF
:1030F00000D8704730B583B082680C460546096831
:10310000684606F047FB38B1EB6A0BB12846984792
:103110006B6B21462846984703B030BD2DE9F04F30
:10312000CB688FB0884605930546002B00F0CE8013
:103130000B7C83B1012B6E68059BAA68D8F8001040
:10314000B6F90440B6F9006008BF00230CA8059347
:1031500006F020FB10B90FB0BDE8F08FFBF720FAA6
:103160000368D5F800B0DB690134A41B24B207461C
:10317000002B00F073816B68B3F90220B3F90010E3
:10318000D8F804300793002B00F06681D8F800309F
:10319000BDF93200B3F900609D88B3F90230013502
:1031A000C01ABDF93030AD1B2DB29B1B05FB00339F
:1031B000079800EB43030793059B002B00F0498120
:1031C000D8F81460BDF932C0B088B6F90030B6F94D
:1031D00002600130C01A00B20990BDF930001B1A1C
:1031E0000998A6EB0C0600FB06330598099E1844C7
:1031F00005905242494212B209B20CA806F0B6FA42
:103200003B68DA69002A00F0B680D8F80460002E26
:103210005ED098F81890FBF7C3F9BDF83610BDF8EA
:103220003480BDF83220BDF830300890013108F10B
:103230000108891A0598A8EB030809B20FFA88F863
:103240000A91002800F01A81002984DD6B00B8F192
:10325000000F0B937FF77FAF00230693059B079E1C
:103260005F1E002517F8010F19FB00F322461B0A09
:103270005946A8B10898BDF832C000680293069B71
:10328000B6F800E0ADF804E09C44BDF830300FFA29
:103290008CFC2B44CDF800C0D0F81CA01BB2D0474A
:1032A0000135A84506F10206DCD1059A0999069B6D
:1032B0000A4405920B99079A0A4407920A9A013325
:1032C0009A420693CAD10FB0BDE8F08F0B7C31E76C
:1032D000B8F8083098F818701D46FBF761F9059B9F
:1032E0008246002B00F0E782BDF83630BDF8322070
:1032F000BDF8348001339B1A1AB2BDF83030089201
:1033000008F10108A8EB0308002A0FFA88F87FF7F4
:1033100022AFB8F1000F7FF71EAF59462246B146E3
:10332000AB46059B00255E1E16F8010F17FB00F348
:103330001B0A98B1DAF800000293BDF83230ADF8FC
:1033400004B04B441BB20093BDF83030C4692B4429
:103350001BB2CDE90612A047DDE906120135A845EA
:10336000E2D1059B099803440593089B09F10109E3
:103370004B45D6D1EFE6D8F80430002B00F00F8192
:1033800098F81930002B40F0B680BDF83420BDF815
:103390003000BDF8361098F818700132121ABDF8D6
:1033A00032000131091A0FFA81FA059912B2002987
:1033B00000F0CA84FD2F00F21883BAF1000F7FF7E6
:1033C000CAAE002A4FEA44084FEA45097FF7C3AE68
:1033D000CDF818A0DFF8B8C3DDF81CA0CDF81C901C
:1033E000DDF814900BEB42049E4609F1FF3655467A
:1033F000584616F8012FDAB1FC2A0388298896BFAF
:1034000017FB02F23A46121243EA034341EA014132
:1034100003EA0C03043201EA0C01C91AD21001FBC1
:1034200002F203EB521303EA0C0343EA1343038053
:103430000230A04205F10205DBD1079B9A44099BAB
:103440009944069B0EF1010E7345C3444444CCD10C
:1034500081E61E460993CCE61D46ADE66B68BDF9D4
:103460003200B3F90220B3F90010BDF93030801AF0
:103470005B1A04FB00330BEB430B81E600297FF75B
:103480006AAE6900B8F1000F09917FF764AE174684
:1034900022464C46DDF820900690BDF818A0079E05
:1034A0000025394603E0BDF83030BDF83210D9F8B8
:1034B00000000294514436F8027BADF8047009B262
:1034C00000912B44C76905921BB201355946B84794
:1034D000A845059AE7D107990998069B01440791E9
:1034E0000A990133994206933FF435AEBDF8303066
:1034F000BDF83270D1E7013BDBB2022B3FF62BAEB9
:10350000BDF83460BDF83000BDF8361098F818806A
:103510000136361ABDF832000131091A08B29B494A
:10352000069051F82390059B36B2002B00F074846E
:1035300000287FF710AE63000893002E4FEA450382
:103540000A937FF708AE0BEB460692464F46059B63
:10355000079D03F1FF395C4619F8013F4BB1FC2B85
:1035600018FB03F32188288894BF1A0A4246B847FB
:1035700020800234A64205F10205EDD1079A0A998E
:10358000089B0A449B44099907921E44059A069B8E
:103590000AF1010A0A4453450592D8D1DBE598F8AF
:1035A0001950002D40F0B48198F81870B8F80880D0
:1035B000FAF7F6FFBDF83400BDF83020BDF836301C
:1035C0000130801ABDF8322001339B1A1BB20693DA
:1035D000059B0FFA80F9002B00F0A284FC2F4FEA24
:1035E000084340F24284069A002AA9F104077FF7B3
:1035F000B2ADA4EB09046200654C08920795A6EBF6
:10360000090248EA0305DDF814C0099208EB030635
:103610002540B9F1000F2CDD1CF00302614600F0DB
:103620004681584601EB090E002218E0038843EA60
:1036300003432340A5EB030A0CFB0AFC03EB5C13DA
:10364000234043EA13439BB220F8023B714502F149
:1036500001028C4683460DD08B0700F0288111F8BB
:10366000013BFF2B03F104034FEAE30CDED1434699
:10367000EAE700229742C0F2068161460BF1080397
:103680006FE000287FD011F8040CFF288C4600F072
:103690000A8104304FEAE00E33F8080C40EA00409B
:1036A0002040A5EB000A0EFB0AFE00EB5E10204056
:1036B00040EA104080B223F8080C11F8030CFF28F0
:1036C0009B4600F0EE8033F806EC04304EEA0E4ED6
:1036D0004FEAE00A0EEA0400A5EB000E0AFB0EFE1C
:1036E00000EB5E10204040EA104080B223F8060C48
:1036F00011F8020CFF2800F0D28033F804EC0430FB
:103700004EEA0E4E4FEAE00A0EEA0400A5EB000E68
:103710000AFB0EFE00EB5E10204040EA104080B233
:1037200023F8040C11F8010CFF2800F0BE8033F8D8
:1037300002EC04304EEA0E4E4FEAE00A0EEA0400B4
:10374000A5EB000E0AFB0EFE00EB5E10204040EAE7
:10375000104080B223F8020C0432974203F10803B0
:1037600018DB51F8040BB0F1FF3F8AD198070FBF67
:1037700043E9026623F8088C43F8066C23F8028CB0
:103780009B468C46E8E78C469B46E5E7A4E10108AA
:103790001FF8E007914576DD9CF80030FF2B00F024
:1037A000D1820433D910BBF8003043EA03432340ED
:1037B000E81A01FB00F003EB5013234043EA1343E4
:1037C0009BB259460CF1010021F8023B531C99456C
:1037D00040F3FA829CF80130FF2B00F0F3820433AF
:1037E000D910BBF8023043EA03432340E81A01FB37
:1037F00000F003EB5013234043EA13439BB2ABF8B2
:103800000230931C99450CF102010BF1040040F3C6
:10381000E5829CF80230FF2B00F0DE820433D910E1
:10382000BBF8043043EA03432340E81A01FB00F0ED
:1038300003EB5013234043EA13439BB203329145F9
:10384000ABF804300BF106010CF1030340F37D8368
:103850009CF80330FF2B00F076830433DA10BBF8BA
:10386000063043EA03432340E91A02FB01F103EB6C
:103870005113234043EA13439BB2ABF806300CF1DB
:10388000040C0BF1080B089A079B9344099A944483
:10389000069A01339A4207937FF4BBAE5BE440463D
:1038A0003EE7404622E7404605E7404652E797425A
:1038B000BFF6E3AE70E7BDF93290BDF936309945F9
:1038C0003FF749ACBDF93430CDF81490A846A14675
:1038D0003C46BDF930509D423FF73DACBDF91470F8
:1038E000DAF800000294ADF8048000972BB2C669A4
:1038F0004A465946B047BDF9343001359D42EFDDA7
:10390000059ABDF93610013291420592E1DA22E4BE
:103910006B1EDBB2022B98F81860B8F80870BDF97E
:103920003000BDF93210BDF934A0BDF936203FF6A4
:1039300012AC0132521A12B206929E4A0AF1010AE0
:1039400052F82380059BAAEB000A0FFA8AFA002B93
:1039500000F0FE821B78BBF80090FC2B9ABF13FB93
:1039600006F31A0A324649463846C047069B002BE2
:103970007FF7F1AB6300BAF1000F07937FF7EBAB72
:103980003B460021CC4647460BEB4A0A89469846FF
:10399000059B5C465D1E0DE0FC2B218894BF120A3E
:1039A00032464046B847B4F800C029782080023437
:1039B00054450CD015F8013F002BF8D08B4213FB77
:1039C00006F2E9D1B4F800E0E645E5D1EEE7079B61
:1039D000059A099C9B449A44069B09F101092244DB
:1039E0004B450592D4D1FFF7B6BBBAF1000FA2F157
:1039F00004067FF7B0AB8C464FEA440969006E4F6E
:103A0000DDF81CE006919846CDF814A0CDF81C9086
:103A1000002A38DD1CF00303644608BF654600F049
:103A20007781F246D94600231EE0B9F80010BAF8B3
:103A3000005041EA014145EA054539403D406D1AD3
:103A400005FB00F001EB5011394041EA1141A9F8A2
:103A5000001001339A420AF1020A09F102092546CF
:103A600013D0A10700F0548114F8011B0029F0D0F5
:103A7000FF2901F104014FEAE100D6D1BAF80010A4
:103A8000A9F80010E5E7654600239E4240F3328125
:103A900029460EEB43040BEB43007BE011F8045C7A
:103AA000CDB1FF2D00F041810435B4F800A04FEAFC
:103AB000E50905884AEA0A4A45EA05453D400AEA19
:103AC000070AAAEB050A09FB0AF905EB59153D405F
:103AD00045EA1545058011F8035CCDB1FF2D00F0D6
:103AE00021810435B4F802A04FEAE50945884AEA85
:103AF0000A4A45EA05453D400AEA070AAAEB050AD3
:103B000009FB0AF905EB59153D4045EA1545458085
:103B100011F8025CCDB1FF2D00F0FE800435B4F841
:103B200004A04FEAE50985884AEA0A4A45EA0545BC
:103B30003D400AEA070AAAEB050A09FB0AF905EB68
:103B400059153D4045EA1545858011F8015CCDB118
:103B5000FF2D00F0E4800435B4F806A04FEAE50933
:103B6000C5884AEA0A4A45EA05453D400AEA070A85
:103B7000AAEB050A09FB0AF905EB59153D4045EA90
:103B80001545C58004339E4204F1080400F1080085
:103B90000D4613DD51F8045B002DF3D001357FF4A1
:103BA0007DAF2588058065884580A5888580E58866
:103BB000C580E7E7A4E101081FF8E0079A4240F357
:103BC00099802978C1B1FF2900F0B28004313EF814
:103BD0001340C8103BF8131044EA044441EA014181
:103BE00039403C40641A00FB04F401EB54113940A5
:103BF00041EA11412BF813105C1CA2427ADD69786E
:103C0000D1B1FF2900F0998004313EF81490C8101A
:103C10003BF8141049EA094941EA0141394009EAEF
:103C20000709A9EB010900FB09F901EB591139401A
:103C300041EA11412BF814109C1CA2425ADDA978CC
:103C4000D1B1FF2900F0B98004313EF81490C810BA
:103C50003BF8141049EA094941EA0141394009EAAF
:103C60000709A9EB010900FB09F901EB59113940DA
:103C700041EA11412BF81410D91C8A423ADDE87848
:103C8000D0B1FF2800F0A38004303EF81190C4109A
:103C90003BF8110049EA094940EA0040384009EA86
:103CA0000709A9EB000904FB09F900EB591038409A
:103CB00040EA10402BF8110004339A421ADD2979AA
:103CC000C1B1FF2900F08D8004313EF81340C810C7
:103CD0003BF8131044EA044441EA014139403C40B6
:103CE000641A00FB04F401EB5411394041EA11411C
:103CF0002BF81310079B9B44069B9E44099B9C44F6
:103D0000059B08F1010843457FF482AEFFF723BA13
:103D10009E423FF7BDAE54E7A588858015E7E5884C
:103D2000C5802FE765884580F2E625880580D2E6C4
:103D30003EF813102BF813105EE73EF814102BF822
:103D4000141079E743463CE5FC2F4FD8BAF1000F39
:103D50007FF701AA0437002A4FEAE7074FEA440435
:103D60004FEA45057FF7F7A9079BCA4E03EB4202CE
:103D70008C469E467046ABF1020130F8028B31F85A
:103D8000023F48EA084843EA0343334008EA06088A
:103D9000A8EB030807FB08F803EB5813334043EA8A
:103DA000134390420B80E8D10CF1010CE245A3448F
:103DB000AE442A44DED1FFF7CEB93EF814102BF8FA
:103DC000141059E743461AE58B4684465BE53EF8F6
:103DD00011002BF811006FE743462FE583468C4610
:103DE00051E53EF813102BF8131083E7BAF1000FDA
:103DF0007FF7B1A9079F0E464FEA420864006D00A5
:103E0000394658460136424606F0D0FBB2452F44AB
:103E1000A344F5D1FFF79FB900287FF79CA96B0059
:103E2000002E4FEA440408937FF795A94F46DDF82A
:103E30001C90DDF814A005940BEB46065D464C463D
:103E4000298834F8020B4246B84725F8020BB542E0
:103E5000F6D1059B089A9B441E44069B0AF1010A71
:103E600053459144EAD1FFF776B9069ABBF800C0F2
:103E7000002A7FF770A96200B9F1000F0792A6EB44
:103E800009067FF768A948EA0304DFF8088209EB0E
:103E9000060308930BEB490004EA08046346AE46A8
:103EA000AA46059A561E5A4620E0FF2918BF11FB64
:103EB00007FEB2F800C014BF4FEA1E2EBE464CEA01
:103EC0000C4303EA08030EF104090D464FEAE90921
:103ED000E11A09FB01F103EB511303EA080343EA7A
:103EE00013439BB21380023282420BD016F8011F9B
:103EF0000029F8D0A942D8D1B2F80090E145F1D01C
:103F0000CC46DCE7079A0599089E93441044069A2C
:103F10000AF1010A314452450591C2D1FFF71BB99C
:103F2000FC2F4BD9069E002E7FF715A964001D4675
:103F3000584601354A46414605F016FEAE42A344B6
:103F4000F6D1FFF708B9434697E48B469C469AE4BE
:103F5000BBF80050324629463846C047069A002A28
:103F600003467FF7F8A86200BAF1000F07927FF7C7
:103F7000F2A8DDF814900BEB4A0A29465C46A446E9
:103F800034F8025B8D423246384609D0BCF8001046
:103F9000C0475445034624F8020C05D02946EEE7F5
:103FA000544524F8023CF9D1079A93449244069A66
:103FB00009F101094A45E0D1FFF7CDB8354B48EA90
:103FC0000842391D1A40C91001FB02F203EA5213DC
:103FD000069A4FEAD82CC8F3451E08F01F0843EA9A
:103FE00013430CFB07FC0EFB07FE08FB07F8002A37
:103FF0006FEA07079BB2FFB27FF7ADA8B9F1000FD8
:104000004FEA44047FF7A7A8059E0BEB4900B14691
:10401000324659460D4631F8026B96422CD02A881A
:104020002B786D78C2F3451202FB07E2803203F071
:104030001F0302EB022A03FB0783ED08803302EB28
:10404000CA1205FB07C58035C2F3C55A03EB03222C
:1040500003EBC21205EB0523C2F3C45205EBC313F5
:1040600042EA4A12DB0D42EAC3239BB2814221F8A5
:10407000023C05D03246CDE7814221F8023CF9D11D
:10408000069A09F101094A45A3442044C0D1FFF72B
:1040900062B800BF1FF8E007837813FB01F3B2EBAF
:1040A000232F40F3AC8070B5067A751E00EB850CAB
:1040B0001C129CF8023013FB01F3B2EB232F0ADA37
:1040C000012E07D9837913FB01F3B2EB232F4FEABB
:1040D000232110DDFFDE10F8253030F825109CF884
:1040E000012003F01F00C1F34511D30840EA41103D
:1040F00040EAC32070BD4678058890F800C08388E8
:10410000121B091BF608447912B2C5F34515C2EB20
:10411000022292FBF1F2017906EB4610E408C6EBAD
:10412000C00605EBC5100CF01F0C05EB400504EBB9
:104130004410C3F34513C4EBC0040CEB4C10CCEBA0
:10414000C00C073603EBC310761103EB40000335B8
:10415000002301F01F01AD1166F317430CF1070CAA
:104160004FEA6C1C65F30F23073401EB4115641112
:104170006CF30703C1EBC50103304FF0000C801155
:1041800064F3174C0731491160F30F2C43F07F4360
:104190006FEA020E61F3070C5FFA8EFE4CF07F4C63
:1041A000D8B2D2B25FFA8CF40EFB00F0C3F3072151
:1041B000C3F3074302FB040013FB0EF3CCF3072405
:1041C000CCF3074C02FB0C3311FB0EF102FB041184
:1041D00003EB032203EBC21300EB002200EBC2103F
:1041E00001EB012201EBC211C1F34561C0F3846010
:1041F000C3F3846340EA411040EAC32070BD0378F2
:1042000001884278C1F3451103F01F0040EA4110D4
:10421000D30840EAC32070472DE9F04F447A2DEDD2
:10422000028B14F0070489B070D0DFF8B48298F8DC
:10423000007081460D461646002F77D0A54B03939C
:10424000022C0CBF88469046196880EA650B8BEA01
:10425000080B002900F038819F4BA04A18681768A6
:104260000293019204464FF0020E4FF0030C7CB112
:10427000626832F040430BD023689B454CD0A38941
:1042800013FB0EC323F0030310331C44BC42EED3D4
:10429000AE423346B8BF2B461A460593032303EBC1
:1042A000420323F0030310331A4604933B1A1344CA
:1042B000994298BF3C4673D9FB796FF3C713FB71E2
:1042C0003C46059BA3816368C4F800B003F000433B
:1042D00043F00102002BA4F80E806260C0F2ED8072
:1042E000019A049B1668334413601036B8F1000F2E
:1042F000A6600BDD00252A4641464846FFF7CCFE66
:1043000001352AB2424526F8020BF5DB204609B0FA
:10431000BDEC028BBDE8F08F531C63F31D022046F9
:10432000626009B0BDEC028BBDE8F08F6A4C6B4B4C
:1043300020680193029405F071FF384605F0E4FF10
:10434000664A20601060002873D0394606F0C0FB32
:1043500099F809305F4A039203F007031760022BB4
:104360004FF0010288F8002089EA650B00F0A88070
:104370008BEA060BB046AE423346B8BF2B461A4610
:104380000593032303EB420323F0030303F110021D
:10439000029B04921868019B1C68231A0021134495
:1043A000914247D399423FD2CDE9068BDDF8048094
:1043B00008EE109A8C460227032621469146BCF14E
:1043C000000F28D002464FF0FF348AB15368C3F380
:1043D0001D0533F040430BD0938913FB076323F093
:1043E00003031033AC421A4428BF2C468A42ECD354
:1043F000054685B16B68C3F31D0233F040430AD014
:10440000A24222D0AB8913FB076323F003031033CE
:104410001D448D42EDD30B1A4B446345CFD8DDE9E3
:10442000068B18EE109A0C46E3796FF3C713E3710D
:1044300047E7FEE7104605F067FF044620B1C37961
:1044400043F08003C3713CE7FEE7B5F80CA01AFB0C
:10445000076A2AF0030A6FF00F04A4EB0A044A1B50
:104460000AF1100A2144B2EB0A0BC8F80010D2D0AE
:104470005A4605EB0A01284606F098F8D8F80020BD
:10448000954218BF29460BD08B89886813FB0763B8
:1044900023F0030310332044886019449142F3D180
:1044A00005EB0B00514606F013FB029BD8F80010F9
:1044B0001868039BD3F800C0ADE704F1100615E7B8
:1044C0008BEA050BA84656E7034B0293034B019377
:1044D00051E700BF242A0020782C0020202A002049
:1044E000282A002090F90730002B00DB704705F0E8
:1044F00095BE00BF2DE9F04F2DED028B1D46B3B0E8
:1045000083689DF8F8400D9208EE900A1A685B687F
:10451000159314A80E46039102941492FBF7A2FF80
:104520001C210C90044618A806F0D2FA337BC3F382
:1045300003038DF87930F37A8DF87830002C40F051
:104540006381D6F80090B9F1807F00F03A82029B37
:10455000052B00F060814FF0020AD3460D9CBDF997
:104560005200A388BDF95420ADF85C20591CBDF859
:104570005630ADF85A0001331B1A1BB20F93BDF928
:104580005030ADF858300132D21A13B20693238856
:10459000ADF85E00CB1A1FB20C9B16AC1894002B22
:1045A00040F0D281B9F1807F00F03981F9F7F8FF4E
:1045B00004F084FD06460E9014A805F0B3F8B0424E
:1045C00040F2FA810E9E700005F0B6FE8046109013
:1045D000304605F0B1FE1FAB08EE103A04901B9078
:1045E0004C21184602231D94CDF864808DF870305C
:1045F00006F06EFA0D9A029B8DF88E30D3885288A1
:104600001F9501339B1A039AADF88230137DADF8E4
:104610008070C3F300038DF88F30136822935368C2
:10462000219318EE100A1389ADF88C30FCF7F6FCD4
:1046300000230B9303998B7A6FEA03085FFA88F8DB
:10464000002B00F068814A7AD20802FB03F208923C
:104650000A89C2F3451202FB03F209920A7A02F0B8
:104660001F0202FB03F30A93029B042B00F05A8102
:1046700002238DF870300C9B002B40F060810D9A66
:10468000BDF95A30B2F902209A1A12920F9A002AF2
:1046900040F3A3800AFB07F311930023069A0793C4
:1046A0001F46049B134413930D9BBDF95820B3F987
:1046B0000030D31A0593069B002B40F32281129BF6
:1046C000079A0B9D9A18049BDC19109B03EB470675
:1046D000139B12B203EB070B45E0DDE90413591AF3
:1046E000C91B214418EE100A09B20192FCF796FF8B
:1046F000019A002800F0C7809DF892102170BDF843
:104700009010039B987A38B3099BC1F3451C0CFBAE
:10471000083C0A9B01F01F0E0CF1800CC80A0EFB2E
:10472000083180310CEB0C2E089B0CEBCE1C01EBFE
:10473000012E00FB083001EBCE118030CCF3C55CBC
:10474000C1F3C45141EA4C1100EB002C00EBCC103A
:10475000C00D41EAC02189B2318001345C45554425
:1047600006F102061BD0B9F1807FB6D1029B052B62
:104770007ED04FF0FF33237068782978029B01EBDD
:104780000021062B89B2BCD1B1F5FC6FB9D1002153
:10479000217001345C45554406F10206E3D1069BC5
:1047A000FC180C9B002B40F087800B9B119A134444
:1047B0000B93069B0E9AE318934266D2BDF85E30C7
:1047C00001332746ADF85E30079B0F9A01339342C1
:1047D00007937FF469AFBDF95A30BDF95E209A4264
:1047E00007D0013A18EE900A18A9ADF85E20FEF73E
:1047F0007DFC049805F058FE109805F055FE33B086
:10480000BDEC028BBDE8F08F039BD3F80090029BB8
:10481000052B7FF4A0AE4FF0030AD3469EE6029B21
:10482000052B00F0E080F9F7BBFE04F047FC0646DC
:104830000E9014A804F076FF864280F0BD800E9E94
:10484000700005F079FD80461090304605F074FD4B
:104850001FAB08EE103A04901B904C21184602231F
:104860001D94CDF864808DF8703006F031F992E037
:10487000A978217000293FF470AF6878297801EB9E
:10488000002189B23DE7207067E718EE900A18A969
:10489000FEF72CFCBDF85E3001331BB2ADF85A3088
:1048A000ADF85E30029B042B19D002238DF87030D6
:1048B0000C9B03BB1F4687E7049BBDF85220BDF944
:1048C00058101F44079B1A4412B2069B3846FBF748
:1048D000AFFCC0B1022808BF8DF8700065E7039BEC
:1048E0001B68B3F1807F14BF022301238DF8703061
:1048F0000C9B002BDED00E99049806F05DF9002782
:1049000062E73C464DE70699384606F0E1F8022397
:104910008DF8703049E7CDE909330893029B042BE9
:104920007FF4A6AE039B1B68B3F1807F14BF022304
:1049300001238DF870300C9B002B3FF4A0AE0E9934
:10494000049806F039F99AE6F9F72AFE04F0B6FB66
:1049500006460E9014A804F0E5FEB0422CD90E9E37
:10496000700005F0E9FC80461090304605F0E4FC4C
:104970001FAB04901B9008EE103A18464C210223FE
:104980001D94CDF864808DF8703006F0A1F8B9F16F
:10499000807F7FF42FAE0D99BDF95220B1F902301E
:1049A000B1F90010D21ABDF950305B1A07FB02337F
:1049B00003FB0B530B933DE614A804F0B3FE0E90DB
:1049C000CDE7029B042B7FF4C2AD039B9B7A002BA7
:1049D0007FF4C1AD0D9B18EE900A18A9CDE91835EA
:1049E000FEF784FB0BE7039B9B7A002B7FF41BAF46
:1049F000F9F7D6FD04F062FB064614A804F092FE17
:104A0000B0427BD9700005F097FC8146304605F036
:104A100093FC0D99BDF95220B1F90230B1F90010A3
:104A20001D94D21ABDF950301B905B1A07FB02335C
:104A300003FB0B5802238DF870300F9BCDF8649068
:104A4000002B04465FDD069A0BFB07F3019300255C
:104A5000531E00EB030B2F469646069B002B17DDDB
:104A60007A1E09EB470122445F444346987802F8D6
:104A7000010F28B193F801C0187800EB0C200880D2
:104A8000BA42534401F10201F0D1069B77469E449D
:104A9000019BB645984405F101051BD8BDF85E3071
:104AA0000F9A01331BB29542ADF85E30D5D1BDF9F6
:104AB0005A209A4207D0013B18EE900A18A9ADF887
:104AC0005E30FEF713FB204605F0EEFC484605F08D
:104AD000EBFC94E618EE900A18A9FEF707FBBDF868
:104AE0005E3001331BB2ADF85A30ADF85E300F9B2B
:104AF0009D42E8D0DDF818E00027AEE714A804F0E6
:104B000011FE06467EE7BDF95E30D0E72DE9F04F95
:104B10002DED028B1E46A1B0894604461546086855
:104B20000023324615A903F07FFFB0B3BDF85C3017
:104B30009BB3BDF85A2082B3B5F800A0BDF85E0063
:104B4000B5F90210D9F80050BDF96080B5F908C078
:104B5000B5F90A708244A0680FFA8AFBB0F900E048
:104B60005A4472451FFA8AFA5D4616DBB0F90420F2
:104B70005A4512DB9844A1EB08016144C91B0AB2F3
:104B800089B20291B0F90210039213448B4204DB04
:104B9000B0F906300192934204DA21B0BDEC028BE9
:104BA000BDE8F08F1598314603F03AFF864600289D
:104BB000F3D0159B019A1B7B13F0030FEDD19DF8E9
:104BC000623099F81AC003F00F03032B16D0013B93
:104BD000072BE2D801A151F823F000BF234E0108B2
:104BE000354E01089B4B0108FD4B01089B4B01080A
:104BF0009B4B01089B4B01080F4E0108BB4B0B93CD
:104C00000427F023B84610210F93BCF1FC0F22D8E3
:104C1000B74B1B786345B74B049300F0A6814B1E3E
:104C20000B99B54ECB180193013911F8010F1CFBFC
:104C300000F3FF284FEA232300F07B8106F8013BB5
:104C4000019B8B42F1D1AA4B83F800C0049BC3F8AF
:104C50000080A94B0B93A668BDF85C10B6F9003034
:104C6000BDF85A0008919B4507900A9180F26D812A
:104C7000A3EB0B030AEB030B1FFA8BF1059308FB65
:104C800003FC0D910FFA8BFB18440799B6F9043019
:104C90006918994240F363815B1B0133C01A069384
:104CA00008FB00F19BB209910E93B6F902309A42CB
:104CB00080F25281991A029A079B01910A4408FBDB
:104CC00003F301FB03CC93B2029312B20398089949
:104CD000B6F906304118994240F334811B1A01336A
:104CE00004939BB208931C2119A80EEBDC060CF070
:104CF00007050C9205F0ECFE99F81E30C3F3C203D1
:104D00008DF87D30B9F80C30ADF86C3099F81A3068
:104D10008DF87C30F9F744FC04F0D0F9079B0A9A2F
:104D200002FB03F38342A8BF03461846079305F02E
:104D300003FB089A029B039013440E9A1C909E4614
:104D40000AF1FF331A4413460D9AC2F1010111FA18
:104D500083F10C9A002009B2844608EE101A01462D
:104D60006BF30F0062F31F401BB21090084663F311
:104D70000F006BF30F0163F30F0C62F31F416EF32F
:104D80001F40CDE9121062F31F4C12A8CDF844C0A9
:104D9000FBF768FB10AB049919931E93019B0890D5
:104DA0008B4280F2E780DDE90513039ADDF82CA041
:104DB0000B94A3EB010B02EB0B030F9C0A934FF038
:104DC0000009CDF808B0DDE90532934224FA05F177
:104DD00080F2B680039B03EB09020A9B03EB0900F8
:104DE00005E0454421FA08F1013290422BD0337896
:104DF000A7EB050C0B4033FA0CF318BF1AF803307D
:104E00001370BD42EDD3013621460025ECE73B4B44
:104E10000B93FF2300274FF008084FF480710F9386
:104E2000F3E6374B0B93802307274FF0010802214D
:104E30000F93EAE6334B0B93C02306274FF002088B
:104E400004210F93E1E6029B09EB030B089B002B67
:104E50005AD1029B079A5B449A4226D9099B019A30
:104E600004991D44BDF84630013201331BB2914212
:104E700006EBD506019205F00705ADF8463001D0E6
:104E8000D946A0E70B9CBDF942209A4209D0013BCC
:104E9000022219A92046ADF846308DF87420FEF79D
:104EA00025F9039805F000FB77E64FF002038DF833
:104EB0007430019B0B98013319A90193FEF716F981
:104EC000BDF84630099A01331BB21544ADF84230A3
:104ED000049AADF84630019B9A4206EBD50605F0E0
:104EE0000705DED04FF0000BD9466CE7B8E10108AA
:104EF000302B00202C2B00202C2A0020C8E1010898
:104F0000B0E10108B4E10108039BBDF94620BDF9F9
:104F100040109944484618EE103AFBF789F98DF88D
:104F20007400002895D118EE101A484605F0D0FDFF
:104F30008FE7019B06F801CB8B427FF476AE82E6C9
:104F4000CB4683E7089B0493CDE64FF0000CCDF8E9
:104F500034A0CDF814C098E600230193B6E6079B71
:104F6000CDF824C00E9306939FE61B6843457FF45B
:104F700056AE68E6BDF9463085E700BF2DE9F04F33
:104F80002DED048B0C46B1F90210C7B0CDE9032317
:104F9000002900F0A6811F46237A022B40F2A1814E
:104FA00005461646B2F90000B7F90020904200F01D
:104FB0009D81B6F902C0B7F9027001EBD171C1F35E
:104FC0004F0100239042ACBF01EB000E01EB020E3B
:104FD0001E469042D4BFC1EB0008C1EB02086EF33D
:104FE0000F06BC45D4BFC1EB0C02C1EB0702BC45A8
:104FF000ACBF6144C91961F31F4668F30F030AA9E6
:1050000062F31F430846AA68CDE90A3604F0C2FBE2
:10501000002800F06681039BB3F90260049BB3F99A
:105020000270AB680593BE420AABAB6000F0318200
:10503000039BB3F900B0049BB3F900A0D34500F083
:105040006181BE4205DB32465B463E46D34617468B
:105050009A46AAEB0B03B91B1A46079381EAE1793A
:1050600083EAE373A3EBE273A9EBE1794B45B4F96F
:10507000028009911A46069340F307824FEA4913CA
:10508000B3FBF2F39E49C95C3F2318FB0138C8F318
:10509000CF13DA45D4BFC3EB0A0CC3EB0B0C0021D2
:1050A00008466CF30F01DA45ACBF03EB0A0C03EBC7
:1050B0000B0C6CF30F00B742D4BFC3EB070CC3EB70
:1050C000060C6CF31F41B742ACBFDB199B1963F3AD
:1050D0001F400C910CA90D900AAA084604F05AFB37
:1050E0004FEAE813002800F0F580069A03F0010368
:1050F00003EB28234A4508934FEA282840F3BD8252
:10510000079A002A40F37F821FFA88F2BBB29946C1
:105110009B1AB1B21BB288468A1A009316A90023C3
:1051200012B20846019308EE901A53465946FBF70F
:10513000C7F9BDF82030994408EB03020FFA89F350
:10514000009321AB08EE103A18460123019312B2E6
:1051500053465946FBF7B4F9002118EE900AFBF7C5
:105160000DF8002109EE100A18EE100AFBF706F8F8
:1051700094F8098018F0100809EE900A00F0AA824D
:105180004FF0FF33CDE90633BDF83430BDF83020A1
:1051900001339B1A0FFA83FBF9F702FA03F08EFF33
:1051A00081460CA804F0BEFA814500F28E82484682
:1051B00005F0C2F8BDF83220BDF93660ADF83620F2
:1051C0004946824605F0F8FC1C210FA805F080FC3A
:1051D000BDF932702288ADF844200CAB227A0F93CF
:1051E000BE4214938DF85420CDF848A03A46334679
:1051F0003DDB089400265C469B460AE03219914547
:105200001CD9BDF836200132ADF836200137BB4538
:105210002ADB0AEB0608BDF930103AB223464046B5
:10522000FBF706F826448DF84C000028E6D121460D
:10523000404605F04DFC32199145E2D84FF002038B
:105240000FA928468DF84C30FDF750FFBDF83620E9
:10525000013212B249465046ADF83220ADF8362040
:10526000002605F0A9FCD1E7089CBDF93220BDF964
:105270003630934209D0013BADF836300FA90223F6
:1052800028468DF84C30FDF731FF504605F00CF9FB
:1052900018EE900AFBF7AAF818EE100AFBF7A6F82A
:1052A000069B013302D02CA8FBF7A0F8079B013323
:1052B00002D038A8FBF79AF819EE100AFAF7E0FFC7
:1052C00019EE900AFAF7DCFF0698FAF7D9FF07986B
:1052D000FAF7D6FF637A13F00C0F40F09B80059B22
:1052E000AB6047B0BDEC048BBDE8F08F049BB6F912
:1052F00002C0B3F90270BC457FF45FAEF1E700BFB6
:10530000C8E20108B4F90210013901F001031FFAE3
:105310008BF003EB6103BE42A0EB030300EB6100E3
:105320004FF000018C4663F30F013346B8BF3B4694
:10533000B742A8BF374667F31F4160F30F0C2CAF8D
:10534000013B2C9163F31F4C0AAA39463846CDF82D
:10535000B4C004F01FFA0028BCD0B4F906303846B7
:10536000002B00F07481B4F90430002B00F06F8141
:10537000FBF778F84FF0010838AE1C21304605F0F5
:10538000A7FBBDF8B4B0BDF8B030BDF9B6A03897F2
:105390000BF1010BABEB030B2388ADF8E8300FFAF0
:1053A0008BFB237A8DF8F8305846BDF8B230ADF853
:1053B000B63004F0C1FF3D973B900746B8F1000FAF
:1053C00040F00482BDF9B280C2451FDB5946384621
:1053D00005F0F2FB0FFA88F25B46BDF9B0103846D3
:1053E000FAF726FF31468DF8F0002846FDF77EFEDD
:1053F000BDF8B230BDF8B62008F101080133013222
:10540000C245ADF8B230ADF8B620DFDA384605F067
:105410004BF85FE738AE3046FBF7CEFCB4F902201C
:105420002188637AADF8E410217A8DF8E310D74330
:1054300047F6FF714FEA62085A07ADF8E01007F02F
:10544000010700F173811B077FF549AF049B1C889E
:1054500058881FFA88F204EB020C0023A41A314684
:10546000ACEB070C1E4664F30F0314186CF30F0625
:10547000801AE21B60F31F4362F31F4628462CAAE2
:105480002C932D96FBF7BEFC29E75B01B3FBF9F3E8
:10549000F8E50399B1F9007004991A46B4F902309D
:1054A000B1F900E0013B774503F00101BC46B6B21B
:1054B000B8BFF4460020774501EB6301A6EB01017C
:1054C0000CF1FF3C06EB63063B46A8BF734607465C
:1054D0006CF30F0763F30F0061F31F4066F31F4780
:1054E000CDE92C072CAF3946384604F053F9002893
:1054F0003FF4F0AEB4F906303846002B00F03781A7
:10550000B4F90430002B00F0328138AEFAF7AAFF6C
:105510001C21304605F0DCFAB4F90430B4F9062059
:10552000BDF8B4802188ADF8E8101A44BDF9B03058
:10553000217A93FBF2F008F10108A8EB030802FBC3
:1055400010338DF8F8101BB2BDF8B210BDF9B6A03B
:1055500038970FFA88F80693ADF8B6104FF0010BA4
:10556000404604F0E9FE3D97BDF9B2703B905745C7
:10557000814600F327812B465D469B4611E031466C
:105580005846FDF7B3FDBDF8B2300133ADF8B23087
:10559000BDF8B630013701335745ADF8B63000F3EA
:1055A00010814146484605F007FBBDF9B01043465F
:1055B0003AB24846FAF73CFE8DF8F000002DDED0F6
:1055C0000028DCD0B8F1000F40F3F78006990023E3
:1055D00006E093B201B201331BB2984540F3ED806F
:1055E000B4F904C01FFA8CF0C2186145A2EB0102A5
:1055F00000F10100EDDDB4F90620624491421EDBAA
:105600009BB20121E7E7BDF82020BBB29946D31831
:105610001BB2B1B2009316AB0A44184608EE903A9A
:105620000023069112B2019359465346FAF748FFF8
:1056300006991FFA88F3A9EB0309CA1A7EE54FF011
:105640000002013109F8032009B29BB2C3E7FAF75F
:1056500009FF10B14FF000088EE638A81C2105F0B4
:1056600037FA2388ADF8E83038A9237A38972846E6
:105670008DF8F830FDF73AFD2CE6BDF820100097C4
:105680001FFA8BF21FFA8AF901EB09030692114403
:10569000002216A801921BB2324609B208EE900A07
:1056A000FAF70EFF069900971FFA88F2A9EB02039A
:1056B000891A21AA08EE102A1046012201921BB273
:1056C00009B23246FAF7FCFE46E50CA804F02AF8C7
:1056D00081466CE5BDF81C30BDF824900693334438
:1056E0001BB200930320ABEB090332461BB25946B1
:1056F00001902CA8FAF7E4FE069B3B441BB20093F2
:105700000220AAEB09031BB23A465146019038A881
:10571000FAF7D6FE41462CA8FAF730FD414603467B
:1057200038A80693FAF72AFD07902DE5039B188801
:1057300059881FFA88F300EB030E0022C01AAEEB63
:10574000070E944660F30F025818C91A61F31F42FE
:10575000C31B6EF30F0C63F31F4C2C9231462CAA23
:105760002846CDF8B4C0FBF74DFB637A6BE6FAF739
:1057700079FE00283FF471AF38AE1C21304605F0A9
:10578000A7F9BDF8B480BDF8B030BDF9B6A0389720
:1057900008F10108A8EB03082388ADF8E830237A64
:1057A0008DF8F8304FF0000BBDF8B230ADF8B630E0
:1057B0000FFA88F8CDF818B0D2E602238DF8F03051
:1057C000DDE65D46484604F06FFE83E5B4F9063039
:1057D000B4F90420BDF9B2801344D04598FBF3F925
:1057E00003FB19890FFA89F915DD0FE60FFA83F922
:1057F00031462846FDF77AFCBDF8B2300133ADF8EA
:10580000B230BDF8B63008F101080133D045ADF82B
:10581000B6303FF7FBAD5946384605F0CDF95B464B
:10582000BDF9B0100FFA88F23846FAF701FD09F118
:1058300001038DF8F0000028D8D0B4F90420B4F9A1
:10584000063013444A45B8BF002009F101019945CB
:105850008DF8F000B4BF0FFA81F94FF00109C7E7E6
:105860002DE9F04F2DED028B022B8DB0CDE9050116
:1058700040F23A811646002A00F036819F003846F1
:105880001C4604F059FD0546002800F02D813368C0
:105890002B60601E0024234606E0715845F8241052
:1058A000621C834294B216DA99000A1D36F923E08D
:1058B00036F902C003F10108E64506EB83093244DC
:1058C0001FFA88F3E9D1B9F902C0B2F90220944570
:1058D000E3D18342E8DB043FB6F90020F35F9A424C
:1058E00006EB070100F00581F35945F82430013437
:1058F000A4B2022C40F20581884B93E8030008AB68
:1059000083E803008649631E9BB205F1040C41F64F
:10591000FF700CEB830C0F462B460646B3F90020B4
:105920009642A8BF16469742B8BF1746B3F9022061
:10593000904203F10403A8BF10469142B8BF11463C
:105940006345EBD100231A4667F30F0266F30F039A
:1059500060F31F4361F31F42CDE90832059B08A99C
:105960009A680AA803F016FF002800F0D280059B71
:1059700028469A68079230F9021F0AAA9A60002600
:10598000012330F923208A42B8BF1EB203F101037C
:10599000B8BF11469AB29442F3D82C2004FB00F011
:1059A00004F0CAFC731C711E48BF0919A342B4BF9E
:1059B00005EB83032B4605EB860208EE100A05EB88
:1059C000810035F826C01F88B2F9022035F8211071
:1059D00040885B88A1EB0C01A7EB0C071FFA82FC47
:1059E000A0EB0C00A3EB0C0310FB07F013FB01F37F
:1059F00018EE10BAB246039004934FF000084FE03F
:105A0000BAF1010906F1010748BFA144A74205EB1D
:105A1000890300DB0027B3F90200904216DB12D0A5
:105A2000B3F9003035F92A108B420CD000900120D8
:105A300001905846FAF744FD584618EE101AFAF746
:105A40009DFB0BF12C0B08F10108CA46444538D0E8
:105A500005EB8703B100B3F9020005EB8603B3F948
:105A6000022090424FEA870314DB10D0EB5E695EA0
:105A70008B420CD00090002001905846FAF720FD90
:105A8000584618EE101AFAF779FB0BF12C0B08F1B7
:105A900001083E46444514D905EB8A03B3F90220B8
:105AA000DDE903318B42ABDA0AF10109A145B2BF4E
:105AB00005EB89032B464FF00009771E48BF3F19BD
:105AC000A9E7DDE9054108AA2046FBF79BF918EE96
:105AD000100AFAF7E7FB18EE100A04F0E5FC284676
:105AE00004F0E2FC079AA2600DB0BDEC028BBDE8A9
:105AF000F08FB1F90230B6F902209A427FF4F4AE89
:105B0000F7E628460DB0BDEC028BBDE8F04F04F07F
:105B1000CBBC284604F0C8FCE6E700BF18DE01084D
:105B200001E0FFFF2DE9F04FCB0789B04FEA610696
:105B30004FEA400458BF06F1FF3307462046029162
:105B400054BF05930596154604F0F6FB002F014659
:105B500040F30E81059A079506F1010A7B1EA01EEF
:105B60009244CAEBCA7A0693039001EB4300F31800
:105B700005EB4A0AA846049006EB02094FF0000B19
:105B80001D46039B029A38F80330DDF810C002FB73
:105B900003F32A462CF802399742CCBF38F812009A
:105BA0000020A2EB090E181A7346002B02F1FF3EEB
:105BB00006DD3AF81230B242034406D07246E9E7F5
:105BC000B8F80030B2420344F8D140460BF1010B63
:105BD0002246019104F0EAFC5F450199A244A044E9
:105BE000CFD107FB07FC029B079D4FF47F5EBEFBF6
:105BF000F3FEBCF1000F00F0C780DDF80880A81E9E
:105C0000002230F8023F3BB1B3F57F5F0EBFA0F832
:105C100000E093FBF8F3038001326245F1D3002FDB
:105C20003DDD7B1E06931846012F07FB00F03CD19B
:105C3000059BF643A6EB03085A1C029E2B8805EB36
:105C4000400A101A06FB03F30F460AEB400604EB6A
:105C500001098C46AE46002BACBFC3F38F1B4FF03F
:105C6000000B2CF802BB08EB02000028D4BFBEF8E2
:105C7000000036F81800002AA3EB0000D4BF3388D8
:105C8000BAF80030CC45A6440344264402F1010290
:105C9000E1D137F8023B2B80B9452544F9D10846BC
:105CA00009B0BDE8F04F04F0FFBB059A0495F3433B
:105CB0009B1A07FB03F301937342059302FB044312
:105CC000023B0693002305EB400003938B1E07EE77
:105CD000901A02F1010B07930146049A0298DDF82D
:105CE0001CA0DDF814E0164602323388049200FB53
:105CF00003F30698D14600EB020CB0460020002BBF
:105D0000ACBFC3F38F120022BEF1000F2AF8022F9E
:105D1000CABF019AB8F800203CF812200BEB00052E
:105D2000AF42A3EB020200F101002B46CCBFBCF84E
:105D300000300B8887421344A044A4440EF1010EA6
:105D4000DDDC0023013339F8022F32809F422644E4
:105D5000F8DC039B01339F42039301F10201BCDC99
:105D600017EE901A084609B0BDE8F04F04F09CBB4E
:105D700007FB07FC029B4FF47F5EBEFBF3FEBCF10A
:105D8000000F7FF43AAF8AE706984DE7CB78022BF5
:105D900040F271812DE9F04F0C46B1F920105368A3
:105DA000B2F900609BB0814601291068069343F365
:105DB0000F4505901BB2B2F902001CDD94F82220B9
:105DC000FC2A18D9B4F90020AAB194F82320C2F310
:105DD000C0013144ADF81410C2F380010144ADF8A4
:105DE0001610C2F30011C2F340025B1AAA1AADF8F2
:105DF0001830ADF81A20D9F8082005A907A803F033
:105E0000C9FC002800F03481637BA58813F00703E8
:105E100000931F46238905A8AB4208BF00270097BF
:105E2000FAF720FB002315931993CDE91333CDE93D
:105E300016331893A3788DF86530ADF85450B4F943
:105E40000030064610B9002B00F09581BDF81850BF
:105E5000BDF81420BDF81AB094F803A0BDF92010C5
:105E6000BDF91C000135AD1ABDF816200BF1010B70
:105E7000ABEB020B2DB20FFA8BFBBAF1FD0F28BF73
:105E80004FF0FF0AAB455A46A8BF2A4652109A4225
:105E9000A8BF1A464F1C3F1A002A01923FB202DCEB
:105EA000002E00F05081384604F046FA019A002393
:105EB00005A980460DA8FAF7C3FC00210DA8FAF742
:105EC0005DF903460393BDF81C30ADF82430BDF8EE
:105ED0002030ADF8283009AB5A4613931893294661
:105EE000FF23201DCDF858808DF86430FEF794F91B
:105EF000834618B1009B022B00F04A81002E40F02F
:105F00005481019B002B40F3C281BDF91620BDF9DD
:105F10001A30CDF808B0DDF804B092B29BB2B4B23A
:105F20001519BDF91EC02DB21C1BAC4524B210467C
:105F3000194603DDBDF922C0A44548DB5146404661
:105F40003A4604F055FD3B46BDF924102A4640462A
:105F5000FAF76EF9BDF91E30012808BF0220AB42E6
:105F60008DF85C0013DC009BADF82650012BADF8DA
:105F70002A5008D1BDF91630ED1A029B9B6833F800
:105F80001530ADF8543013A94846FDF7AFF8BDF908
:105F90002230A34213DB009BADF82640012BADF865
:105FA0002A4008D1BDF91630E41A029B9B6833F8E9
:105FB0001430ADF8543013A94846FDF797F8BDF9F1
:105FC0001620BDF91A3092B29BB21046194601361E
:105FD000B345A4D1DDF808B0BDF80440BDF81430D5
:105FE000ADF82C302044BDF81830ADF82E00091B58
:105FF0000BA8ADF83210ADF83030FAF733FA0028BC
:106000003AD1009B8DF864A0002B00F02681019A04
:10601000BDF91A50BDF91630AD1A9C18A5424FF0C3
:1060200001028DF85C200EDB009A012A77D023B2A2
:1060300013A901344846ADF82630ADF82A30FDF7F3
:1060400055F8A542F3DAB8F1000F02D0404604F04B
:106050002BFA039B5A1C05D01846FAF711F90DA824
:10606000FAF7C4F9BBF1000F02D05846FEF73AFA2E
:106070001BB0BDE8F08F7047019BBDF91A40BDF918
:1060800016508DF864A0E41A1D44AC424FF0010391
:106090008DF85C30D7DB009B012B1AD02EB23A462C
:1060A0005146404604F0A4FCBDF91C103B46324664
:1060B0004046FAF7BDF801358DF85C0013A9484653
:1060C000ADF82660ADF82A60FDF710F8AC42E5DACD
:1060D000B9E72EB23A465146404604F089FCBDF974
:1060E0001C103B4632464046FAF7A2F8BDF916208E
:1060F0008DF85C00DBF80830ADF82660AA1A13A909
:1061000033F81230ADF82A6001354846ADF8543006
:10611000FCF7ECFFA542DCDD95E7BDF91630DBF8B6
:106120000820E31A13A932F81330ADF8543048466A
:1061300023B20134ADF82630ADF82A30FCF7D6FF93
:10614000A542EADA7FE709ABADF82400ADF82810E4
:106150005A46139318932946FF23201D8DF8643067
:10616000FEF75AF88346002800F087804FF0FF338F
:10617000B0460393BEE6002F7FF468AEE3788DF857
:10618000643005AA13A948461392FCF7AFFF6FE7E6
:10619000BDF91430BDF91C20D21ADBF8083003EB2E
:1061A00042031493002E3FF4ACAEBDF91E40BDF97E
:1061B00022309C423FF747AF009B012B4FF0020675
:1061C00021D025B2514640463A46ADF82650ADF8AA
:1061D0002A5004F00DFC3B46BDF91C102A464046EF
:1061E000FAF726F8012818BF8DF85C0013A9484675
:1061F00008BF8DF85C60FCF779FFBDF922300134EF
:10620000A342DEDA1FE725B2514640463A46ADF8D2
:106210002650ADF82A5004F0EBFBBDF91C103B46AC
:106220002A464046FAF704F8BDF91630012814BF93
:106230008DF85C008DF85C60DBF80820E31A13A988
:1062400032F81330ADF854304846FCF74FFFBDF933
:1062500022300134A342D6DAF5E61693BDF81630A3
:106260002344ADF82630BDF81A3013A91B1B48464D
:10627000ADF82A30FCF73AFFE5E64FF0FF33039321
:10628000D846BDF81600BDF81A10B346A4E65E461F
:10629000C346F5E70B69002B75D0F0B515468A7E2D
:1062A000022A91B00C4601D811B0F0BD064618463E
:1062B000F8F7A4FD022867D0206905A9FBF710FEB6
:1062C0000128F1D108A8F8F7FFFB9DF82C30A2783F
:1062D00062F303038DF82C30238BADF82830638BE9
:1062E0005BBAADF82A30237F002B00F0AF80BDF8F9
:1062F0001610B5F90230B5F90670ADF81A30C1F3D1
:106300004A114A1E1A44BB42ADF81E20CCDC059A45
:10631000C2F38A2CB5F90420B5F90000ADF81800D5
:1063200000F1FF3EF4449042ADF81CC07FDC2369CD
:1063300006AA08A93046F8F7D9FB059ABDF8183027
:10634000BDF81CE0C2F38A2C6344B5F904201BB2EB
:10635000E6449342ADF81830ADF81CE0E7DDBDF837
:106360001610BDF81A30BDF91E00B5F90670C1F35C
:106370004A110B441BB208449F42ADF81A30ADF8E5
:106380001E00C9DA90E77047002741F6FF73CDE998
:1063900001370097D4E904123B4605A806F0E4FA59
:1063A000AB882988BDF914C0E8886A8801335B1A74
:1063B000C3F3C03E0EFA83F3451C0CEBDC7EBDF943
:1063C0001600A1EB6E01AD1A01EB6301C5F3C033FA
:1063D00003FA85F500EBD073A2EB630289B202EBFE
:1063E0006502431E384692B261F30F000CF1FF3C88
:1063F0008C44134462F31F403A466CF30F0263F37C
:106400001F42069008A80792F8F706FD62690097F8
:106410000892A27E258B8DF83A202369ADF82C5086
:1064200008A9304606AAF8F70FFD11B0F0BD0B44DD
:106430001BB2BB423FF738AF0B441BB29F42FFF683
:1064400033AF0B441BB29F42F6DA2DE72369AC88C9
:106450002F88DDF814C06A880134E41BC4F3C03E01
:106460000EFA84FE3046CCF3C924EE88BDF81650EF
:106470003C1B04EB6E04CCF38A270136B61AA4B297
:10648000013F2744ADF81840C6F3C03404FA86F63D
:10649000C5F38914141B04EB6604C5F34A12A4B2B5
:1064A000013A2244ADF81E2008A906AAADF81C70D6
:1064B000ADF81A40F8F71AFBF6E600BF70B50446CF
:1064C0000D461646FFF762FC324629462046BDE8D7
:1064D0007040FFF7DFBE00BF2DE9F04F2DED028BBE
:1064E000A7B004469B4608469DF8D430BDF9C88045
:1064F0009DF8D0A0019389461746F9F7B3FF0090A5
:10650000002867D15BEA080364D11FAD1C2128462F
:1065100004F0DEFAD9F80010BDF8CC30B7F902600B
:10652000B7F90020ADF8843019AB8DF894A01F9313
:10653000B9F904A00092731EB7F90420ADF86A30CF
:10654000B6EB214F0192B9F90680B7F906301991DF
:10655000ADF868A04FEA21420FFA81FB80F2518327
:106560004046194601319845ADF86A00ADF866100D
:1065700080F2638396423988ACBFB7F90220B9F93B
:106580000220ADF866209845009BACBFB7F9062005
:10659000B9F90620ADF86A200139ADF868105B45FD
:1065A000B9F80010ADF8641080F24283BB88B9F8E6
:1065B0000420ADF868200133ADF86430019B9A45A2
:1065C00003DB29462046FCF791FD27B0BDEC028B8A
:1065D000BDE8F08FA26849460FA803F0DBF80290EF
:1065E0000028F2D0BDF84060BDF83C300136F61A04
:1065F0001FAD1C21284636B204F06AFA304603F07B
:106600009BFEBBF1000F229000F3B1814FF0FF33EE
:10661000099342460123394619A8FAF711F90021D6
:1066200019A8F9F7ABFD019B8DF89530BDF8CC307A
:10663000ADF88430B9F90230B7F9021006935B4423
:10664000B9F9062008928B42B8BF0B4608EE100A33
:10665000B7F906008DF894A00FFA83F8A2EB0B03AC
:106660001A46834211AB1F932493B7F90030049369
:10667000B7F904300193A8BF0246B9F90430039377
:1066800013B20A93009BB9F900A0059107900D92EF
:10669000002B40F078810499039B01980AEB0B02D0
:1066A000A3EB0B038A42B8BF0A468342A8BF034646
:1066B00010B20B90514518B20C9080F2AE800123BD
:1066C0008DF88C30DDE90532934280F2D081DDE92E
:1066D0000732934240F3F082019B039A934240F3C6
:1066E000D5800B9BBDF93C10ADF8441003F1FF3B86
:1066F000BDF940309B45A8BF9B46C1F10102ADF8F2
:1067000048B093440FFA8BFBBBF1000F15DD049BDF
:10671000534580F20C82DDE90532934204DBBDF97A
:106720003E604645C0F20782DDE90732934240F3FE
:106730001F82BDF93C10BDF940300C9AADF84830CD
:1067400001328A42B8BF0A4603F1010AAAEB020AE3
:106750000FFA8AFABAF1000FADF8442055DD019B1B
:10676000039A934240F3DD81DDE905329342C0F2A2
:106770005982BDF93E60B04540F3548237B2229849
:10678000ADF846705146ADF84A7004F015FABDF9FF
:106790004410229853463A46F9F74AFD01368DF8DF
:1067A0008C0029462046FCF7A1FC4645E6D1019B1A
:1067B000039A934200F336820A9B03F10108BDF964
:1067C0004230984521DC0D9F0137A7EB080707EB06
:1067D000080636B22298ADF846605146ADF84A60D8
:1067E00004F0EAF95346BDF9441022983246F9F70D
:1067F0001FFD29468DF88C002046FCF777FCBDF97B
:10680000423008F101084345E1DA19A8F9F7EEFD35
:1068100018EE100AF9F734FDF7E001990398814268
:1068200000F31E81DDE905108142C0F23B81DDE904
:106830000710814240F30A820B9BADF844300C9B59
:10684000ADF84830069BADF8463001238DF88C300A
:10685000059B2946013B2046ADF84A30FCF746FC33
:10686000B9F90020B7F90030ADF84420013BADF88C
:10687000483029460A9BADF84A302046ADF846809C
:10688000FCF734FC019B039A934210DC0A9BADF8A1
:106890004A30BB88ADF846800133ADF84430294614
:1068A000B9F80430ADF848302046FCF71FFC029BD5
:1068B000002B7FF416AFB7F90280B9F90230BDF8AA
:1068C0003C20ADF84420A3EB0808D845B8BFD84613
:1068D0000FFA88F8BDF84020ADF84820B8F1000F55
:1068E00093DDDDF808A01F4607E0BDF942305B45A7
:1068F00034DAD04589D0B9F90270B9F806B01FFA78
:106900008AF31F44ABEB030BBDF93E303FB2BB42F1
:1069100031460AF1010A0FFA8BFB03DDBDF9423063
:106920005B45E6DB229804F047F93346BDF9441095
:1069300022983A46F9F77CFCBDF93E308DF88C0080
:10694000BB42D2DC29462046ADF84670ADF84A700D
:10695000FCF7CCFBBDF942305B45CADB294620463B
:10696000ADF846B0ADF84AB0FCF7C0FBC1E7002374
:106970005A46494613A8F9F763FF13A80021F9F70F
:10698000FDFB099045E6BDF93E70BDF94230BDF80A
:106990003C20ADF844209F42BDF84020ADF848208F
:1069A00029DC0A4606998A42C0F29480089A9042ED
:1069B00039DDDDF8289018E02298ADF846803146A0
:1069C000ADF84A8004F0F8F83346BDF93C1022983F
:1069D0004246F9F72DFC29468DF88C002046FCF73D
:1069E00085FBBDF94230BB4205DB4F450FFA87F806
:1069F00007F10107E0DD19A8F9F7F8FC18EE100A15
:106A0000F9F73EFC099B013305D013A8F9F7EEFC1A
:106A10000998F9F735FC229803F046FD27B0BDEC44
:106A2000028BBDE8F08F0FFA87F82298ADF8468008
:106A30003146ADF84A8004F0BFF83346BDF93C104A
:106A400022984246F9F7F4FB29468DF88C0020463F
:106A5000FCF74CFBBDF942300137BB42E3DACAE731
:106A600001238DF88C30DDE9053293421DDB0B9B51
:106A7000ADF844300C9BADF84830069BADF846307D
:106A8000059B2946013B2046ADF84A30FCF72EFB1A
:106A9000DDE90732934240F3F280049B5345FFF651
:106AA0001BAEDDE601238DF88C30DDE90732934221
:106AB00000F3FF800133ADF846300B9BADF8443056
:106AC00029460C9BADF84A202046ADF84830FCF72B
:106AD0000DFBE2E70899884273DDDDF828A01A462D
:106AE000B8451ADCBA4586DB0FFA87F92298ADF86B
:106AF00046903146ADF84A9004F05EF84A46BDF93A
:106B00003C1022983346F9F793FB29468DF88C0008
:106B10002046FCF7EBFABDF942200137BA42DFDA32
:106B200069E7BDF93E60B0453FF728AE44E6BDF9E0
:106B30003E60B0451CDD37B22298ADF8467059462C
:106B4000ADF84A7004F038F8BDF9441022985B465D
:106B50003A46F9F76DFB01368DF88C002946204640
:106B6000FCF7C4FA4645E6D1049B5345FFF6DCAD7D
:106B70000A9ABDF94230561C9E423FF7DAAD0D9B92
:106B80005F1CBF1B07EB06090FFA89F92298ADF8C5
:106B900046905946ADF84A9004F00EF85B46BDF9B0
:106BA000441022984A46F9F743FB29468DF88C0099
:106BB0002046FCF79BFABDF942300136B342E1DAD8
:106BC000B7E51A46B8450FFA87F927DC2298ADF8E1
:106BD00046903146ADF84A9003F0EEFF4A46BDF9C3
:106BE0003C1022983346F9F723FB29468DF88C0098
:106BF0002046FCF77BFABDF9422001379742E1DDE0
:106C0000F9E629462046CDE90232FCF76FFADDE9C4
:106C10000232B7F90610B9F90600A3E40137BA4207
:106C2000D0DAE8E6DDE9073293427FF7C5ADECE55F
:106C300029462046FCF75AFAB8E429462046CDE911
:106C40000232FCF753FADDE9023293E401339B1A76
:106C50001BB2312B18DD0B9BADF844300C9BADF80B
:106C60004830069BADF8463001238DF88C30059BEB
:106C70002946013B2046ADF84A30FCF737FAB7F910
:106C80000630B9F9062015E70A9BADF84A30009B9B
:106C9000029301238DF88C30049BADF844A0013B96
:106CA00029462046ADF84680ADF84830FCF71EFA7C
:106CB000ECE5049B5246D7E5DDE90732FAE600BF72
:106CC0002DE9F04F2DED048BB1F92E30A9B08B4694
:106CD00082460492002B00F0168391F8362005922C
:106CE000022A40F21083012BB1F9347000F0E783DF
:106CF000059A0498BBF8326005888188B0F8028054
:106D0000FE2A28BFFF220592BBF83020154403EB72
:106D1000D373ADB2C3F34F035418691EC288BFB218
:106D2000B044C91AC91B1FFA88F81644ADF84410BC
:106D300008F1FF315A1C3C44CB1A3E4492B2DB1B93
:106D4000A4B2B6B2ADF84630A3183244ADF84A202A
:106D500011A9DAF80820ADF8483013A802F01AFD9E
:106D60000990002800F0CF8204984FF0FF3243686A
:106D7000169311460368159315A802F0E3FC7B1CDB
:106D80009BB21C44A3EB08031E44BDF85830BDF869
:106D90005410BDF85A20BBF9008001335B1ABDF8CE
:106DA00056100132521A1BB212B29342A8BF1346B8
:106DB0005B104345A7B2A8BF43467A1B12B208EE48
:106DC000903A33B29342A8BF1346B8EB630F4FEA31
:106DD0006302BBF92E304446C8BF1446234403FB6C
:106DE00003F04FEA4000C8BFA0460893EF1B03F032
:106DF000A3FABBF92E50079005EBD573C3F34F03ED
:106E000065F00101194401339BB22144B6B289B245
:106E10001E440F44ADF87010ADF86E30ADF87260DE
:106E200021A8424600231BA905F00106ADF86C70AD
:106E30002C440B96F9F704FD012D204600F02E831B
:106E400003F07AFA6E10002C8146354640F34286F4
:106E5000671E23B24F44620008EE10AACDF828B096
:106E600009EE103ADDF81C80069700269A469346F4
:106E700007E05946404603F02BFE0136B442D844A1
:106E800031DD2146484603F097FE21AB0093219F58
:106E9000534632B200214846B8470028E9D099F855
:106EA0000030012C4FEA831393FBF5F3A8F8003070
:106EB000E3D0069F4B464246184613F8011F90F850
:106EC00000C08C454FEA811007BF1188518090FBAC
:106ED000F5F050809F4202F10202EDD10136B4423A
:106EE0000697D844CDDC4846DDF828B003F0DCFA3C
:106EF00021A8F9F77BFA012D18EE10AA00F0B08551
:106F00002946079A19EE100AFEF70CFE0B99294440
:106F1000012904FB04F419DD4FF47F55B5FBF1F5AD
:106F20007CB1079B9A1E02EB440032F8023F33B15A
:106F3000FF2B17BF9B011580B3FBF1F31380824237
:106F4000F3D119EE100A079AFEF7ECFD54B1079A37
:106F5000931E03EB4404013A33F8021F02F8011FA9
:106F6000A342F9D111A8F9F77DFA28B9BBF802308C
:106F7000B3F57F4F00F0A985012318EE902A15A9DB
:106F80001BA8F9F75DFC00211BA8F9F7F7F800230F
:106F90000C900993BDF84800BDF844300130C01A88
:106FA00000B203F0C9F91C21044621A803F090FDAA
:106FB000BDF94830ADF8603001339AB2BDF84A10DF
:106FC000BDF94630ADF85E3001319BB2C91ABDF84B
:106FD0004400BDF820802494C1F3C03505FA81F146
:106FE00003EB61015D1E131AC3F3C03606FA83F387
:106FF00000EB6300A2EB080300B21BB2834208EB74
:107000000502B8BF034612B20FFA81F94A45ADF83E
:107010005C3017AB219326931346A8BF4B46ADF8BF
:1070200062308BB20B93BBF82C30ADF88C309BF8F0
:10703000363006908DF89C30DAF808209BF8023044
:107040008DF89D3017A919A802F0A4FB002840F084
:107050004B82BDF94830ADF860300133069AA3EB9E
:1070600008031BB29342B8BF1346ADF85C30BDF9BC
:107070004A30ADF862300133A3EB080309F1010295
:107080001BB29342B8BF13460A9217A9DAF8082038
:10709000ADF85E3019A802F07DFB002840F0618356
:1070A000BDF94630ADF85E30013B43441BB24B4561
:1070B000A8BF4B46ADF86230BDF84430DAF808207E
:1070C0004344ADF85C30BDF8483017A9A3EB080382
:1070D00019A8ADF8603002F05DFB002840F0F282A4
:1070E000BDF94A30ADF8623001330A9AA3EB0803C8
:1070F0001BB29342B8BF1346ADF85E30BDF84430C2
:10710000DAF808204344ADF85C30BDF84830A3EB12
:107110000803ADF8603017A99BF836308DF89C3025
:1071200019A802F037FB002840F07C82BDF8462009
:10713000BDF94830BDF84A10ADF860304244013323
:1071400012B29BF836008DF89C00A3EB0803A1EB6C
:10715000080191451BB209B202DA0B9A013212B250
:107160004945ADF85E200A46B8BF4A46ADF86220F0
:10717000069A9342B8BF134617A9DAF80820ADF86B
:107180005C3019A802F006FB002840F00182089B41
:10719000002B1CDD012B4FEA630603F1FF3516D0EF
:1071A000079A0027154494469E462B460CF1FF3261
:1071B00012F8011F1878107003F80119E91A8E42AD
:1071C000F6DC01373FB2BE45F4447544EDDCBDF852
:1071D0004620BDF94430BDF84A10ADF85C30424459
:1071E000013B12B24344A1EB080191451BB209B225
:1071F00002DA0B9A013212B2ADF85E20069A4945C6
:1072000002F1FF370A46B8BF4A46BB42A8BF3B4619
:10721000ADF8622017A9DAF80820ADF8603019A897
:1072200002F0B8FA002840F0D083BDF94430ADF840
:107230005C30013B43441BB2BB42A8BF3B46ADF8A8
:107240006030BDF94630ADF85E30013B43441BB2BF
:107250004B45A8BF4B46DAF80820ADF8623017A9B5
:1072600019A802F097FA002840F05B83BDF944307A
:10727000ADF85C30013B43441BB2BB42A8BF3B4668
:10728000ADF86030BDF94A30ADF8623001330A9A8A
:10729000A3EB08031BB29342B8BF134617A9DAF851
:1072A0000820ADF85E3019A802F074FA002840F00A
:1072B000E682BDF84430DAF8082024944344ADF85F
:1072C0005C30BDF84830A3EB0803ADF86030BDF882
:1072D00046304344ADF85E30BDF84A3017A9A3EB01
:1072E000080319A8ADF8623002F054FA002840F003
:1072F0008C82099B002B00F0F080079803F0D4F8F3
:10730000204603F0D1F8049C594622465046FEF729
:107310003DFD594622465046FEF7BCFF9BF8221021
:1073200002295CD9BBF92020002A58D09BF8230001
:1073300010F03E0F53D0C50751D4A788E588B4F8A4
:1073400000C066887B1C6C1CA3EB0C03A41B1BB247
:1073500024B2A342A8BF2346BBF900405B10A3425E
:10736000A8BF2346C0F3440E000740F1B08092B29C
:1073700098B214461EF0080F944403BF22185242DC
:1073800092B222461EF0020FA7EB020703BF22189B
:10739000524292B222461644021B12B222EAE27212
:1073A0001EF0010F00920291ADF886609BF802106A
:1073B000039104BF26187642BBF81E10ADF80410E6
:1073C0000CBFB6B22646AD1B0499ADF884C021AA05
:1073D0005046ADF88870ADF88A50FFF77DF89BF8FD
:1073E0002A20022A02D9BBF9263023B929B0BDECE4
:1073F000048BBDE8F08F0292BBF82420ADF8042086
:10740000049EBBF828103488B6F90220B6F904505F
:10741000B6F90660013989B2C4F10107641A9BB25A
:10742000A4B2ADF86C4092B2E41AADF884400D44B9
:107430000E44C2F10104ADB2B6B20F440C442F4465
:10744000521A31193FB209B292B2B942ADF86E2068
:10745000A2EB0302A8BF3946ADF88620BBF9002095
:107460009BF80240ADF8705049108A42A8BF0A4606
:10747000ADF872601D441E441344009250460394BC
:107480001BB21BAA21A9ADF88850ADF88A60FFF79E
:1074900023F829B0BDEC048BBDE8F08F02F04CFF5F
:1074A000002C81463FF7D4AC02F0FEFF21A8F8F78C
:1074B0009DFF04FB04F4002C3FF454ADD2E2002FF6
:1074C0003FF716AC0A6B002A7FF412AC1BE794B2AC
:1074D00098B22218524292B24CE71BA8F8F786FFE6
:1074E0000C98F8F7CDFE08E718EE902A15A919A810
:1074F00002F0A2FA00287FF4ACADBDF94620BDF839
:107500006830BDF964600A92BDF948200D920133DC
:10751000099A9B1B1FB2BDF96630002A40F04C83CC
:10752000002F7FF796ADBDF86410BDF96650BDF928
:107530006A20ADF85C10BDF86810ADF86010AA4282
:107540004FF0020124948DF89410FFF682AD0A9A50
:1075500008999B1A0D9A521A0132B61A01FB03665A
:10756000079B1E44099B002B00F0FB830F4621A9BB
:107570005046ADF85E50ADF8625024960135FBF7E9
:10758000B5FDBDF96A302DB2AB423E44EFDA60E59D
:1075900018EE902A15A919A802F04EFA00287FF4D7
:1075A000F6AD0898BDF94830BDF86820BDF9641003
:1075B0001B1A0132521A0133CB1A16B2421E00FBBB
:1075C0000233079AD718099B002B40F0FE8223460E
:1075D000002E24937FF7DBADBDF86420BDF9665023
:1075E000BDF96A30ADF85C20BDF86820ADF86020C8
:1075F000AB424FF002028DF89420FFF6C8AD099B14
:10760000002B00F03E8221A95046ADF85E50ADF847
:107610006250FBF76BFD0135BDF96A302DB2AB420C
:10762000F1DAB4E518EE902A15A919A802F004FAC7
:10763000074600287FF47AADBDF96820BDF96410D3
:10764000561C761A36B2002E7FF770AD0998BDF938
:107650006230BDF96A50002840F04982ADF86020E0
:10766000BDF96620ADF85C10AA4224943FF75EADE8
:10767000DDE907215B1B01FB0327ADF85E50ADF888
:10768000625039783246204603F0B2F933462A4632
:10769000BDF964102046F8F7CBFD012804BF022392
:1076A0008DF89430089B18BF8DF8940021A950469E
:1076B0001F44013DFBF71AFDBDF966302DB2AB4208
:1076C000DBDD33E518EE902A15A919A802F0B4F90C
:1076D00000287FF405ADBDF96820BDF96410BDF93F
:1076E0006650BDF95E70531C5B1A1EB2099B002BDD
:1076F00040F07382002E7FF7F3ACBDF96A30ADF82D
:107700005C10AB42ADF860202494FFF6E9ACDDE9F3
:107710000732EF1B02FB0737ADF85E50ADF8625041
:1077200039783246204603F063F933462A46BDF9DC
:1077300064102046F8F77CFD012804BF02238DF871
:107740009430089B18BF8DF8940021A950461F441F
:107750000135FBF7CBFCBDF96A302DB2AB42DBDA69
:10776000BEE418EE902A15A919A802F065F90028C0
:107770007FF496ACBDF96A20BDF86830BDF964604D
:107780000D92BDF948200E920133099A9B1B1FB23E
:10779000BDF96230002A40F07182002F7FF780AC83
:1077A000BDF86410BDF96A50BDF96620ADF85C10F3
:1077B000BDF86810ADF86010AA424FF002012494A1
:1077C0008DF894103FF76CAC0D9A08999B1A0E9A9D
:1077D000521A0132B61A01FB0366079B1E44099B2D
:1077E000002B00F0EB820F4621A95046ADF85E5009
:1077F000ADF862502496013DFBF778FCBDF9663088
:107800002DB2AB423E44EFDD4AE418EE902A15A9B2
:1078100019A802F011F900287FF46BADBDF96830AA
:10782000BDF964205D1CAD1A2DB2002D7FF761AD4E
:10783000BDF96660ADF86030BDF96A30ADF85C2026
:10784000B342FFF656AD29462046ADF85E60ADF86E
:10785000626003F0B1F92B463246BDF96410204650
:10786000F8F7E6FC21A98DF894005046FBF73EFCA2
:107870000136BDF96A3036B2B342E4DA39E518EEC2
:10788000902A15A919A802F0D7F800287FF411ADA5
:10789000BDF86830BDF96460099A01339B1B1FB2C3
:1078A000BDF962300593BDF96A300693BDF95C30CD
:1078B000002A40F07881002F24947FF7FAACBDF9BC
:1078C0006A50BDF96620BDF86410ADF85C104FF049
:1078D0000209BDF86810ADF86010AA428DF89490C6
:1078E0003FF7E7ACDDE90521F61A089B521A03FBC6
:1078F0000266079B1E44099B002B00F00682089F2E
:10790000ADF85E5021A95046ADF862502496013D75
:10791000FBF7ECFBBDF966302DB2AB423E44EFDD28
:10792000C7E418EE902A15A919A802F085F80028D6
:107930007FF49CACBDF95E20BDF86830BDF9646091
:107940000592BDF95C2006920133099A9B1B0FFA40
:1079500083F9BDF96630002A40F0A281B9F1000F29
:1079600024947FF783ACBDF86410BDF96650BDF96F
:107970006A20ADF85C10BDF86810ADF86010AA423E
:107980004FF002018DF89410FFF670AC059A9B1A27
:10799000069AB61A089A02FB0366079B1E44099BC7
:1079A000002B00F08681914621A95046ADF85E502B
:1079B000ADF8625024960135FBF798FBBDF96A30AB
:1079C0002DB2AB424E44EFDA50E418EE902A15A9DE
:1079D00019A802F031F800287FF427ACBDF8682020
:1079E000BDF9643008990132D21A16B2BDF95C2093
:1079F0009B1A4A1E01FB0233079AD31808EE103A6D
:107A0000099B002B40F043812346002E24937FF7EF
:107A10000CACBDF86420BDF96650BDF96A30ADF814
:107A20005C20BDF86820ADF86020AB424FF0020248
:107A30008DF89420FFF6F9AB099B002B00F0EB8149
:107A400021A95046ADF85E50ADF86250FBF74EFBF1
:107A50000135BDF96A302DB2AB42F1DAFFF7E5BB73
:107A600004FB04F4079DA91E6A1E134631F8020F99
:107A700002335B1B8009A34202F8010FF5DBFFF71D
:107A800071BA394632462046ADF85E50ADF86250C4
:107A900002F08CFD33462A46BDF964102046F8F703
:107AA000C7FB01280CBF02238DF8940021A9504682
:107AB00008BF8DF894300135FBF718FBBDF96A302B
:107AC0002DB2AB42DDDAFFF762BB4FF0FF330C9310
:107AD000FFF760BA02F0E8FC21A8F8F787FC012E56
:107AE0003FF4E7AC23B209EE103AFFF709BA18EEFB
:107AF000902A15A919A80D9301F0E8FFBDF96A6055
:107B0000BDF96620BDF96810ADF86010B242BDF84D
:107B100064100D9B2497ADF85C103FF707AB5D1B1D
:107B2000DDE9073202FB0535059BFF2B20D018EE5F
:107B3000907A3A4615A919A8ADF85E60ADF8626072
:107B400001F0C4FF089B29781D449BF8363013FBD5
:107B500001F31B1221A950468DF89C30013EFBF722
:107B6000C5FABDF9663036B2B342E2DDFFF7DEBAE0
:107B700018EE902A15A919A8ADF85E60ADF86260FC
:107B800001F0A4FF2B788DF89C30089B21A950466A
:107B90001D44013EFBF7AAFABDF9663036B2B34286
:107BA000E6DDFFF7C3BA18EE902A15A919A80A93C3
:107BB00001F08CFF0A9B7EE618EE902A15A919A801
:107BC0000E9301F083FF0E9BAAE418EE902A15A9EC
:107BD00019A801F07BFF3B46FAE418EE902A15A99C
:107BE00019A801F073FF002E7FF77AAABDF968206B
:107BF000BDF96660BDF96A30ADF86020BDF864205B
:107C0000ADF85C20B3424FF000022492FFF668AA60
:107C1000DDE90732ED1B02FB0535059BFF2B1746FF
:107C200018D0ADF85E60ADF862602A789BF8363007
:107C300013FB02F31B1221A950468DF89C3001362C
:107C4000FBF754FABDF96A3036B2B3423D44E8DA84
:107C5000FFF746BAADF85E60ADF862602B788DF83C
:107C60009C3021A95046FBF741FA0136BDF96A3034
:107C700036B2B3423D44EDDAFFF732BA18EE902A3D
:107C800015A919A80F9301F021FF0F9B85E518EEA8
:107C9000902A15A919A801F019FF18EE103AB4E6B8
:107CA00018EE902A15A919A80B9301F00FFF0B9B52
:107CB00054E6CDF814B0BB46174631463A46204646
:107CC000ADF85E50ADF8625002F070FC4B462A46AB
:107CD000BDF964102046F8F7ABFA01280CBF022367
:107CE0008DF8940021A9504608BF8DF894300135D5
:107CF000FBF7FCF9BDF96A302DB2AB423E44DCDA49
:107D00005F46DDF814B0FFF7B1BACDF814B0C34642
:107D1000B846089FADF85E5031463A462046ADF869
:107D2000625002F043FC43462A46BDF964102046E7
:107D3000F8F77EFA012818BF8DF8940021A9504663
:107D400008BF8DF89490013DFBF7D0F9BDF966307E
:107D50002DB2AB423E44DDDDD846DDF814B0FFF76E
:107D6000A8BACDF828B0C346B8460F4631463A46C1
:107D70002046ADF85E50ADF8625002F017FC434665
:107D80002A46BDF964102046F8F752FA01280CBFC4
:107D900002238DF8940021A9504608BF8DF8943035
:107DA0000135FBF7A3F9BDF96A302DB2AB423E4471
:107DB000DCDAD846DDF828B0FFF74BB9CDF834B09F
:107DC000C346B8460F4631463A462046ADF85E50A7
:107DD000ADF8625002F0EAFB43462A46BDF9641052
:107DE0002046F8F725FA01280CBF02238DF89400ED
:107DF00021A9504608BF8DF89430013DFBF776F974
:107E0000BDF966302DB2AB423E44DCDDD846DDF82C
:107E100034B0FFF745B95B46BB461F4618EE101A53
:107E200032462046ADF85E50ADF8625002F0BEFB1F
:107E300033462A46BDF964102046F8F7F9F90128BF
:107E40000CBF02238DF8940021A9504608BF8DF87D
:107E500094300135FBF74AF9BDF96A302DB2AB42D7
:107E6000DCDA3B465F469B46FFF7DFB98388028832
:107E7000581C801A00B27047C3884288581C801A68
:107E800000B2704710B4012B019C07DD01380428B3
:107E90004CD8DFE800F015081F2D4000A0F1030CBE
:107EA000BCF1020FF2D802980023038023888A1ABB
:107EB00002EBD27103EB610323805DF8044B704742
:107EC00002980023038023888A1AD11821805DF844
:107ED000044B70478A1A11B2029A01331BB291FB0C
:107EE000F3F313802288134423805DF8044B70471A
:107EF000029800888A1A11B2029A91FBF3F30344A4
:107F00001BB21380228803EBD37302EB630323803D
:107F10005DF8044B70478A1A11B2029A5DF8044B5F
:107F2000013B1BB291FBF3F313807047029A0023CD
:107F30001380C2E72DE9F04F87B00F46049300216C
:107F4000BDF940300193914641F201028246119EF3
:107F5000F4F716FE41F20402044600215046F4F7FD
:107F60000FFEFB789A0715D5DD0709D524B242F23A
:107F7000D1739C4209D0804BDFF8008202930FE05E
:107F800000B242F2D173984206D1FB786FF34103FD
:107F9000FB70DBB2D907EED4784BDFF8DC810293BB
:107FA0000023C6E90233B38033613360494650464B
:107FB000F5F7DCFD0446002800F0D980DFF8C4B1F5
:107FC0004D4659462046F0F707FE60B3FB7813F0A4
:107FD000040F14BF4FF0FF330123ED180DD42946D1
:107FE0005046F5F7C3FD044638B14D45E9D04FF48E
:107FF0000001F0F7EBFD0028E3D0B6F90430002BC8
:1080000003DD019A9B1A1BB2B38032690499002ADE
:1080100008BF1946718014B1A94500F09080284628
:1080200007B0BDE8F08F564B01461A882046F4F79A
:10803000A7FD10F0FF0317D0B288019930690A44F8
:10804000B280327D0130D20730611FD42046C04754
:10805000B6F90030984202DD2046C047034633801F
:10806000B3680133B360B1E7029B20469847FB78C1
:1080700013F0020FB6F9043003D004991A188A429B
:10808000BDDC019A10441844B080DFE700EB8000AB
:108090008000059302F050F9059B039000284DD015
:1080A000F16859B13269059302EB82029200143AE9
:1080B00002F07CFAF06802F0F7F9059B3269039947
:1080C000059302EB820201EB8202F97842F8144C2C
:1080D00011F001011ABF41F20202002141F2050232
:1080E0002046F4F74DFD32690399059B059302EB99
:1080F000820201EB8202F97800B211F0010122F84C
:10810000100C1ABF002141F2030241F20602204680
:10811000F4F736FD32690399059B02EB820201EB0D
:10812000820200B242F8083C12F8043C22F80E0C1D
:108130006FF3000302F8043CF16087E7FEE7DAF82A
:108140000820FB78126852F825405B074CBF05F108
:10815000FF350135002C3FF462AF2046C047029B3B
:1081600030802046984701237080B36057E7B6F906
:1081700004304D4643E700BFBD950008C99500088F
:108180003C2B0020010006002DE9F04F2DED028B65
:10819000BE4B9FB01A8800218246F4F7F1FCC3431E
:1081A000C0F3800203F001039DF8571043EA420335
:1081B000C0F3C00043EA8003B54A21F0070103F091
:1081C00007030B4312888DF8573000215046F4F70F
:1081D000D7FCB04A034612888DF85430002150462F
:1081E000F4F7CEFCAC4A034612888DF855300021D6
:1081F0005046F4F7C5FC41F26A420346002150465E
:108200008DF85630F4F7BCFC9DF8571011F00101C1
:10821000C3B20EBF41F6150241F6140200215046CA
:108220000B93F4F7ADFC9DF8571011F0010103B268
:108230001ABF41F61502002141F6140250460E9372
:10824000F4F79EFC03B205939DF85730DE075046C5
:1082500040F17783F1F7BEF908EE100A41F23202DD
:1082600000215046F4F78CFC41F6100284B2002144
:108270005046BAF81650F4F783FC204405445046A3
:10828000F2F710FDADB2281A41F612020021ADF846
:108290004A005046BAF81450F4F772FC20442C18E7
:1082A0005046F2F7F9FC9DF857309DF85670A4B28D
:1082B000DD07A4EB000054BF13AB0DF14A03ADF88A
:1082C0004C0041F20102002150460C93F4F758FC97
:1082D00041F2040203B2002150461093F4F750FC1F
:1082E0009DF8573000B213F00101119042F2D172A3
:1082F00000F03083904200F03E830022ADF84E2023
:10830000002F62D013F0040340F02782DAF808202F
:108310005268002AC8BF1A4640F32882BDF8386068
:108320000297002515AB18A9B14618EE108A059ED4
:108330002C469B460F4601E000281BDB9DF874008D
:108340006FF30000434659468DF87400CDE900678D
:108350005046FFF7EFFDDAF80820BDF860305168AD
:1083600023449BB203EB0904814205F10105024657
:1083700024B2E1DC029F0DB11CB22DB29DF8571062
:1083800001F001015046002900F0F282F1F742F9B4
:108390000C9B00930DF14E022B460146019238468C
:1083A0002246FFF76FFD9DF8573013F0040210D1FD
:1083B0000B9902920129DAF8082012D1D90710D4BA
:1083C0000C990B8823440B800BE03C4613F004020D
:1083D000EED0DAF808205168013902910B99012991
:1083E000ECD05368029A934240F3A381002AC0F272
:1083F000A08115AB08EE903A18AB0F93CDF824A0EE
:108400000F9B0193059B00939DF87430029A099885
:1084100043F001038DF8743018EE901A18EE103AFC
:108420001746FFF787FD0B9B0290012B9DF85730F5
:1084300000F05A82BDF94C101848194A069103F011
:108440000103002BBDF94A10164B0791164908BFCE
:1084500001460D9116BF19461146134603910A9322
:10846000DDE91B9BBDF862A0BDF864300BEB8B0C03
:10847000AAEB030A0FFA8AFA09EB8C0C5E46002E6F
:108480004ED048465146002316E000BF3A2B00204C
:108490003E2B0020382B0020402B0020199701088C
:1084A000797E01086D7E01080D970108C2681430BD
:1084B000134460451BB208D0027CD507F6D502896B
:1084C0001430891A604509B2F6D14A464FF00008C7
:1084D000157CEC071ED491FBF3F0B2F80CE0B2F976
:1084E0000640B2F904B010FB0EF000B28442A8BFFF
:1084F00004465C45B8BF5C46A04204D045F0010587
:1085000015744FF00108A3EB0E0E091B14810FFA2E
:108510008EF309B214326245DAD1B8F1000FAED150
:1085200041F26A4200210998F4F72AFB0DF1520347
:10853000019314AB0093C3B204930023ADF8503001
:10854000ADF85230BDF96220BDF968309DF8540095
:1085500018EE101AFFF796FC9DF85730DE0703D58A
:10856000049B012B00F0E28109983946F5F7FEFAE9
:108570000446002800F0BE80029BBB4200F0BA8097
:10858000DFF81C93DDF824A049462046F0F724FBD1
:108590000546002840F0ED80BF4B01461A88204672
:1085A000F4F7EEFAC0B2002840F0308194F823309E
:1085B00023F0060384F823309DF85530012B00F09A
:1085C0001B81022B40F0E980BDF960000A9B01305D
:1085D00020F0010504F114009847281A00EBD07030
:1085E000C0F34F0B9DF85720D10703D5049B012BF7
:1085F00000F05F81BDF8506043F20C02002120467C
:10860000F4F7BEFA0021054643F20D022046F4F7C6
:10861000B7FA80462046F0F7D1FF08902046F0F7E1
:10862000D3FF05F4C04EBEF5005F29B20FFA88FCF7
:1086300000F0CC8008F4C042B2F5005F00F0B080DA
:10864000069BA58AE28A5D1B079B0D449DF8571087
:108650009A1A624411F00100ADB292B200F0978014
:1086600035441FFA85F82DB25A441FFA82FB5BEAA3
:1086700008031DD02046F1F747FAA38A4344A3829A
:10868000238B9844E38AA4F818805B44E382638BCD
:108690005B4463832046F1F737FA294620460FFAF8
:1086A0008BF20123F1F75EF89DF8571001F00100FD
:1086B00018B1049B012B00F0F580039B04F114001A
:1086C0009847059BBDF952209DF85710C3181344D5
:1086D00033441BB24A07ADF850304ED5013F09D4A0
:1086E000DAF808301B6853F827401CB1029BBB42E4
:1086F0007FF44AAF1B9801F0D7FE0B9B012B00F0D3
:10870000E580BDF84E20BDF8603013440E9A134446
:108710000C9A128813441BB20C9A1380099B029A7C
:108720009B685B68934202DD002ABFF669AEDDF804
:1087300024A0109A42F2D1739A4200F00781119A54
:108740009A4200F0038100222B215046EFF7C2F835
:108750001FB0BDEC028BBDE8F08FDAF808305B6823
:108760005A1E9A4202DA002ABFF6D8AD00252C46DE
:1087700008E69DF857305807B0D4DAF808305A6840
:1087800001379742B6DA1B6853F82740ADE75D44DE
:108790001FFA85F8B3462DB266E74FF0000B21E7CC
:1087A0002CF4C042B2F5FA6F3FF74AAFB2F57A7FC8
:1087B000C8BFC2F57A72394B02FB00F083FB00524E
:1087C000C017C0EB62120FFA82FC39E721F4C045F2
:1087D000B5F5FA6F3FF72EAFB5F57A7F08992F4BB5
:1087E000C8BFC5F57A7505FB01F183FB01E5C91723
:1087F000C1EB651109B21DE70A9BBDF8605004F199
:1088000014009847281A1FFA80FBEBE61C990029F0
:1088100000F0958028461B9D01EB81012B4603E06B
:10882000814203F114034FD055F82020A24200F1F9
:108830000500F5D1B3F908509DF8573013F0010F3A
:1088400094F8233014BF43F0040343F0020384F888
:10885000233004F11406039B30469847A8423FF4A6
:10886000ABAE2046F1F750F9A369179363691693ED
:1088700029460D9B3046984716AA29212046EFF736
:1088800029F82046F5F76EF922462221EFF722F863
:108890002046F1F739F98FE63C2B00201F85EB517C
:1088A00001000600BDF85230059A1344F61A33B29F
:1088B00010E7039B04F114009847BDF85020101AEC
:1088C00086B2ADF8506097E60025B5E79DF85730C1
:1088D000DB073FF516AF0E9BBDF84E201A440C9BEC
:1088E0001B889B1A1BB217E7DB0712D40C99BDF843
:1088F00060200B889B1A0B80BDF94C300693BDF9A4
:108900004A3007932C4B03932C4B0A932C4B0D931B
:10891000A6E5BDF94C300693BDF94A300793274BC5
:108920000393254B0A93274B0D9399E50998F0F78C
:1089300051FEBDF850301844ADF8500014E60D4615
:108940007AE7F0F767FE08EE100A87E45046F1F781
:10895000CFFFF8E61098904216D00B9A012A7FF4C8
:10896000CCACC7B1012F1BD00022ADF84E20C9E41A
:10897000F0F730FE0CE59AF8232094073FF5BDACE4
:108980000024ADF84E4021E59AF823205007E4D4A6
:108990000B9A012AF4D10022ADF84E200127B1E450
:1089A000002413F00402ADF84E407FF412AD1446DB
:1089B0000292DAF8082003E5797E01086D7E01084D
:1089C000199701080D97010808B500210D48F0F727
:1089D0009FFD0D4B186002F0EFFE0C4B188002F06B
:1089E000EBFE0B4B40F48050188002F0E5FE094B83
:1089F00040F48050188002F0DFFE074B40F48050B6
:108A0000188008BD89810108342B00203A2B0020F2
:108A10003E2B0020382B0020402B0020FFF7D4BF36
:108A200008B143681847FEE7C8B12DE9F0410D468B
:108A3000B1B11F460023904604460B6026682046CD
:108A40003B4642462946B04720B195F80EC01CF07F
:108A5000100F06D06469002CF0D1BDE8F081FEE76C
:108A6000FEE72C60BDE8F081B8B1F0B585B0002319
:108A70000D461646044600932768204633462A468C
:108A80006946B84718B19DF80E30DB0606D5646913
:108A9000002CF1D110B905B0F0BDFEE7BDF804001F
:108AA00005B0F0BD03780A78934209BF4B78981A55
:108AB0004078C01A704700BF03880A88934209BFF4
:108AC0004B88981A4088C01A704700BF00880B88EE
:108AD000C01A7047F0B5092985B038D005690C4631
:108AE000002931D06A6952B313689C425DD0688A0C
:108AF000C0F30800002839D0AF6800263946B646D2
:108B0000BB59B1F804C0E31A634523D8887C022816
:108B100002D080BBC868C35CC9880B440AB1C2E9F3
:108B200000438BB1EA7C696812F0C00F0CD151F898
:108B300033302868C3F31303184405B0F0BD688AC6
:108B4000C0F308000028D7D1002005B0F0BD0569AA
:108B50002024C7E70EF1010E1FFA8EF3984206F1AA
:108B6000140601F11401CBD8002AEDD00020C2E98F
:108B7000004005B0F0BD032819D00128F4D1ADF8AC
:108B80000E30184B0A8A896800930DF10E000223FB
:108B900004F018F800B3AB6833449A68D988801A97
:108BA000DA68135A6A690B44B8E75368B9E7ADF855
:108BB0000E300C4B0A8A896800930DF10E000223D7
:108BC00004F000F840B1AB6833449A68DB88801A3F
:108BD00003EB60036A69A1E76B69002BB4D0C3E9BA
:108BE0000040AAE7CD8A01082DE9F04F092A87B095
:108BF00006460C461F4609D005699246002A43D115
:108C00004FF00008404607B0BDE8F08F05696B697A
:108C10004FF001084FF0200A002B3AD01A68524555
:108C200000F0B2806A8AC2F30802D2B1D5F808C057
:108C30004FF000096146CE465CF80900B1F804B077
:108C4000AAEB0000584514D88A7C022A00F09880CC
:108C50002AB3032A00F03881012A00F00781002B93
:108C6000CED0002290464046C3E900A207B0BDE83E
:108C7000F08F0EF1010E1FFA8EF0824209F11409F5
:108C800001F11401D8D8EAE76B694FF00008002B16
:108C9000C4D16A8AC2F30802002AC7D1B0E7CA6801
:108CA00012F80090CA8891440BB1C3E900A9B9F148
:108CB000000FA5D0EB686BB367B3D6F810A0DAF855
:108CC0001420002A00F0948013689F4200F0118164
:108CD000BAF81200C0F30800002864D0DAF808C01F
:108CE0004FF0000B6146CDF80CB05CF80B30B1F8DA
:108CF00004E0FB1A73454AD8887C022803D0002878
:108D00007ED1C868C35CC9880B440AB1C2E900734C
:108D1000002B4CD100216A682B8A02EBC90201FBAF
:108D200003F35188C1F30B101B110146B8F1000F7A
:108D300001D000B2410008330B441B09A3805379D2
:108D4000E97C2381A37B1079E080C1F3430123F008
:108D50001F030B4392F90610618192F90720A2814B
:108D6000A373B8F1000F05D04000E080404607B083
:108D7000BDE8F08F4FF00108404607B0BDE8F08F26
:108D8000B1F8069081448FE7D3F804908FE7039BF6
:108D9000013303939BB298420BF1140B01F11401C0
:108DA000A3D8002AB6D0002117605160B3E732691A
:108DB000D17C890645D4D668F27A12F0C00200F060
:108DC000A280402AA6D13768B26809EB0343059315
:108DD0005D4B009322F040420423394605A803F07E
:108DE000F1FE002896D0C31B72689B10D15692E703
:108DF000BAF81200C0F3080000287FF46FAF89E7CB
:108E000003284AD00128CCD1ADF814304F4B0A8A40
:108E10008968009305A8022303F0D4FE002800F01F
:108E20008980DAF80830DAF8142003EB0B0CDCF850
:108E30000830C11ADCF80C305B5ABCF806100B4441
:108E400063E7D2685168906811F80910C35C002983
:108E50003FF460AF002B3FF45DAF1068527B0139E7
:108E6000034402FB013313F9011C54E7374BADF8FF
:108E700014000A8A8968009305A8022303F0A2FE61
:108E8000002838D0AA686B694A449168401AD168B2
:108E9000D28831F80090914406E7ADF814302B4B9E
:108EA0000A8A8968009305A8022303F08BFE002834
:108EB00040D0DAF80830DAF814205B449968DB888F
:108EC000411A03EB610320E7204BADF814000A8A36
:108ED0008968009305A8022303F074FE58B1AA68BC
:108EE0006B694A449168B2F80690401A09EB600930
:108EF000DAE653680CE76B69002B3FF481AEC3E9F7
:108F000000A080467EE63768B26809EB0323ADF81F
:108F100014300F4B009322F040420223394605A83B
:108F200003F050FE00283FF4F5AEC31B72685B10DF
:108F3000D156F0E6DAF81430002B3FF4EBAEC3E97B
:108F400000700146E7E600BFB98A0108CD8A010832
:108F5000A58A0108704700BF10B504464C2101F0F6
:108F6000B7FD23690C480D4A23F4FF3323F4E4735F
:108F700043F482434FF0FF3143F00803C4E900019A
:108F8000236100204FF4FC613823C4E90F22A06064
:108F9000A186636410BD00BF4001F0006520010898
:108FA000F8B504460D4617461E461C2101F090FDFB
:108FB000C4E90057C4E90256F8BD00BFF8B506463B
:108FC000374801F023F800285BD0B36B0446002B30
:108FD00059D0344D4FF4AC71204601F079FD324840
:108FE000266022461E212F682C6002F0B1FE6060D0
:108FF000002847D0337C9A070AD5F2687088D16878
:10900000328812FB00F291423CBF6FF3410333748C
:109010004FF6FF73FF22638584F829200020EFF7C5
:1090200089FD20610020EFF785FDE0610020EFF76A
:1090300081FD1E4A20620021E069F4F739F81B4ADD
:10904000206A0021F4F734F8E0690221EFF77EFD91
:10905000206A0221EFF77AFDE0690021F1F7F8FDBF
:109060000021206AF1F7F4FD2069F0F74DFD6068FA
:10907000002F14BF3B4623462B6002F095FE20468E
:10908000F8BDFEE7FEE7706C01F03EF9054628B139
:109090000146F36B30469847B5639AE7FEE700BF99
:1090A000E02B00204C2B0020ADE50008FFFF0F0057
:1090B000014B1868704700BF4C2B002048B1036873
:1090C0001A7CD20602D4B3F900007047B3F902004B
:1090D0007047024B18680028F1D170474C2B0020D4
:1090E00048B103681A7CD20602D4B3F90200704773
:1090F000B3F900007047024B18680028F1D170479F
:109100004C2B002020B103681869C0F3C9107047C8
:10911000024B18680028F6D1822070474C2B0020A3
:10912000C36800221A615A61704700BF0368D8689B
:10913000704700BF0146034809B100F0C3BF00F00B
:10914000B9BF00BFC02C0020044A054913684FF086
:10915000000C184481F800C010607047502B0020AC
:10916000542B0020044A054B1068012119701A780D
:10917000002AFBD0704700BF502B0020542B00204A
:10918000064B10B41C68064B012119701A78002A8E
:10919000FBD0201A5DF8044B704700BF502B002015
:1091A000542B002010B582B04FF48061826A009188
:1091B000044600231946C06A00F0FEFFE269636AB4
:1091C0009B1A03FB00F002EBA02002B010BD00BF11
:1091D0002DE9F84FDFF8A0A1644EDAF80000FFF7A0
:1091E000CFFF3378804683F001036148337000F08D
:1091F00061FF00283BD05F4D5D4FDFF880B1044632
:109200004FF0000994F83E30327885F80090C3F3AF
:109210008001914232D062F38203E16A84F83E30E9
:10922000D8B21B0701EB080201D400292EDD002A69
:10923000E26214DBA16AA3699142A8BF1146E16210
:1092400020469847236A834205D06368206213B1A1
:10925000014620689847D4E90A329A4231DA2B78DD
:1092600063B1384600F026FF0446002CCAD1FFF750
:1092700079FFCAF80000BDE8F88FE262214638465F
:1092800000F020FF0446002CBCD1F0E7002AF4DBFC
:10929000C30709D423693BB120469847E3690344D7
:1092A000E361636A03446362A3680BB12046984795
:1092B00094F83E30E26A43F0080384F83E304244BA
:1092C000B5E794F83E2012F00201A28F08D1002ADF
:1092D00038D04FF6FF7082423BD0013A92B2A2875B
:1092E000B2B1A26B606B5242E2620028B7D061B3A8
:1092F0006363B1FA81F294F83E30A062520962F3DE
:10930000410384F83E30626AE3696362E261A6E782
:10931000606B00B1C9B13846214600F0A3FE0123BD
:1093200038462B7000F0C6FED0B1DBF8000002F02A
:1093300035FDE3680BB120469847204600F06EFFEC
:109340002B788DE7606B0028E5D0226B5242E262F9
:10935000CEE7A26B606B5242E2620028F5D17EE755
:10936000DBF8000002F014FDE3E700BF5D2B0020F6
:10937000642B00205C2B0020602B0020582B002049
:1093800038B50F480F4D104C402100F037FE002239
:109390000E481E2102F0DCFC0123024608482A6028
:1093A000237000F087FE28B1286802F0F7FC002344
:1093B000237038BD286802F0EBFC0023237038BD11
:1093C000642B0020582B00205C2B0020D191010839
:1093D00010B50446402101F07BFB94F83E30084A6A
:1093E000A2614FF4FA70002143F00103A062E16131
:1093F000642001216062A18784F83E3010BD00BF67
:10940000A59101082DE9F84F064663480F4600F084
:1094100051FE0446002800F0B08086B3DFF8788162
:10942000002F5DD0DFF878B1DFF870A14FF00009B0
:109430002146404600F046FE23689E4225460446EB
:1094400004D0002CF4D14846BDE8F88F6B689F42E9
:10945000F7D12946404600F005FE284600F0DEFE22
:10946000012540468BF80050A94600F023FED0B1FC
:10947000DAF8000002F092FC002CD9D1E3E7002FCB
:1094800053D0B146DFF81081DFF814A1434E2146D6
:10949000404600F017FE63689F422546044609D007
:1094A000002CF4D1CFE7DAF8000002F071FC002CB8
:1094B000BED1C8E72946404600F0D4FD284600F05A
:1094C000ADFE012540468AF80050A94600F0F2FDA5
:1094D00000284CD0306802F061FC002CD7D1B2E7F4
:1094E000B946DFF8BCA02D4F2146404600F0EAFD0A
:1094F00023689E422546044602D0002CF4D1A2E700
:109500002946404600F0AEFD284600F087FE0125C2
:1095100040468AF80050A94600F0CCFD88B3386870
:1095200002F03CFC002CDFD18DE7DFF87480DFF81F
:109530006C90194E01272146304600F0C3FD2546A8
:1095400029460446304600F08DFD284600F066FEB0
:10955000304688F8007000F0ADFDC0B1D9F80000C9
:1095600002F01CFC002CE6D14FF001096BE73068DB
:1095700002F00EFC002C8AD165E781464846BDE822
:10958000F88F386802F004FC002CADD15BE7D9F805
:10959000000002F0FDFBE5E7642B0020582B0020C3
:1095A0005C2B0020416838B5054611B10068FFF713
:1095B00029FF224800F08EFD002835D11F4800F019
:1095C00025FD044600282ED04022294600F0EEFF5B
:1095D0002B681B4AAB42127894F83E3008BF2460D7
:1095E00062F3820384F83E30DB070FD523693BB179
:1095F00020469847E269636A02440344E261636279
:1096000063681BB1206808B1E16998470D4B0B48AE
:1096100001221A7000F04EFD0B4B50B1186802F099
:10962000BDFB204638BDFEE7FFF79CFD074B1860E9
:10963000C4E7186802F0ACFB204638BD642B00205C
:109640005D2B00205C2B0020582B0020602B00207D
:1096500070B5044611480E4600F02CFDD8B10F4DF0
:10966000034626B911E000F02DFD034698B11A68B3
:10967000944219462846F6D15A689642F3D11846C4
:1096800070BD00F01FFD034628B11A68A2421946BA
:109690002846F6D1F3E70023184670BD642B00205E
:1096A0008A1A82EAE271A1EBE2714FF47A7303FB4A
:1096B00001F18142B1FBF0F338BF01331846704726
:1096C00030B583B04FF48065826A0095002304466C
:1096D0001946C06A00F070FD009540F2B6334FF4B1
:1096E0006172002100F03CFDE269636A9B1A03FB92
:1096F00000F002EBA02003B030BD00BFBDF900C0F8
:10970000018042808380A0F806C070470388013939
:1097100019448180704700BF438801391944C180D2
:10972000704700BFB0F90630B0F902C0B0F90420AC
:10973000B0F90010A3EB0C03521A581C02FB0000F6
:10974000704700BF038800B5B0F804E089B2A3EB0E
:10975000010C714443888180C188A0F800C092B296
:109760009B1A0A444380C2805DF804FB038800B55D
:10977000B0F804E089B201EB030C714443888180A6
:10978000C188A0F800C092B213440A444380C2804A
:109790005DF804FBB1F90030B2F904C010B5B2F9BC
:1097A00000E0B1F902409E45B8BF9E46B2F90230D2
:1097B000A0F800E0A342B8BF2346B2F90640B1F9D1
:1097C0000420B1F9061043806245A8BF6246A14259
:1097D000A8BF214696458280C18004DC8B42CCBF65
:1097E0000020012010BD002010BD00BFB1F900C055
:1097F000B2F900306345A8BF634600B5B2F902E094
:109800000380B1F90230B2F904C09E45A8BF9E465C
:10981000B2F90630B1F90420B1F90610A0F802E05F
:109820006245B8BF62468B42B8BF0B468280C38098
:109830005DF804FB2DE9F04FB0F90070B1F900506C
:10984000BD4289B05EDBB0F90440A5425ADCB1F9F3
:109850000280B0F90290C84554DBB0F906C0E0457B
:1098600050DC002A7EDDA3B218461FFA87FB0130C8
:10987000A0EB0B0002931FFA8CF31FFA89FAC0F3D6
:10988000C03603F1010EAEEB0A0E06FA80F0461068
:10989000CEF3C03000FA8EFE4FEA6E008642A8BFBB
:1098A00006469642A8BF1646B6B206EB0B0002B2B9
:1098B00080B2019006EB0A0000B29542ADF8187034
:1098C000ADF81C20039021DC80451FDC019B334454
:1098D0001BB2DB1B03EBD3735810A5EB0B05C3F3D3
:1098E0004F03A8EB0A0AAAEB030AED1A2BB21AFBE4
:1098F0000AFA00FB00F003FB03A3984234BF0020E8
:10990000012000E0002009B0BDE8F08F9A1BADF8FF
:109910001A2006A8002205930491ADF81EC0FFF797
:1099200089FFDDE90413F8B1019A324412B2D21B67
:10993000A8EB030802EBD272A5EB0B0308EB460879
:109940005010C2F34F029B1AA8EB02021BB212FB8B
:1099500002F200FB00F003FB0323984234BF002017
:109960000120D0E70120CEE70493029B01919F1BC9
:109970000246BFB206A8ADF81C40ADF81870FFF75C
:1099800059FF0199F0B1029BBA1BED1A12B2049B68
:10999000A21A710002EBD272A8EB030389B24C1930
:1099A0001944C2F34F035010E21ACB1A12B213FB40
:1099B00003F300FB00F002FB0232904234BF0020B0
:1099C0000120A0E7039BADF81A90024606A8ADF867
:1099D0001E30FFF72FFF0028C4D0B91B09B2029B2D
:1099E000601A00EBD070EB1AC0F34F01A8EB0A022B
:1099F00003EB46035B1A521A4010A7E7B0F90020A8
:109A0000B1F904309A4214DCB0F90420B1F9003005
:109A10009A420EDBB0F90220B1F906309A4208DC16
:109A2000B0F90600B1F902309842B4BF002001201D
:109A300070470020704700BF2DE9F041B1F90030B8
:109A4000B0F90060B34282B01DDCB0F902300C46C0
:109A5000B1F90210994216DCB0F90470B4F904109F
:109A6000B94210DBB0F90680B4F9061041450ADBB3
:109A7000154662B101A92046ADF80630ADF8046084
:109A8000FFF7D8FE28B9002002B0BDE8F081012020
:109A9000FAE72A4601A92046ADF80470FFF7CAFE8E
:109AA0000028F0D02A4601A92046ADF80460ADF8A0
:109AB0000680FFF7BFFE0028E5D02A4601A9204610
:109AC000ADF80470FFF7B6FEDEE700BF2DE9F04108
:109AD000B1F90030B0F90460B34282B021DCB0F9D2
:109AE0000670B1F90230BB420C461ADCB0F90080B6
:109AF000B1F90430434514DBB0F90230B1F9061076
:109B000099420EDB154642B101A92046ADF8063058
:109B1000ADF80480FFF78EFE38B1002002B0BDE83A
:109B2000F081012002B0BDE8F0812A4601A920465B
:109B3000ADF80460FFF77EFE0028EED12A4601A9A9
:109B40002046ADF80480ADF80670FFF773FE0028DC
:109B5000E3D12A4601A92046ADF80460FFF76AFE6A
:109B600080F00100C0B2DDE710F0030F1CBF02F16E
:109B7000FF3220F8021B8BB2102A03EB034363D998
:109B800030B54507A2F111044CD10F2C4AD9240954
:109B9000651C00F1200C4FF0000E0EF1010E754512
:109BA0004CE908334CE906334CE904334CE9023301
:109BB0000CF1200CF1D8631C103AC4EB047400EBD8
:109BC000431002EB0412012A01802AD0022A4180AC
:109BD00027D0032A818024D0042AC18021D0052ADD
:109BE00001811ED0062A41811BD0072A818118D00D
:109BF000082AC18115D0092A018212D00A2A41827D
:109C00000FD00B2A81820CD00C2AC18209D00D2AD8
:109C1000018306D00E3A418303D0012A818318BF05
:109C2000C18330BD00F1200C1546103D102D4CE9CC
:109C300008334CE906334CE904334CE902330CF1A8
:109C4000200CF2D82409B6E702B97047012A018036
:109C5000FBD0022A4180F8D0032A8180F5D0042A63
:109C6000C180F2D0052A0181EFD0062A4181ECD0D3
:109C7000072A8181E9D0082AC181E6D0092A018218
:109C8000E3D00A2A4182E0D00B2A8182DDD00C2A5F
:109C9000C182DAD00D2A0183D7D00E3A4183D4D0C5
:109CA000012A8183D1D0C183704700BF122896BF9B
:109CB000024B002033F81000704700BF1038020834
:109CC0000148042100F09AB96C2C0020002937D0FB
:109CD0002DE9F843074622480D780E46904600F0DD
:109CE000E9F9014620B3DFF8789003E000F0EAF9E3
:109CF0000146E8B10C682378AB424846F6D1636868
:109D000013B120469847B0B1A368BBB172783A2A24
:109D100014BF711CB11C424620469847431E0333B2
:109D20001AD86388C7E9000463B90020BDE8F88346
:109D30000320BDE8F8830120BDE8F8830920F5E79A
:109D40000B207047102000F0DFFAB86018B1102126
:109D500000F0BEFEE9E7FEE70C20BDE8F88300BF97
:109D60006C2C002038B504464068B8B1C368C3B154
:109D70002168984763685B8805464BB1A06838B195
:109D8000C3681BB1184600F049FAA06800F046FA13
:109D90000023C4E90033A360284638BD0B252846BC
:109DA00038BD0925F8E700BF2DE9F04F054687B01B
:109DB0000F4616461C460BB1002323606868002836
:109DC0005BD0D0F81080B8F1000F74D043884FF00A
:109DD000000BCDF810B06BB9296804AD33463A4694
:109DE0000095C04780460CB1049B2360404607B0F5
:109DF000BDE8F08FAA68D2E9001CD2F80890D2F82A
:109E00000CA089452FD3E1452DD289B25A181FFAEB
:109E100089F992B2A2EB09081FFA88F8A9EB0101AF
:109E20004645029289B249D9514442463846039385
:109E300000F0BCFB039B9E4259D9686804A90091BD
:109E400007EB0802A6EB080307692968B8478046B4
:109E5000B8F1000FC7D1AA680496936833444FF055
:109E600000089360BFE79E420DD904AB00932968B8
:109E70003A463346C0478046EAE74FF00B08404673
:109E800007B0BDE8F08FBAF1000F1DD00022059297
:109E900005AA009229685246C047AA680346C2F83C
:109EA00000909846059B4B445360514638463246D5
:109EB00003F088FFCCE74FF0090897E75144384694
:109EC000324600F073FBC6E718460392029300F097
:109ED0001BFA039A029BD060AA68D2F80CA0BAF1D0
:109EE000000F03D06868D0F81080CFE7FEE76868FD
:109EF000CDF814B005AA00922968D0F810B05246E7
:109F0000D847D5F808E00299034607EB08009846C1
:109F1000DEF804300133CEF80030059F09EB06026D
:109F2000521A3B4492B25146CEF8043003F04AFF35
:109F30008EE700BF70B50446406882B0A8B186695C
:109F4000002E37D0134642880D463AB1012B27D058
:109F5000022B15D063B1002002B070BD21682A46E3
:109F6000B44602B0BDE8704060470B2002B070BD3F
:109F7000A3681A6899608A4222D921680023EEE713
:109F80000A462168B0470028E6D1D4E9001001AAAA
:109F9000C36998470028DFD1A368019A9A60DBE77C
:109FA000A3689A680A4419689A608A4204D22168B0
:109FB0000023D5E70920CFE75B689A42CBD9F6E7C3
:109FC0005B688B42D9D3C6E710B50446E6F70AFAB8
:109FD00078B1421C224405E02F2B0AD05C2B08D01C
:109FE000013806D012F8013D2E2BF5D1431CE018A4
:109FF00010BD014810BD00BF34E00108033100234B
:10A0000021F00301C0E901330160704710B5044637
:10A010000068083000F078F950B123680022C2507F
:10A02000C11862684A6002B1D050A368606003B191
:10A0300010BDA06010BD00BF10B504460068083018
:10A0400000F062F950B12268111D00234350A3684B
:10A05000835003B158506368A06003B110BD6060C5
:10A0600010BD00BF80B1436899420ED08368994209
:10A0700013D0036803F1040CC85851F80C2008B140
:10A0800040F80C2002B1D0507047026811444B6870
:10A09000436053B100219950704702688B58836028
:10A0A0002BB1134400225A607047836070474360AD
:10A0B000704700BF00B14068704700BF00B18068C2
:10A0C000704700BF03681944486870470368C85860
:10A0D000704700BF40B143680BB1002070478068F3
:10A0E000B0FA80F040097047012070471A4B83FB9B
:10A0F00000230344C217C2EB23234FF4B47202FBC4
:10A10000130000B20028BCBF801800B2592803DC3D
:10A11000124B33F91000704780B2A0F15A03592B4B
:10A1200006D8C0F1B4000D4B80B233F9100070476F
:10A13000A0F1B4039BB2592B05D8084A32F813009A
:10A14000404200B27047C0F5B470044B80B233F89F
:10A150001000404200B27047B7600BB638380208B2
:10A16000C0F5806C10B500FB00FE4FEA9E2E03FB8D
:10A170000CF3029C00FB02F20EFB03F30EFB00F05B
:10A180000CFB0CFE4FEA9E2E800A04FB00F00EFB37
:10A1900002F2800A0EFB0CFC02EB420203EB4303CB
:10A1A00000EB12524FEA9C2C02EB135201FB0CF114
:10A1B00002EB912010BD00BF90420EDA88420ADD0A
:10A1C000A0EB010C0098C01A00FB0CFC511A9CFB80
:10A1D000F1F2D0187047184670470098704700BFDA
:10A1E0001AB11A6901321A617047D3E901020A44AF
:10A1F0000130C3E90102DA68914288BFD960704733
:10A2000008B504484FF4804101F0FEFE024B18608F
:10A2100008BD00BF702D00206C2D0020044B98421B
:10A22000014604D018B1034B186801F0DFBF704736
:10A23000280000206C2D002070B510F003040646A5
:10A240002DD0C4F104052A46002103F087FD7019C2
:10A2500004F118020023043A042A40F8043BFAD817
:10A26000002103F07BFD0F4B186801F03FFF0E4902
:10A27000324601F0A9FEB368642101FB03F2920BA0
:10A280004FF480408A1A3060327633B1F26801FBB5
:10A2900002F2B2FBF3F3CB1ADBB2737670BD1C2271
:10A2A000D8E700BF6C2D0020E1A1010810B50346DE
:10A2B00088B059B11248834214D00A46114908683F
:10A2C000194608B0BDE8104002F00CB80C4CA04292
:10A2D00013D020B10B4A0146106801F087FF2046D9
:10A2E00008B010BD074B186801F004FF04460028B1
:10A2F000F5D101A8FFF7A0FFF1E70446EFE700BFA3
:10A30000280000206C2D002010B588B018B9084C2A
:10A31000204608B010BD074B0146186801F0EAFE60
:10A3200004460028F4D101A8FFF786FFF0E700BF3C
:10A33000280000206C2D002070B5054688B000284C
:10A3400066D0564C00234FF0FF32201D04EBC30CA7
:10A350009CF806108E46C9070DD430F83310A94278
:10A3600009D304EBC2066BD0B2F1FF3F02D0B6882E
:10A370008E4200D95AB20133102BE7D1531C3FD182
:10A38000A37913F0010345D0A37BDE076CD5A37D31
:10A39000D8076BD5A37FD9076AD594F82630DA079A
:10A3A00068D594F82E30DB0766D594F83630DE0792
:10A3B00064D594F83E30D80762D594F84630D90772
:10A3C00060D594F84E30DA075ED594F85630DB0746
:10A3D0005CD594F85E30DE0744D594F86630D80733
:10A3E0005AD594F86E30D90754D594F87630DA07F8
:10A3F0004ED594F87E30DB0758BF0F260BD5FEE70D
:10A4000004EBC20154F832008B7943F001038B71E5
:10A4100008B070BD1E46224B54F836109942214BAD
:10A4200016D018682A4601F05DFFD0B104EBC603D0
:10A4300044F836009A799D8042F001029A71E7E76C
:10A4400054F833004EF0010E8CF806E008B070BDF1
:10A450001868294601F04EFE0028E7D101A8FFF751
:10A46000EBFEFEE70B26D6E70126D4E70226D2E76D
:10A470000326D0E70426CEE70526CCE70626CAE762
:10A480000726C8E70826C6E70926C4E70A26C2E762
:10A490000E26C0E70D26BEE70C26BCE7EC2C0020FC
:10A4A000280000206C2D00202B4B1A6890422FD0E2
:10A4B0009A68904234D01A69904235D09A69904295
:10A4C00034D01A6A904233D09A6A904232D01A6BD2
:10A4D000904231D09A6B904230D01A6C90422FD07B
:10A4E0009A6C90422ED01A6D90422DD09A6D904267
:10A4F0002CD01A6E904215D09A6E904228D01A6FC6
:10A50000904227D09A6F824208BF0F2201D0704735
:10A51000002203EBC2039A796FF300029A7170472D
:10A520000122F6E70C22F4E70222F2E70322F0E729
:10A530000422EEE70522ECE70622EAE70722E8E735
:10A540000822E6E70922E4E70A22E2E70B22E0E735
:10A550000D22DEE70E22DCE7EC2C00202DE9F8438B
:10A560000F4DDFF84080DFF8409000242F1D55F894
:10A570003430E600194673B1434503D0D9F80000E2
:10A5800001F034FE0023AB5105EBC402917963F373
:10A5900000019171BB530134102CE8D1BDE8F88360
:10A5A000EC2C0020280000206C2D00202DE9F04F1D
:10A5B0000D468BB000F0030105F0030399420690AD
:10A5C000964600F0A780202A40F2308103461F33D0
:10A5D0005B1B3E2B40F23781AEF1210305F11001E8
:10A5E00005F1140207935B0901338046CDE901129E
:10A5F00005F10C002E1D8146059305F1080C05F1AF
:10A6000018032F4630460895002403936546CDF87D
:10A6100024E04E46FB690493019B029953F8202BDA
:10A620000193134651F8202B02910399D7F800A00B
:10A6300051F820BB50F8209B55F820EB56F820CB62
:10A64000C8F81030049BC8F81C30059BC8F818B037
:10A650000134A342C8F800A0C8F80490C8F808E084
:10A66000C8F80CC0C8F8142007F12007039108F1BE
:10A670002008CFD8DDE9085E079B5B095A1CC3EBB5
:10A68000C360069BAEF1200101EB401E03EB4213B9
:10A6900005EB42156A1C9A1A022A0EF1FF3140F2AC
:10A6A0006581052940F262812A681A604FEA9E029C
:10A6B000012A19D068685860022A15D0A8689860E5
:10A6C000032A11D0E868D860042A0DD028691861DF
:10A6D000052A09D068695861062A05D0A8699861D9
:10A6E000072A1CBFEA69DA612EF00302964503EBE4
:10A6F000020005EB020409D0AD5C9D54891A05D017
:10A7000063784370012901D0A378837006980BB059
:10A71000BDE8F08F002963D1069BBEF1200F40F207
:10A720008A8045EA0302520740F02A8105F11F02A0
:10A73000D21A3E2A40F22481AEF121024FEA521C85
:10A7400007920CF1010C05F1200103F12002002019
:10A75000AA4611ED087B51E9068951E9046751E9E0
:10A7600002450130844502F1200201F1200102ED91
:10A77000107B42E90E8942E90C6742E90A45E8D8B4
:10A780005546079A5209C2EBC260AEF1200101EBB7
:10A79000401E0132BEF1040F03EB421305EB4215DC
:10A7A0000AD92A4652F8041B43F8041BAEF1040EE2
:10A7B000BEF1040F1546F5D82A781A70BEF1010FC4
:10A7C000A4D06A785A70BEF102029FD0A97899701D
:10A7D000012A9BD0EA780698DA700BB0BDE8F08FBA
:10A7E000002A93D0069C2A46234612F8010B03F850
:10A7F000010BD1F103010EF1FF3000F0F6800028CB
:10A8000084D06B786370012904F1020305F1020022
:10A81000AEF1020200F0E680002A3FF477AFAB7899
:10A82000A3700335E31CAEF1030E76E7002A3FF474
:10A830006DAF069B2EE7BEF1040FB2D8BEF1000F3C
:10A840003FF464AFB8E70699AEF12100079020F01D
:10A850001F00084401F1200305F12002403012F8E6
:10A86000201C03F8201C12F81F1C03F81F1C12F8F0
:10A870001E1C03F81E1C12F81D1C03F81D1C12F8E8
:10A880001C1C03F81C1C12F81B1C03F81B1C12F8E0
:10A890001A1C03F81A1C12F8191C03F8191C12F8D8
:10A8A000181C03F8181C12F8171C03F8171C12F8D0
:10A8B000161C03F8161C12F8151C03F8151C12F8C8
:10A8C000141C03F8141C12F8131C03F8131C12F8C0
:10A8D000121C03F8121C12F8111C03F8111C12F8B8
:10A8E000101C03F8101C12F80F1C03F80F1C12F8B0
:10A8F0000E1C03F80E1C12F80D1C03F80D1C12F8A8
:10A900000C1C03F80C1C12F80B1C03F80B1C12F89F
:10A910000A1C03F80A1C12F8091C03F8091C12F897
:10A92000081C03F8081C12F8071C03F8071C12F88F
:10A93000061C03F8061C12F8051C03F8051C12F887
:10A94000041C03F8041C12F8031C03F8031C12F87F
:10A95000021C03F8021C12F8011C03F8011C20332E
:10A96000834202F120027FF47AAF85E66A1E03EB90
:10A970000E0012F8011F03F8011B8342F9D1C5E64E
:10A98000AEF1210121F01F04079103F140010C44B5
:10A9900003F1200205F1200151F8200C42F8200CAF
:10A9A00051F81C0C42F81C0C51F8180C42F8180C09
:10A9B00051F8140C42F8140C51F8100C42F8100C19
:10A9C00051F80C0C42F80C0C51F8080C42F8080C29
:10A9D00051F8040C42F8040C2032A24201F120018B
:10A9E000DAD1CEE60546964697E61546864694E6C3
:10A9F00010F0030330B516D0002A4DD00446D3F131
:10AA0000030304F8011B02F1FF355BD0002D43D096
:10AA1000012B417000F10205A2F1020455D0DCB314
:10AA20008170033A033001EB012303EB0143202A39
:10AA300003EB01632CD94507A2F121042DD11F2C72
:10AA40002BD96409651C00F1200C4FF0000E0EF1AB
:10AA5000010E75454CE908334CE906334CE90433E3
:10AA60004CE902330CF1200CF1D8C4EBC465203A58
:10AA700002EB45120134042A00EB441004D9043AD5
:10AA8000042A40F8043BFAD8BDE8304003F066B928
:10AA9000042AF4D8002AF7D130BD24F01F0500F1B4
:10AAA000400C6544640900F1200C4CE908334CE982
:10AAB00006334CE904334CE902330CF1200CAC456D
:10AAC000F3D1D2E720462A46ADE728462246AAE738
:10AAD00010F0030310B517D000294ED08446002291
:10AAE000D3F103030CF8012B01F1FF345DD0002CEE
:10AAF00043D0012B427000F1020CA1F1020454D0AA
:10AB0000DCB3827003390330202932D94307A1F125
:10AB1000210233D11F2A31D99FED257B4FEA521EE6
:10AB20000EF1010C00F1200300220132944503EDE7
:10AB3000087B03ED067B03ED047B03ED027B03F151
:10AB40002003F2D8CEEBCE63203901EB43110EF196
:10AB5000010E042900EB4E1005D900230439042905
:10AB600040F8043BFAD80A46BDE81040002103F043
:10AB7000F5B80429F1D80029F5D110BD4FEA521ECD
:10AB800000F1400422F01F0202EB040C00F120034C
:10AB9000002243E9082243E9062243E9042243E96B
:10ABA000022220336345F4D1CCE760462146ABE76F
:10ABB000000000000000000010F0030310B517D0E3
:10ABC00000294FD08446FF22D3F103030CF8012B58
:10ABD00001F1FF345FD0002C44D0012B427000F112
:10ABE000020CA1F1020456D0E4B3827003390330A1
:10ABF000202933D94307A1F1210234D11F2A32D9A8
:10AC00009FED277B4FEA521E0EF1010C00F120034D
:10AC100000220132944503ED087B03ED067B03ED32
:10AC2000047B03ED027B03F12003F2D8CEEBCE636D
:10AC3000203901EB43110EF1010E042900EB4E10F7
:10AC400006D94FF0FF330439042940F8043BFAD801
:10AC50000A46BDE81040FF2103F080B80429F0D86F
:10AC60000029F5D110BD4FEA521E00F1400422F038
:10AC70001F0202EB040C00F120034FF0FF3243E906
:10AC8000082243E9062243E9042243E90222203351
:10AC90006345F4D1CAE760462146A9E7AFF30080D7
:10ACA000FFFFFFFFFFFFFFFF9A4238BF8854704746
:10ACB000704700BF2DE9F04F83B0074612980C9EF5
:10ACC0000D9C904610F002028A46DDE910599DF86D
:10ACD000381000922ED1B9F1000F40F09680AC42AE
:10ACE00000F0010E80F000811F2C88BF202400F2AC
:10ACF000FB80621E32444FF0300B01E0202C04D068
:10AD00000134A54202F801BFF8D8BEF1000F11D0FE
:10AD1000A1450FD9202C00F09580621E32444FF0DF
:10AD2000300E02E0202C00F08D8001344C4502F8FA
:10AD300001EFF7D1C20621D5420500F18D80002C2C
:10AD400040F086800F9A102A00F0C4800F9A022AE1
:10AD50000DD0302232700124002969D02D223255C5
:10AD60000134850701D1A1453BD845460CE062225C
:10AD7000327001243219302501341570202CEBD1AA
:10AD800081072BD045462024CDF80480264405EBCE
:10AD9000040B9846ABEB040216F8010D013C434648
:10ADA00051465D46B847002CF4D14346DDF8048097
:10ADB000009A7AB1A5EB0808C8450BD21C462A4672
:10ADC00023465146202008F10108B847C14505F146
:10ADD0000105F4D8284603B0BDE8F08F2024A14532
:10ADE0002CD908EB09052D1B0194C3461C465A4675
:10ADF00023460BF1010B51462020B847AB45F6D155
:10AE00002346019C002CBFD1D2E710F0010E2DD0BB
:10AE100000293CD110F00C0F39D1AC42BFF478AF0F
:10AE20001F2C7FF666AFB9F1200F0BD8202481E7E5
:10AE3000450722D4010741D48207D0D04546002CD3
:10AE4000A2D1B5E7C4069BD542054FF0200403D438
:10AE5000A5421FD04C451DD00F9A102A24D0022A9B
:10AE60000FD0202C86D18107B8D08BE7AC42BFF43D
:10AE700061AF1F2C7FF63DAFD8E72B22325501344E
:10AE80006FE7202C3FF47CAF321901343AE009F12E
:10AE9000FF39C2E7621E3FF455AF0F9D102D29D038
:10AEA000022D2ED0144665E782060BD4202C3FF4E9
:10AEB00067AF3519013478222A70D2E72022325543
:10AEC00001344EE7202C3FF45BAF32195825013492
:10AED0001570C6E7820603D478223270012449E750
:10AEE00058223270012445E7BEF1000F08BF4FF031
:10AEF00000091FE78506A4F10204E6D435191446BB
:10AF0000D9E7324462251570ABE700BF2DE9F04F59
:10AF10002DED028B1C46B1F1000A964B18BF8346FB
:10AF2000207899B0914608BF9B46002800F0F18038
:10AF3000249B08930027252818D03A464B465146B3
:10AF400001340137D84720780028F4D13C46B94570
:10AF500001D809F1FF374B463A4651460020D84701
:10AF6000204619B0BDEC028BBDE8F08F631C0025B4
:10AF70001C4613F8010BA0F12002102A0AD8DFE8C2
:10AF800002F03209092F090909090909092C0929BF
:10AF900009092600A0F13003092B40F2AB802A28D2
:10AFA00057D04FF000082E2863D000230993A0F15A
:10AFB0006803122B1ED8DFE803F0C61DC11DB91DA2
:10AFC0001D1D1D1D1D1D191D1D1D1D1D190045F0DB
:10AFD0000105CDE745F00205CAE745F00405C7E7DE
:10AFE00045F01005C4E745F00805C1E7607845F471
:10AFF000807501347828A0D8612848D9A0F162036F
:10B00000DBB201269E405C4B1E4040F00881732855
:10B0100000F0A080632890D1AA0740F11281089E19
:10B0200056F8040B3A464B46C0B25146D847B8F1E1
:10B03000010F07F1010588BF474440F2E9812A4624
:10B040004B46013551462020D847BD42F7D10896DE
:10B050000FE1089B607853F8042B0893002ABABFCD
:10B0600045F00205C2F1000890462E2804F10104C3
:10B070009BD16078A0F13003092B45F4806504F181
:10B08000010240F2BC802A2846D014468DE72528CC
:10B090003FF453AF24287FF650AF00F0F703502B56
:10B0A0007FF44BAFA0F15003202B00F20A81DFE8C0
:10B0B00013F04D0108010801080108010801080109
:10B0C00008015601080108010801080108010801EA
:10B0D00008010801080159010801080108010801D7
:10B0E0000801080108010801080108010801080118
:10B0F000AC014D014FF0000808EB880800EB480058
:10B10000A0F1300814F8010FA0F13003092BF3D996
:10B1100049E7044607461AE7089BA07853F8042B32
:10B1200022EAE272CDE90832023440E760786C2806
:10B1300000F0828045F4807501345BE7607845F467
:10B140000075013456E76078682870D045F08005B6
:10B1500001344FE7089B53F8042B0A93099B08928C
:10B16000002B46D110786FF0010278B1089E0132B1
:10B17000324405E0B1AC010885604800964203D036
:10B1800016F8013F002BF9D1089BF61A15F48063DD
:10B190000B9303D0099B9E4228BF1E4615F0020365
:10B1A0000C9376D0002866D00B9B089DBBB1099B01
:10B1B00008943B443A461C4607E04B465146D84764
:10B1C00015F8010F013710B13A46BC42F5D1089C81
:10B1D0000C9B002B4FD10A9B08930134B3E63A46EF
:10B1E0004B465146D84715F8010F01370028F6D1D4
:10B1F000EEE710780028C9D0099B5A1EB6E7002355
:10B2000003EB830300EB4300A0F1300312F8010FBE
:10B21000A0F130010929F3D909931446C7E678282B
:10B220007FF440AF10230B930346184653E0A078F9
:10B2300045F0C0050234DDE6A07845F440750234DF
:10B24000D8E6B8F1010F40F2E6807D1E45443A464B
:10B250004B46013751462020D847AF42F7D1089AD4
:10B2600052F8040B08924B46C0B22A4651466F1C56
:10B27000D847013467E6B0453D46ACD94744BF1BCB
:10B280002A464B46013551462020D847BD42F7D1CA
:10B29000A1E7B04506F1010340F2BF8008EB0705C6
:10B2A000AD1B3A464B46013751462020D847AF42A6
:10B2B000F7D1089B187808F1010600287FF474AFD5
:10B2C00089E70A2325F010050B9300F0F703502BB4
:10B2D0004AD145F0200525F00C030A936B0502D5F1
:10B2E00025F00D030A93562800F096810A9B13F46B
:10B2F000007040F0758113F4807140F0DF815D06CD
:10B3000040F1D381089B53F8042B0893D2B2002A52
:10B3100040F044810A9820F0100340050A9340F160
:10B320003D8111460A9B0191CDE90583099B049358
:10B330000B9B039300233A46029310AB00934B46BA
:10B3400051465846FFF7B6FC074692E76378562BFE
:10B3500045F4887500F0FC8110230B93B5E71023AA
:10B360000B93B6E702230B9369285BD16B0501D5DC
:10B3700025F0010515F4007058D115F4807140F0E6
:10B38000C5806E06089A40F1B58052F8043B0892D9
:10B39000DBB21A46D80F0A902BB925F0100315F42A
:10B3A000806F1D4626D115F0200F14BF4123612365
:10B3B0000B9807EE909AA3F10A0E0DF1400C02E0F3
:10B3C000202915D03246B2FBF0F600FB16295FFAB1
:10B3D00089F3B9F1090F03F130098ABF73445FFAA9
:10B3E00089F3DBB282420CF8013B01F10101E7D2A3
:10B3F00017EE909A099B04930B9B03930A9BCDE94C
:10B400000585CDE901133A4697E708230B93ABE78F
:10B4100008962F462DE73D4621E71E4600287FF47B
:10B42000C3AED8E66428A1D00346FEE6089B0733E6
:10B4300023F007031A4611465B6851F8082B089160
:10B44000002B1E46114602DA514263EB43060846C2
:10B450001A434FEAD3710A9112D125F0100315F463
:10B46000806F1D460CD000231A46099B04930B9B4A
:10B4700003930A9B0192CDE9058502933A465CE766
:10B4800015F0200F14BF412361230A3B10AA0021AD
:10B49000CDE90C5808EE109A0E97CDF83CB00D4649
:10B4A000A34617460B9C8046994603E0202D17D0F3
:10B4B00080460E463146404622460023E4F79AFF76
:10B4C000D2B2092A02F130038ABF4A44DAB2D2B2B8
:10B4D000A04576F1000607F8012B05F10105E5D23C
:10B4E0005C462A46DDE90E7BDDF834800C9D18EEC3
:10B4F000109ABAE7280640F1238132F9043B0892FA
:10B5000083EAE372A2EBE37292B243E7089B1A4626
:10B5100052F8043B0A92D90F83EAE372A2EBE3727A
:10B5200008912BB925F0100315F4806F1D4626D124
:10B5300015F0200F14BF412361230B9907EE909A59
:10B54000A3F10A0E0DF1400C02E0202815D032467E
:10B55000B2FBF1F601FB16295FFA89F3B9F1090F85
:10B5600003F130098ABF73445FFA89F3DBB28A4280
:10B570000CF8013B00F10100E7D217EE909A099B0D
:10B5800004930B9B0393089BCDE9010310AB00933D
:10B590000A9B0893CDE905853A46D0E60A9B0B98AD
:10B5A00013F0200F14BF41236123A3F10A0C10AE46
:10B5B00003E020293FF4B6AE7246B2FBF0FE00FB7A
:10B5C0001E25EBB2092D03F130058ABF6344EBB2AF
:10B5D000DBB2824206F8013B01F10101E9D2A1E6AA
:10B5E000089B073323F007035D6853F8086B089343
:10B5F00056EA050322D10A9A22F010030A93530552
:10B600001CD500231A460A9B0192CDE90583099BAC
:10B6100004930B9B03938DE6089B53F8041B08933C
:10B62000D1E9003001680091A9EB0702109158465A
:10B630000AEB0701FFF76AFC07441AE60A9BCDF8FC
:10B64000308013F0200F14BF412361230A3B10AA5E
:10B6500000210D940E97CDF83CB0DDF82C800C46FF
:10B6600017469B4603E0202C17D006460D46294678
:10B67000304642460023E4F7BDFED2B2092A02F169
:10B68000300388BF02EB0B034645DBB275F10005C2
:10B6900007F8013B04F10104E5D22246DDF83080D1
:10B6A000DDF83CB0DDE90D47ADE713F0800F089BF6
:10B6B00053F8042B089318BF92B228E6DDF820E077
:10B6C0005EF8042B2AB919464E0523F010030A939D
:10B6D00026D40A9B0B9913F0200F14BF412361233A
:10B6E00007EE909AA3F10A0C10AE02E0202815D0C4
:10B6F0002A46B2FBF1F501FB15295FFA89F3B9F18E
:10B70000090F03F130098ABF63445FFA89F3DBB2A2
:10B710008A4206F8013B00F10100E7D217EE909A49
:10B720000A9B0190CDE90583099B04930B9B03932E
:10B730000023029310AB3A460093CDF820E0FEE5DB
:10B7400052F8043B089283EAE372A2EBE37221E62B
:10B75000102201340B921846BDE500BF00B583B03E
:10B7600084460093044813460A466146FFF7CEFB21
:10B7700003B05DF804FB00BFA9AC01080821FFF786
:10B78000A7B900BF90F90530002B13DB10B5C379C2
:10B79000012B044605D820460821BDE81040FFF7DC
:10B7A00097B90068FEF73AFD20460821BDE8104031
:10B7B000FFF78EB9704700BF024B1888013080B286
:10B7C000188070472C00002090F90530002B18DB02
:10B7D000F0B5C27983B0044682B1012A13D006685D
:10B7E00006EB8207BD1E0FFA82FEAC4600233CF832
:10B7F000020F884213D001339A42F8D1002003B0DF
:10B80000F0BD002070478388C3F30E008842F5D155
:10B810006FF30E030021A380E1711046EFE7022AC7
:10B8200030D0013A02EB420250000191FEF76CFD6C
:10B830000028E3D094F807C0019920600CF1FF3C88
:10B840005FFA8CFC84F807C007EB4C0733464FEADD
:10B850008C0C002235F8024F8C4209D01C6840F84D
:10B86000224000EB4204B5F800E024F80CE001327D
:10B87000AF4203F10403EDD13046FEF7CFFC0120C7
:10B8800003B0F0BD0122E2713BB97A88A38862F36C
:10B890000E03A38073682360EEE736F82E20A3889A
:10B8A00062F30E03A38033682360E5E790F9053067
:10B8B000002B64DB2DE9F04190F807E0BEF1010FA9
:10B8C00005460C46164644D90EF1FF3300684FEA90
:10B8D000430C0CEB8E0C84443CF80219A1424FD06F
:10B8E000013BF9D20EF1010E0EEB4E0E4FEA4E0166
:10B8F000FEF7DCFC804650B3EF7928603AB200EBEB
:10B90000870007F1FF3C67B1C7F10101C7F10303ED
:10B910006144634400EB4101520000EB430002F03C
:10B9200003FA0137FFB207F10043013B08EB430381
:10B93000EF7108EB870023F82740240914F0180F53
:10B9400040F8046C11D0AA7980231343AB71BDE891
:10B95000F081838818D0012261F30E03C2718380C5
:10B960000660240914F0180FEDD104F01F04012320
:10B97000AA79A340DBB21343AB71BDE8F0817047F5
:10B9800040F82360BDE8F081C3F30E038B4215D06D
:10B990000C20FEF7B9FC0028D9D0EB79AA882968D9
:10B9A00028600133DBB2C2F30E02EB7120F82320D2
:10B9B00000EB83035C80C0E90016D2E70260C6E7B3
:10B9C000034690F90500002814DBD87988B10128D6
:10B9D00010B51DD01C6804EB800CACF1020C0023E8
:10B9E0003CF802EF8E451BD001339842F8D100207D
:10B9F00010BD70471B68188818B9FAE733F8080FAC
:10BA000028B18142FAD15B6813600120704770470A
:10BA10009C88C4F30E048C42E9D11B68136010BDEE
:10BA200054F823301360012010BD00BF532815D8EF
:10BA30003A281FD8202851D0223880B211280BD89C
:10BA40000123834048F28802134238D144F20102B4
:10BA5000134249D111283FD00020704741F2594389
:10BA6000984237D012D943F60E039842F4D14FF4DE
:10BA7000807070473B381E4A80B2012383401A40D1
:10BA800092BB1C4A13421AD10020704741F20303B3
:10BA9000984204D006D941F206039842DCD141F61F
:10BAA000FF70704740F26243984208D009D940F6CF
:10BAB0003C03984203D040F645039842CCD1FF2086
:10BAC000704740F2574398420ED0B0F58B6FC3D108
:10BAD000FF207047084870470F2070474FF0FF3332
:10BAE000002063F30F00704700206FF30F007047D2
:10BAF000011284000008080178370208C079B0FA02
:10BB000080F04009704700BF000910F0180F0CBF0B
:10BB100000F01F000720704782B000238AB2202166
:10BB2000ADF8003002B0FFF7C1BE00BF0A462121C8
:10BB3000FFF7BCBE0A466021FFF7B8BE08B504484F
:10BB40001821FEF75BFA034B01221A7008BD00BFF3
:10BB5000E02C0020806D00202DE9F04F724A137810
:10BB600083B0002B40F0C680704B1B780126167006
:10BB700023B93046137003B0BDE8F08FFDF7F2FA39
:10BB800001460190002800F0BC80694FDFF8BC81BD
:10BB9000684D694E4FF00109002330463B7088F82C
:10BBA0000030FEF787FA04462C602CB3214630465D
:10BBB000FEF788FAD5F800B09BF81430DB0704468E
:10BBC000F2D4DBF80400FDF7DBFADBF80030984232
:10BBD0005ED23B78002BE7D1DBF81030002BE3D1AD
:10BBE00030465946FEF73EFA584687F80090FEF771
:10BBF00015FB2C60002CD9D14F48FEF75BFA4FF0B3
:10BC0000FF360446F8B14C4F4FF0FF3605E02146B1
:10BC10003846FEF757FA0446A8B1237D13F0010514
:10BC2000F5D16068FDF7ACFA23689842A3EB0003F6
:10BC300065D29E422146384628BF1E46FEF742FA8C
:10BC400004460028E9D13D4D01983D4CFDF798FA96
:10BC50002B68184428602068FDF792FAB0F5FA7F47
:10BC600013D32B68642202FB03F3B3FBF0F3DBB2C4
:10BC7000934298BFD31A334A94BFDBB200231370A8
:10BC800000232B60FDF76EFA2060274A002370E73F
:10BC9000DBF810A0BAF1000F13DD0AF1FF33CBF887
:10BCA0001030FDF75FFADBF80820CBF8040092B102
:10BCB000584690473B788BB12B68002B7FF46CAFD4
:10BCC0009AE7FDF74FFADBF80820CBF8040012B131
:10BCD000BAF1000FECD13B78002BEDD1DBF810303E
:10BCE000BBB198F80030002BE6D13B78002B3FF435
:10BCF0005BAFE1E70126304603B0BDE8F08F2E468A
:10BD000085E7114A13680133642B98BF1946116007
:10BD10003BE730465946FEF7A5F9584687F80090AC
:10BD2000FEF77CFADDE700BF706D0020806D00201B
:10BD3000896D0020DC2C0020E02C0020746D002098
:10BD40007C6D0020786D0020846D0020886D0020BF
:10BD5000F8B507460C480D461646FEF757F990B160
:10BD6000037D05604FF0FF326FF3000302618760CF
:10BD700003750446FDF7F6F9044B60600122E660A6
:10BD80001A702046F8BDFEE7E02C0020886D0020E8
:10BD9000037D43F001030375704700BF037D6FF31C
:10BDA00000030375704700BF10B50446FDF7DAF9CC
:10BDB0002368C31A013B636010BD00BF421802F143
:10BDC0000F0302F10C0C23F003039C4500D0FEE7A7
:10BDD000436823F0030310B5A3EB010E01EB0E043F
:10BDE0009C42AEF1040E00D0FEE7936803F003031B
:10BDF00043EA0E03936023F003030B2B02F10402CA
:10BE000009D9436803F003030B434360536833F0DD
:10BE1000030301D1FEE7FEE76344104643F8042C18
:10BE200053F8041941F002015960536843F00103CB
:10BE3000536010BD704700BF4B6823F003037F2B96
:10BE400010B509D89B10002203EB421C00EB8C0CB0
:10BE5000DCF834408CB9FEE7B3FA83F2C2F11A047D
:10BE6000E34083F02003C2F1190203EB421C00EB14
:10BE70008C0CDCF83440002CEDD0C1E90240E160CC
:10BE800001F10B0424F0030401F1080EA64500D0D3
:10BE9000FEE7CCF83410012101FA02F4994003695D
:10BEA00000EB82022343036153690B43536110BDCE
:10BEB0004B6813F0010F16D070B523F003030C4646
:10BEC00002F110018B4210D204F1080663B1334431
:10BED000304653F8042922F002025A60636823F0C6
:10BEE0000103636070BDFEE7FEE71146054620468C
:10BEF000FFF764FF636833F0030301460FD004F1DA
:10BF000008063344284643F8044C4B6843F00203C8
:10BF10004B60FFF791FF636823F00303D6E7FEE76A
:10BF20004B6833F0030205D001F1080C6244043A77
:10BF300001D1FEE7FEE72DE9F0415468E50702D4A0
:10BF40000846BDE8F08124F0030EBEF17F0F23D92F
:10BF5000BEFA8EF5C5F11A042EFA04F484F0200816
:10BF6000C5F11905D768A7B196689EB1F760BE60A4
:10BF700008EB451700EB87077C6BA24210D0043317
:10BF800073444B6033F0030305D09C444CF8041C0D
:10BF9000D6E7FEE7FEE7FEE74FEAAE080025E1E759
:10BFA00086427E63EBD100EB850701267A6906FAAB
:10BFB00008F422EA04027A61002AE0D10269AE4064
:10BFC00022EA06020261DAE7F8B50E4E15460029AC
:10BFD00018BF0E46041F04F108072B4638467CB1F3
:10BFE0006168CA4331F0030102F0010208D0B04792
:10BFF000616821F003017C18043C0029EBD1FEE7C5
:10C00000F8BD00BF35BE010870B510F00306044648
:10C010000D4668D1C0E90200066131462022143085
:10C0200001F09CFE04F1340E31464B01CEF3800644
:10C0300003F10D0CB44404EB8C021EF0040F1CBF82
:10C04000CEF80040012044F82C4008BF3046C2E939
:10C050000144C2E90344C2E90544C2E90744C2E914
:10C060000944C2E90B44C2E90D44C2E90F44C2E9E4
:10C070001144C2E91344C2E91544C2E91744C2E9B4
:10C080001944C2E91B44546706BBC2E91E4401318E
:10C0900008290EF1800EC8D12046A5F23C43A20724
:10C0A00023F003031ED1A3F10C0143F6F472914275
:10C0B00018D804F5866543F001036B602946FFF745
:10C0C000BBFE6B6833F0030206D1FEE7034404EBCA
:10C0D0008303C3F8AC40DAE704F587631344022214
:10C0E00043E9015270BD0020D7E700BF00F23440A1
:10C0F000704700BF09B900207047CB1C23F0030331
:10C10000B3F5804FF7D20C2B1A4638BF0C227F2B89
:10C11000F0B50FD9B2FA82F1C1F11A0101238B40B7
:10C12000013B1344B3FA83F11129C1F1190E43D134
:10C130000020F0BD93104FF0010C4FF0000E0EF1F7
:10C14000040500EB85014C684FF0FF3101FA03F361
:10C15000234010D1036901FA0CF11940E8D091FA9B
:10C16000A1FEBEFA8EFE0EF1040500EB85035B68AE
:10C1700003B9FEE71C4693FAA3F3B3FA83F303EB88
:10C180004E1C00EB8C0CDCF834100029D0D04E682B
:10C1900026F00306B24200D9FEE7CF685FB18E6891
:10C1A0008EB18642F760BE60CCF834600CD0BDE83A
:10C1B000F040FFF77DBEFEE7C1F11A0C23FA0CF345
:10C1C00083F02003BBE7FEE7012600EB850506FAB6
:10C1D00003F324EA03046C60002CE8D1036906FA37
:10C1E0000EF623EA06030361E1E700BF29B3F8B5C1
:10C1F00051F8043C044613F0010000D0FEE733F090
:10C20000030319D00A1FA1F10805D55013445A6839
:10C2100042F002025A6051F8043C43F0010241F836
:10C22000042C92072DD551F8085C3DB1D5F804E0F7
:10C230001EF0010F03D1FEE7FEE77047FEE72EF088
:10C2400003017F2942D88A10EE6826B3D5F808C0CA
:10C25000BCF1000F20D0CCF80C60C6F808C002EB8F
:10C26000401604EB8606776BBD4218D0A9B123F0C7
:10C270000303734404336B6033F003030ED02B4489
:10C280005D6029462046FFF74BFE01462046BDE88B
:10C29000F840FFF7D1BDFEE7FEE7FEE7FEE7A44565
:10C2A000C6F834C0E2D104EB80064FF0010C776988
:10C2B0000CFA02F227EA02027261002AD6D1226940
:10C2C0000CFA00FC22EA0C022261CFE7B1FA81F0FD
:10C2D000C0F11A0221FA02F282F02002C0F1190024
:10C2E000B2E700BF002953D02DE9F04383B0002A04
:10C2F00051D051F8043C33F003070C4600D1FEE75F
:10C30000D11C21F00301B1F5804F54F807C0054658
:10C31000A4F10808A4F1040926D20C2938BF0C2185
:10C32000DB070E4623D48F4223D21CF0010F05D029
:10C330002CF00303391D0B44B34220D2114628468A
:10C340000192FFF7D7FE064650B1019ABA42214644
:10C3500028BF3A46FEF72AF921462846FFF746FF4E
:10C36000304603B0BDE8F08313F0010300D0FEE7D0
:10C370001E4606F110039F4224D22646F0E74146AE
:10C38000FFF7CEFD54F8043C33F003030CD1FEE775
:10C390001146FFF7AFBE0192FFF728FF019A16463C
:10C3A000304603B0BDE8F0834B445A6822F00202E5
:10C3B0005A6054F8047C27F0010344F8043C27F049
:10C3C0000307D6E731464046FFF7F8FC436823F001
:10C3D0000203014643602846FFF7A2FD01462846B6
:10C3E0002646FFF729FDBBE790F900300078002BC7
:10C3F00010DA00F0E003C02B10D000F0F003E02BC7
:10C400000AD000F0F800A0F1F000B0FA80F0400986
:10C41000800070470120704703207047022070475A
:10C4200070B483B00023019309B30C680319621C34
:10C4300093F900C01B78BCF1000F04DB18460A60BA
:10C4400003B070BC704703F0E00CBCF1C00F2DD0FE
:10C4500003F0F00CBCF1E00F0ED003F0F80CBCF1CF
:10C46000F00F0A6031D0002003B070BC70470C465A
:10C470000346012201A9DBE70A60825C02F0C00CDE
:10C48000BCF1800FEFD1A51C0D60405D00F0C00530
:10C49000802DE8D1920100F03F001B0302F47C6282
:10C4A0009BB202440334D0180C60C9E70A60825C76
:10C4B00002F0C0008028D6D19B0103F4F86302F09B
:10C4C0003F020234D0180C60BAE7825C02F0C0056B
:10C4D000802DC8D1A51C0D60455D05F0C00CBCF1D8
:10C4E000800FC0D1E61C0E60805D00F0C006802E7B
:10C4F000B9D19B04120303F4E01302F47C321A4313
:10C50000AB0103F47C631A4400F03F000434104490
:10C510000C6095E72DE9F0410F460C46A1B10024CF
:10C52000DFF82C800646254609E0D8F80030984709
:10C53000012838BF0120AF4254FA80F404D0335DA3
:10C5400001353019002BF0D12046BDE8F08100BF45
:10C5500040000020F0B583B0002401940D4669B17D
:10C56000084F06463B6801A930469847019BAB42FD
:10C5700004F10104F6D3204603B0F0BD0C4620467A
:10C5800003B0F0BD3800002070B582B003780024FD
:10C5900001946BB1084E0546336801A928469847B7
:10C5A000019BEB5C0134002BF6D1204602B070BD3C
:10C5B0001C46204602B070BD380000202DE9F04F27
:10C5C00085B000249DF8387003940E46002946D0AB
:10C5D000984617F0010305469146019347D0394F1D
:10C5E000CDF80080A3460DF10C0A13E003983A68D9
:10C5F000284400219047B8F1230F024659D1BBF1DE
:10C60000000F31D0BBF1010F4FF0000B0DD0039B99
:10C610009E4218D93B6851462846984780460028D4
:10C62000E4D1BBF1010FF2D0024641464846FCF787
:10C630001BFA03B2002BEADD009B1C44039B204441
:10C640009E4204B2E6D8DDF80080002C08DDA4EBA1
:10C6500008080FFA88F4204605B0BDE8F08F0C46B4
:10C66000204605B0BDE8F08FDDF804B0CFE7154FE8
:10C670001C460DF10C0A0EE0024659464846FCF7EE
:10C68000F3F904EB0803034400B2002800DD1CB2F8
:10C69000039B9E42D9D951463B68284698470021C2
:10C6A00083460028E8D003983B6828449847024610
:10C6B000E3E7BBF1010FB8D1B8F1200F08BF4FF08D
:10C6C000020BA4E7380000202DE9F04F2DED028B7E
:10C6D00091B008EE101A09929DF87420DFF838A284
:10C6E000079012F0020441F6FF7118BF0B46029347
:10C6F00002F001030027019303780D970B94009734
:10C7000008970397002B00F0BF80029B002B40F39B
:10C71000BB8018EE103A002B00F0B680079D039EF8
:10C720000B98029BDFF8ECB1002441F6FF71A042A8
:10C7300008BF1946AF19DBF800200A91CDE90E4475
:10C740000EA938469047A95DDDF83880CDF83C80C9
:10C750000246002900F0DB8026460694A1464FF0F1
:10C76000FF382546DBF800300FA9384614469847B5
:10C77000019933460246013621B1232C009958D045
:10C7800001297BD018EE100A2146CDE90423FCF7DD
:10C790006BF9054400B20028DDE90423ADB202DDE7
:10C7A00009990D44ADB2B8F1FF3F2DB205D10999F9
:10C7B0000A98691A8142C8BFC8460A2C12D00D2CAB
:10C7C00010D0A4F59C4145F2A51081420AD9002160
:10C7D000202003E01AF80100002845D00131A042D2
:10C7E000C9B2F7D1B9F1000F33D1B8F1FF3F00F072
:10C7F0008380039B002B51D00D9F002F47D1454BC9
:10C8000007981B680DA998471C9B0146002B6CD00C
:10C810003A4618EE100AFCF727F90D9F03B2089369
:10C820001C9B089A1A80384611B0BDEC028BBDE8FB
:10C83000F08F01B301292ED00229A3D10023009348
:10C84000DDE90E930E9317F80930002B8AD1334699
:10C850001446B8F1FF3FCCD1002B41D00D2CBDF8D0
:10C8600018304FD0C8461BE0069BB8F1FF3F08BF09
:10C870002B460693E4E7019B0093E1E7202C0B464F
:10C8800008BF02230093DBE7039F002FB7D01C9B58
:10C89000002BC5D1C7E70021009173E7BDF8183020
:10C8A000029A08990D9FD21A0B4412B21BB202923F
:10C8B0000893B8F1000FA0D007990B7808EB070296
:10C8C0000A2B03920D921BD00D2B19D08B5C0A2BD7
:10C8D00002D00D2B7FF416AF039F01370D978CE725
:10C8E000BDF81830DDF83880DAE70D9F384611B012
:10C8F000BDEC028BBDE8F08F0695002BAED1EFE7C3
:10C9000017467AE70A2AADD1DDF83880C8E70B462A
:10C91000C6E700BF38000020F0380208F0B50A680A
:10C920000F4F013A83B00D4606460A6004243B6867
:10C93000B0189847631E40B10A4B2A681B680192E1
:10C9400001A93046984703B0F0BD29684A1E19B1C5
:10C9500013F0FF042A60EAD1002003B0F0BD00BF4D
:10C9600040000020380000202DE9F04F89B000255C
:10C9700004460560BDF94890BDF94C009DF850B0E3
:10C98000002955D09046002A52D00F469A46B2F957
:10C9900008103B78069141F6FF721BF0020F18BF9A
:10C9A000104605908AB2002B67D01FFA89F1914496
:10C9B0000A4492B203920BF00602079104923E469B
:10C9C000049A002A44D1CDE9002B059B52464146EA
:10C9D0003046FFF779FE0146B4F9023003EB090255
:10C9E000B2F5004F0D4423D2039A13446380337889
:10C9F0000BB3304653464246CDF800B0FFF7DEFD9C
:10CA0000B4F900309842B8BF184620807B5D7E198B
:10CA10003246002BD4D12DB112F8013C0A2B31D073
:10CA20000D2B2FD0B4F902303BB3079A9B1A6380C9
:10CA300009B0BDE8F08FB4F9003023EAE373238036
:10CA40007B5D7E193246002BE5D0049A002ABAD0CD
:10CA50000A2B08BF0121BFD03246002106E0002B7F
:10CA6000BAD012F8013F0A2B05D001460D2B01F177
:10CA70000100F4D1AFE70231AEE7069B638009B055
:10CA8000BDE8F08F6388039A1A4413B2002BCCD10F
:10CA9000F3E700BF70B4039D9DF810600DB1002452
:10CAA0002C8058B1047844B151B116F0060F09D169
:10CAB000CDE9035670BCFFF707BE204670BC704737
:10CAC0000846FBE70A2C08BF01200DD003460020D2
:10CAD00005E04CB113F8014F0A2C0CD010460D2C78
:10CAE00000F10102F5D11046002DE7D04FF6FF739B
:10CAF0002B8070BC70470230F6E700BF30B49DF861
:10CB0000085030B12AB104781CB1029530BCFFF74F
:10CB100055BD002030BC70472329037803D0012B7A
:10CB20000ED0002070473BB1012B0FD0022BF8D163
:10CB300000230370012070470123037018467047DB
:10CB4000202904BF02220270184670470023037098
:10CB500018467047F0B585B00C46002102462346C2
:10CB6000019008460394FEF7F9FD471C0646384637
:10CB7000FDF7CAFB019A48B1234600248455394683
:10CB80000546FEF7EBFD284605B0F0BDFEE700BF09
:10CB90002DE9F041DFF828800E461C461946D8F8EA
:10CBA0000030074615469847306028B12068D8F80D
:10CBB00000300021384498472860BDE8F08100BF6C
:10CBC000380000202DE9F047DDF82080AAB10746A3
:10CBD0000E461D4614464FEA540905FB096A5146A4
:10CBE0003846C047E443002804F001040ADDA9EBFD
:10CBF00004040AEB0506002CEDD14FF0000A504664
:10CC0000BDE8F087FBD04C46002CE4D1F5E700BF2F
:10CC100091F848305A0610B50C4603D5886A08B119
:10CC2000FDF7FCFA94F848306FF38613002284F87D
:10CC300048301B07A26202D50023636210BD606A00
:10CC4000FDF7ECFA0023636210BD00BFA0F84610A8
:10CC5000ECF75ABFA0F84410ECF756BFC16A4B1C62
:10CC600038D01D4B70B504461B68406A033998479D
:10CC700094F848305A06636A48BFA66A03EB00027C
:10CC80001B5C58BF04F1280673B100239C4616F8BC
:10CC90000C1011700133DBB2626AC1189C46555CFE
:10CCA0000A44002DF3D11E443378137094F84830B1
:10CCB0005B0603D5A06A08B1FDF7B0FA94F84830D6
:10CCC00000216FF386134FF0FF32C4E90A1284F893
:10CCD000483070BD704700BF300000202DE9F04F94
:10CCE0002DED028B0C4691B0B4F90030089341F65B
:10CCF000120200210546EFF743FF41F610020990AA
:10CD0000002128466488EFF73BFF201A03B20EA9E2
:10CD100028460593ECF79EFCBDF83C30BDF8382062
:10CD20006F6A01339B1A1BB241F259420021284617
:10CD30000393EFF725FF41F25B428146002128462D
:10CD4000EFF71EFF41F25A42002104462846EFF752
:10CD500017FF95F84820039B069012F0200FC2F3AE
:10CD6000001118BF41F0020204910FFA80FB18BFB6
:10CD70000492002141F2010228460393B9F908A068
:10CD8000EFF7FEFE42F2D17200B29042039B00F038
:10CD9000B2806A6A039328460021F0F74FFD3A7883
:10CDA0000790002A00F00A81039B0AEB040100258A
:10CDB0005A463E462C4698468B4604E03B5D2DB2D3
:10CDC0003E19002B78D0049B019300230093494621
:10CDD000434630460392FFF75DFE059A05EB0A03D2
:10CDE00093422146039A04445D44E7DB764B0D945D
:10CDF0001B68884638460DA9934698470A2803D0F1
:10CE00003B5D002B00F0BB80079B022B59D0032B0E
:10CE100000F0B780002500238DF82B300B93002CF9
:10CE20003AD0444540F2CE80DDE90821521A12B2D0
:10CE30000392049A12F0010A67D10CAA05970DF12A
:10CE4000340B0BAB17460CE00B9A08EB0200844244
:10CE50001ED011F80810D9B18442049B40F2A5807D
:10CE600092465A46394630460493FFF791FEDDE973
:10CE70000C124846FBF7F8FD059B03EB0A01069BE5
:10CE8000C218039B05FA80F02A44834215B2DBDA0C
:10CE9000059F5446CDF82CA04C4D21462B683046BA
:10CEA00098472B680446414638469847204411B0BD
:10CEB000BDEC028BBDE8F08F079B022B9346A0468A
:10CEC000A5D1049B00934A465B46A4EB080130467B
:10CED000FFF714FEBDF83C30BDF8382001339B1A33
:10CEE00000EBD070C3F3C032401002FA83F3C0EB02
:10CEF00063052DB28FE795F8232052073FF549AF20
:10CF0000049A42F00402049243E79A460CAA0BAB3F
:10CF100008EE109A04970DF1340B1F4691461CE061
:10CF2000DDE90C1218EE100AFBF79EFD049B039A34
:10CF300003EB0A0105FA80F39A4234DB069B0B9A55
:10CF40001D4402EB080328449C4205B22BD011F883
:10CF5000081081B392469C422AD93B464946304646
:10CF60005A46FFF715FE0B9B0DF12B00F15CFFF706
:10CF7000D3FD0028D4D00B9A02EB0803EBE7013471
:10CF800042E7049B00934A465B46A4EB0801304607
:10CF9000FFF7B4FDBDF83C50BDF838300135ED1A4F
:10CFA0002D1A2DB237E7049F73E7059F144673E7E8
:10CFB000049F144670E7049F54466BE790463E4634
:10CFC000144621E71C4667E73C000020340000209F
:10CFD0002DE9F04F4FF0FF339BB0036308A90446DF
:10CFE000ECF738FBBDF82450BDF8203041F259422F
:10CFF000002101352046ED1AEFF7C2FD41F25B42F8
:10D00000002106462046EFF7BBFD41F25A420021BF
:10D0100080460FFA80F92046EFF7B2FD94F84830C9
:10D0200007B2C3F3001A41F201029B064FF0000160
:10D03000204648BF4AF0020AEFF7A2FD42F2D17340
:10D0400000B298422DB205D194F82330580758BF4A
:10D050004AF0040ACDE9015ACDF80090616A3B46D6
:10D06000324606A8FFF780FC2046ECF749FB94F80F
:10D07000481001F00701022929D0032900F0C680D9
:10D08000012905D02046ECF73FFD1BB0BDE8F08F2D
:10D09000BDF82630BDF8222001339B1ABDF91A20B5
:10D0A0001BB29A420ADDB6F90830934206DAA64B63
:10D0B000606A1B689847032800F24E814FF0FF33E7
:10D0C000E3622046ECF720FD1BB0BDE8F08F66223E
:10D0D00000212046EFF754FD87B2002F00F0898031
:10D0E0000AAD2846FCF774F94FF6FF73ADF86430CB
:10D0F0004FF4967316931893BDF82430BDF82010A2
:10D10000BDF918200A9401335B1A1BB29A4229DD3B
:10D110008E490B919B1A00262046CDE91166139388
:10D12000FCF796FA002800F0D181C36A149A934262
:10D13000C0F2F2801199139A3846FCF7B1FA03460F
:10D14000284614931793FCF72DFA81492046FCF7E3
:10D1500059F90023A4F846302046ECF7D5FC1BB063
:10D16000BDE8F08F79492046FCF74CF9BDF8263030
:10D17000BDF8222001339B1ABDF91A201BB24FF0D3
:10D1800000089A42A4F84480DFDD9B1AB6F9082013
:10D190006F490B919B1A2046CDE911881393FCF738
:10D1A00057FA002800F08581C36A149A934280F2EE
:10D1B0009B8190F83E2015939DF86630920768F3A6
:10D1C00000038DF8663040F18F819DF86630119A2A
:10D1D0001399119143F002038DF86630139238468B
:10D1E000FCF75EFA0346284614931793FCF7DAF926
:10D1F00048E72046F0F78EFCFBF784FFA7F1AA373B
:10D2000087FB0037A7EBE077BFB269E76622002112
:10D210002046EFF7B5FC87B2002F71D00AAD284643
:10D22000FCF7D6F84FF6FF73ADF86430BDF8243044
:10D23000BDF820200A9401339B1ABDF918201BB2B7
:10D240009A4228DD202211463046FBF70DFCBDF93D
:10D2500018303E4E0B96A0EB8000C21A00213846D3
:10D26000CDE911111392FCF71BFA31460346204613
:10D270001493FCF7EDF900B1C06A149B834206DDFC
:10D280009DF8663015906FF300038DF866302846E0
:10D29000FCF788F959E72D492046FCF7B3F8BDF8AB
:10D2A0002630BDF82220BDF91A0001339B1A1BB2AB
:10D2B00000219842A4F844107FF747AFB6F9083030
:10D2C000234E0B964242D21A3846CDE911111392E1
:10D2D000FCF7E6F93146034620461493FCF7B8F90B
:10D2E00000B1C06A149B834206DD9DF8663015903C
:10D2F0006FF300038DF866302846FCF753F9C1E65A
:10D300002046F0F707FCFBF7FDFE124B83FB0037CE
:10D31000A7EBE077BFB281E790F83E2015939DF828
:10D320006630910766F300038DF866307FF502AF33
:10D330009DF86630119A1399119143F002038DF80C
:10D3400066301392F8E600BF4400002055CC010877
:10D350004DCC010856555555BDF82450BDF8203028
:10D360002E22114630460135ED1AFBF77DFBBDF844
:10D370002630BDF82220B6F90810384401339B1A34
:10D38000C0EB803689441AB200EB8600ADB205448A
:10D3900092FBF9F009FB102210B281429BB2D4BF7C
:10D3A0005B18A3EB08039B1A1BB207A92046ADF834
:10D3B0001E30ADF81C50FFF791FC656A8046284688
:10D3C000E3F710F8584B82461B68284641469847B9
:10D3D00000F10309CA4506460A9028BF0AAD0CD2DF
:10D3E000524F0AAD3B68606A294698470A9E06F18B
:10D3F0000309CA4508F1FF38F4D304234C4ADFF887
:10D4000034B1CDF81480304600279846636A18443A
:10D41000136898473844C7B2DBF80030606A294681
:10D420009847032F6FD80A98824503D3B8F10108B3
:10D430003F4AEBD194F84830656ADDF8148013F068
:10D440004002354453D0A06A002868D0FCF7E6FEBD
:10D4500094F848304FF0000A6FF38613042F84F8D5
:10D460004830C4F828A047D9781CFCF74DFFA062CB
:10D4700000283FF407AE29463A46FDF797F8A36A1D
:10D4800003F807A094F8483043F0400384F848308C
:10D49000636A2E229A55636A334408F103015A7075
:10D4A000636A334400209A70636A03F80900E162FA
:10D4B000E8E5149B434517DD9DF866301199139AF2
:10D4C000159060F300038DF8663088E6149BB34234
:10D4D0007FF730AE9DF866301199139A159060F37E
:10D4E00000038DF8663027E61199139A77E662F308
:10D4F000861384F84830A2623A46294604F128008F
:10D50000FDF754F8C4E794F84830656ADDF81480F4
:10D510005B0635449CD5A06A002899D096E760F355
:10D52000861384F84830E7E7300000203C000020F4
:10D5300040000020380000202DE9F043C64893B099
:10D540000D46EAF7E7F9012802D013B0BDE8F083F1
:10D550002846EAF7FDF904462846EAF7F5F92A2CA9
:10D56000064639D0133C192CEFD801A353F824F008
:10D570009BD601084BD50108BDD601084BD5010843
:10D580004BD501084BD501084BD501084BD50108F7
:10D590004BD501084BD501084BD501084BD50108E7
:10D5A0004BD501084BD501084BD501084BD50108D7
:10D5B0004BD501084BD501084BD501084BD50108C7
:10D5C0004BD501084BD50108DBD701084BD5010825
:10D5D0004BD50108FBD5010890F8483003F007034C
:10D5E000012B01D1FFF73AFB736A002BADD0304617
:10D5F00013B0BDE8F043FFF7EBBC41F25942002104
:10D60000EFF7BEFA41F25A42002107463046EFF7E3
:10D61000B7FA41F25B4200210FFA80F83046EFF78B
:10D62000AFFA96F8483004B2C3F3001998063046B2
:10D6300048BF49F00209EBF7CDFF41F2010200219A
:10D640003046EFF79DFA42F2D17300B2984240F0B3
:10D65000CC8096F82330590700F1C78041F6FF705F
:10D66000716A009443463A46CDE901090AA8FFF7DA
:10D670007BF92846EAF770F9BDF92820B0F9004097
:10D68000BDF92A30B0F90210A242B8BF22468B423F
:10D69000B8BF0B460280438057E741F25942002150
:10D6A000EFF76EFAB0F908100029B8BF03318910FE
:10D6B000284613B0BDE8F043EAF776B92846EAF702
:10D6C00043F904462846EAF767F906A905462046C5
:10D6D000EBF7C0FF94F8483000219A06C3F3001618
:10D6E00041F20102204648BF46F00206EFF748FA31
:10D6F00042F2D17300B2984205D194F823305B070F
:10D7000058BF46F004060AA8F1F786FB636CCDF813
:10D710003E300AAA002120468DF84560EBF73AFD1D
:10D720009DF8443013B901238DF84430E36B216C2C
:10D730000B934FF6FF7293420C9112D0914210D08E
:10D7400044F257424FF480212046EFF719FA202285
:10D75000ADF836004FF480212046EFF711FAADF80E
:10D76000380094F8483003F00602022A44D008AF8B
:10D7700003F00703032B3CD0BDF81E30BDF81A2080
:10D7800001339B1A1BB2B3F5806F32DB04F1300812
:10D79000AA6806A93846FBF7FDFF00283FF4D5AE7E
:10D7A00094F8483013F0070958D003F00603022B11
:10D7B000636A46D0CDF8008006AA0AA92846F1F788
:10D7C00043FBD5F8089094F84830AF6003F00703A6
:10D7D000032B52D0C5F80890B7E690F8483003F014
:10D7E0000703012B7FF400AFFCE63046EBF7F2FEB7
:10D7F00036E74FF00008CBE79DF84420023A012AB3
:10D80000B5D8BDF93A30616A009308AF41F6FF73AD
:10D810000A9A01930296BDF93C303846FFF7A4F806
:10D82000BDF81C30BDF8182001339B1ABDF920202B
:10D830001BB29A42C4BF01238DF8443094F848309B
:10D8400096E7D5F80890AF6006AACDF800800AA93F
:10D850002846F1F7F9FAB6E7003902082046EDF755
:10D8600027FA404202B2494606A8FBF77FFF638BC6
:10D87000ADF81E3094F8483097E7BDF93A30616A48
:10D88000009341F6FF730A9A01930296BDF93C306A
:10D8900005A8FFF769F8BDF81C30BDF81820013362
:10D8A0009B1ABDF914201BB29A421FDCBDF81E3032
:10D8B000BDF81A20BDF9160001339B1A1BB298421D
:10D8C00088DD0A9B1B891844B4F84630184406AA20
:10D8D000636AB4F84440ADF840000AA9CDF800806E
:10D8E0002846ADF83E40F1F7AFFA73E7B4F844309C
:10D8F0000A981A4496B220221146FBF7B5F8B4F8FC
:10D900004620636AADF8402000EB40000644CDF8A5
:10D91000008006AA0AA92846ADF83E60F1F794FAFD
:10D92000C4E700BF10B501460348EBF7ABF9044666
:10D93000EBF718FA204610BD0039020870B50D4605
:10D940000446ECF7E1F825B3606AA84222D038B16A
:10D9500094F8483013F0080602D1FCF75FFC6662C9
:10D960002846E2F73FFD0130FCF7CEFC606278B15B
:10D97000294600F01FFA94F84830626A6FF3C30337
:10D9800084F84830AAB12046BDE87040FFF720BBBC
:10D99000FEE7656A94F848301B07E1D42846E2F7B1
:10D9A00021FD411C2846FCF781FC08B16062EAE7D2
:10D9B000FEE770BD38B591F848300C4600254FF6AB
:10D9C000FF7223F05F034FF0FF31C4E90F2284F8A8
:10D9D0004830C4E90B1120460221C4E90955C4E9C5
:10D9E0000D556564EBF7B2F815492046FBF70AFDC3
:10D9F00014492046FBF706FD94F84830656465F34A
:10DA0000451303F00702012A84F8483010D094F837
:10DA10004830626A6FF3020384F8483012B120463E
:10DA2000FFF7D6FA20460849BDE83840FFF786BF21
:10DA3000E36A0133EBD02046FFF710F9E7E700BFB8
:10DA400055CC01084DCC0108F83802080EB470B569
:10DA500083B0079DF5B10446ECF756F8606A20B133
:10DA600094F8483013F0080615D008A9284601910B
:10DA7000FFF770F894F8483060626FF3C30384F8DE
:10DA8000483010B12046FFF7A3FA03B0BDE870405C
:10DA900003B07047FEE7FCF7C1FB6662E5E700BF35
:10DAA00038B504460D461649FBF7ACFC154920462F
:10DAB000FBF7A8FCAA1E022A94F848308CBF00226B
:10DAC000012262F3451303F007020021012A616479
:10DAD00084F848300CD094F84830626A65F3020349
:10DAE00084F848305AB12046BDE83840FFF770BA94
:10DAF000E36A0133EFD02046FFF7B0F8EBE738BD1B
:10DB000055CC01084DCC010890F84820C2F3001C08
:10DB10008C450DD010B4446A61F3041280F848209B
:10DB20001CB15DF8044BFFF753BA5DF8044B704726
:10DB3000704700BF91F82A20002363F300020846D3
:10DB40000B854B6281F82A200221EAF7FFBF00BF54
:10DB50002DE9F04F674889B00C46E9F7DBFE012854
:10DB600002D009B0BDE8F08F2046E9F7F1FE054686
:10DB70002046E9F7E9FE132D06467FD02C2D00F054
:10DB80008E80152DEDD12046E9F706FF338D8146B5
:10DB9000002BE6D0736A002BE3D003A93046EBF7E5
:10DBA00007FD3046BDF80C80EDF776F8A8EB0008CD
:10DBB0003046BDF80EB0EDF775F8ABEB000B304614
:10DBC000EBF702FD824605A8F1F7D8FC05AA002173
:10DBD0003046EBF733FB338D012B1FFA88F81FFA21
:10DBE0008BFBBED9DA441FFA8AFA002416E0BCF88F
:10DBF00002C0DC44ADF806C06D885D44ADF80A5043
:10DC0000F1F7C8FC9DF81D300134A4B267F382031C
:10DC10008DF81D30338D013B9C42A2DA776A96F86D
:10DC20002AE037F824504544ADF80450A5000435E7
:10DC300002AB37F805C0C4443D44ADF808C007EB5B
:10DC4000840C1EF0010701AA05A94846CFD0BCF8F4
:10DC50000230AAEB0303ADF806306B88AAEB03038E
:10DC6000ADF80A3001AA02AB05A9F1F793FC9DF8C3
:10DC70001D300134A4B26FF38203C9E740F64902B4
:10DC80000021EEF77DFF034620461CB2E9F764FE53
:10DC9000B0F90030A342BFF664AF048061E72046CC
:10DCA000E9F75AFE318D074600293FF45AAF726AF0
:10DCB000013989B2131D002503EB81012C4600E0D8
:10DCC0000433B2F900C0B2F902006445B8BF64463B
:10DCD0008542B8BF05468B421A46F1D140F649024B
:10DCE00030460021EEF74CFF80B2044428443C80CB
:10DCF000788036E71C39020810B501460348EAF778
:10DD0000C1FF0446EBF72EF8204610BD1C3902086F
:10DD100010B5044641620285EBF7F2FC2046BDE8EF
:10DD20001040EBF7F1BE00BF884210B501EB0204D2
:10DD300002D98442234607D8431EA14208D011F8D5
:10DD4000012B03F8012FF8E7024401468A4200D173
:10DD500010BD13F8014D02F8014DF7E702440346E8
:10DD6000934200D1704703F8011BF9E770B50D4DE0
:10DD70000D4C641BA4100026A64209D10B4D0C4C7F
:10DD800000F02EF8641BA4100026A64205D170BD39
:10DD900055F8043B98470136EEE755F8043B9847A1
:10DDA0000136F2E7403902084039020840390208DA
:10DDB00044390208034611F8012B03F8012B002A0D
:10DDC000F9D170470A44914200F1FF3300D1704706
:10DDD00010B511F8014B03F8014F9142F9D110BD74
:10DDE000F8B500BFF8BC08BC9E467047F8B500BF48
:08DDF000F8BC08BC9E46704718
:10DDF80000112233445566778899AABBCCDDEEFF23
:10DE080000112233445566778899AABBCCDDEEFF12
:10DE1800FF1FFF1F01E001E0233030303030302099
:10DE280048656C6C6F2C20576F726C64212300005E
:10DE38002330303030303020636C69636B3A2025F2
:10DE480064230000233030303030302074696D6531
:10DE58003A20256C75230000236666666666662090
:10DE68004C6F526120546573742300002366666604
:10DE7800666666204D6F64653A205458230000009A
:10DE880023666666666666204D6F64653A2052585A
:10DE98002300000023666666666666205374617216
:10DEA80074212300236666666666662053656E6481
:10DEB80020506B74204E756D3A20256423000000B5
:10DEC80020000000236666666666662052637664F4
:10DED80020506B74204E756D3A20256423200A2348
:10DEE80066666666666620534E523A20256420644C
:10DEF8004223200A236666666666662052535349A3
:10DF08003A2025642064426D23200A2366666666EB
:10DF18006666205345523A202564202525230000B3
:10DF280023666630303030204D756C7469706C65CE
:10DF3800205472616E736D69747465727321230065
:10DF4800233030303030302053797374656D204978
:10DF58006E697469616C697A696E672E2E2E23006A
:10DF680023666630303030204C6F5261204465762D
:10DF7800696365204E6F7420466F756E642C20238C
:10DF8800202366663030303020506C656173652020
:10DF9800436865616B20596F7572204465766963C3
:10DFA800652123200D0A2330303030303020507264
:10DFB80065737320416E79204B657920546F204337
:10DFC8006F6E74696E75652E2E2E230023303030E7
:10DFD80030303020496E697469616C697A656420F3
:10DFE8005375636365737366756C6C792E23200DA6
:10DFF8000A2330303030303020507265737320413E
:10E008006E79204B657920546F20436F6E74696E6A
:10E0180075652E2E2E230000236666666630302036
:10E028005761697474696E672E2E2E2300000000F4
:10E0380023666630303030204C6F5261204465765C
:10E04800696365204E6F7420466F756E642C2023BB
:10E05800202366663030303020506C65617365204F
:10E06800436865616B20596F7572204465766963F2
:10E07800652123200D0A236666666666662050724F
:10E0880065737320416E79204B657920546F204366
:10E098006F6E74696E75652E2E2E230023666630AA
:10E0A8006630662053746F70230000002366663064
:10E0B800303030205472616E736D697474696E67A4
:10E0C800205465737420446174612E2E2E23000041
:10E0D8002366663030303020526563656976696E34
:10E0E80067205465737420446174612E2E2E2300BA
:10E0F80023666666666666205263766420506B7493
:10E10800204E756D3A2025642300000000000000B1
:10E1180000000000010203040607080900000000CF
:10E1280001020304A0860100400D0300801A0600C6
:10E1380000350C0040420F0080841E0000093D009D
:10E1480000127A000024F40000366E010048E8014D
:10E15800006CDC02040208000010101004101010FB
:10E1680002101010080000000000000041840008A0
:10E17800D983000800000000F586000882008200AC
:10E188004A0200004E6F0A646174610010181001A1
:10E19800020408010204080062696E002D2F0108BC
:10E1A800C92F01086130010800FF00000055AAFFCF
:10E1B80000112233445566778899AABBCCDDEEFF5F
:10E1C800000102030405060708090A0B0C0D0E0FCF
:10E1D800101112131415161718191A1B1C1D1E1FBF
:10E1E800202122232425262728292A2B2C2D2E2FAF
:10E1F800303132333435363738393A3B3C3D3E3F9F
:10E20800404142434445464748494A4B4C4D4E4F8E
:10E21800505152535455565758595A5B5C5D5E5F7E
:10E22800606162636465666768696A6B6C6D6E6F6E
:10E23800707172737475767778797A7B7C7D7E7F5E
:10E24800808182838485868788898A8B8C8D8E8F4E
:10E25800909192939495969798999A9B9C9D9E9F3E
:10E26800A0A1A2A3A4A5A6A7A8A9AAABACADAEAF2E
:10E27800B0B1B2B3B4B5B6B7B8B9BABBBCBDBEBF1E
:10E28800C0C1C2C3C4C5C6C7C8C9CACBCCCDCECF0E
:10E29800D0D1D2D3D4D5D6D7D8D9DADBDCDDDEDFFE
:10E2A800E0E1E2E3E4E5E6E7E8E9EAEBECEDEEEFEE
:10E2B800F0F1F2F3F4F5F6F7F8F9FAFBFCFDFEFFDE
:10E2C800808080818182828384858687898A8C8DFB
:10E2D8008F91939597999B9EA0A2A5A7AAADAFB23F
:10E2E800B5000000200000005F00010000000000F1
:10E2F8000000000000000200B0000000F3F760001A
:10E3080094370208000000003E0003002CE30108D7
:10E3180088250208ECE201082836020810000228C5
:10E32800442B00206FC6FC5FB4FA4FA3F93F92F864
:10E338002F71D60001949FE4F9BE01F8BE01F8AD33
:10E3480001F7AD00F7AD00F757008300007F000428
:10E35800F2000000AC0007F0000000CA0009D0007D
:10E368000DFFFFFFFFFFF80688FB888EC8840002B8
:10E37800F4000F70000003F2000F50000005F100D8
:10E388002F40000007F0004F20007FFFFFFFFFFF36
:10E39800E0388DD888CF8870000D9000AC00000060
:10E3A8000F7000CA0000001F5000E80000000005C0
:10E3B800F00000000005F00000000005F00000007B
:10E3C80007CFFFC81001DFFEFDFFD008FC15F006DF
:10E3D800600CF305F000000CF505F0000006FE7671
:10E3E800F00000008FFFF9400000027CFFFE4000B3
:10E3F8000005F4AFF2000005F009F7010005F0068A
:10E40800F80C9205F02DF40CFFEDFDFFA0004AEF8B
:10E41800FFC600000005F00000000005F000000045
:10E428000002700000009EE9000000DA0000AD4420
:10E43800DA00009E10001F4004F1004F400003F175
:10E44800001F301E9000002F3003F10AD00000009A
:10E45800CB11BB05F300000001CFFC11E81AFE70D8
:10E4680000001100AD0AD45F600000005F32F300C5
:10E478007E0000001F704F0004F000000BC004F085
:10E48800003F000006F2002F2006E00002F700001F
:10E49800BB23E60000CC000001AFE80000019DFDB1
:10E4A800700000000DF97BF70000004F9000DC00C1
:10E4B80000005F7000EC0000001FE11BF40000008A
:10E4C80005FDEF5000000004EFF3000000008FC7C7
:10E4D800FD20083007F9005FE21F800EE00005FE0E
:10E4E800AF300FD000004FFC000DF700005EFF308A
:10E4F80004FFEBBEFE6FF20029DFFC7003B00000E2
:10E508000000000000BEBEADADAD57000ED0007FCC
:10E518006000EF0003FA0008F5000BF2000EF000AF
:10E528000FE0000FD0001FC0000FD0000FE0000E5A
:10E53800F0000BF20008F50003FA0000EE00007F7F
:10E5480060000ED02FB000AF3003FA000EF0009F2D
:10E558004006F7003FA002FB001FC000FD001FC0DF
:10E5680002FB003FA006F7009F400EF003FA00AF41
:10E57800302FB00000099000260990625FCBBCF5EF
:10E5880002BFFB2007EFFE706F6996F60109901035
:10E598000006600000000000000000FA0000000013
:10E5A800FA00000000FA00000000FA0000AFFFFFC8
:10E5B800FFF46AAAFDAAA20000FA00000000FA000F
:10E5C800000000FA000006A10FF80AF705F209C0DA
:10E5D8000D709BBBB5DFFFF807B20FF80AE4000027
:10E5E800000750000004F7000000AF1000000FC043
:10E5F800000004F6000000AF1000000FC000000586
:10E60800F6000000AF1000000FB0000005F6000093
:10E6180000AF1000000FB0000005F6000000BF10AA
:10E6280000001FB0000006F5000000BF0000001F3A
:10E63800B0000006F500000000018DFEA3000002F6
:10E64800EFFDEFF60000DFA1006FF2006FC00000E1
:10E658007FB00BF4000000FF00EF1000000CF30F78
:10E66800F0000000AF50FF0000000AF50EF10000B6
:10E6780000CF30BF4000000FF006FC000007FB0091
:10E688000DFA1006FF20002EFFDFFF60000018DFE4
:10E69800EA3000DFFFF4ACCEF4000BF4000BF4001A
:10E6A8000BF4000BF4000BF4000BF4000BF4000B5C
:10E6B800F4000BF4000BF4000BF4000BF4006CEF07
:10E6C800EA3002DFFEDFFF505F910009FE00100014
:10E6D800000EF200000000DF200000002FD0000034
:10E6E800001DF50000001CF80000001DF8000000E7
:10E6F8001DF80000002EF70000002EF60000002E86
:10E70800FFCCCCCC94FFFFFFFFFC4FFFFFFFFF03C4
:10E71800CCCCCCEFD00000002FE20000001DF400AC
:10E7280000000CF600000009FA00000000FFFE805F
:10E7380000000668EFC000000000DF50000000087D
:10E74800F801000000AF77E610006FF27FFFEEFFE0
:10E75800F60028CFFEA30000000007FB0000000021
:10E76800003FD10000000001EF30000000000CF66F
:10E7780000000000008FA00000000004FD00010060
:10E7880000002EF2006F700000CF50006F7000097B
:10E79800F900006F70003FFFFFFFFFFFF22CCCCCA9
:10E7A800CCDFECC1000000007F7000000000007F9B
:10E7B8007000000000007F700000FFFFFFFF001FD7
:10E7C800FCCCCCC002FB000000004F90000000060B
:10E7D800F7000000007FECCA720009FFFFFFF70096
:10E7E8000000028FF4000000008FA000000004FC6D
:10E7F800020000006FA3F820005FF44FFFEDFFF95F
:10E808000017CEFEB50000005BEFEB60000BFFECDD
:10E81800DFB000AFB200011004FC000000000AF4F1
:10E82800000000000EF06CFFC6000FFAFDBCFFA050
:10E838000FFF60002EF50FFA000005FA0CF7000034
:10E8480003FC07FA000005FA01EF60002EF4004F00
:10E85800FEBCFF8000019DFEB4006FFFFFFFFFF2CA
:10E868006FECCCCCDFF16F8000006FA06F800000F0
:10E87800DF3014200004FC000000000CF50000004C
:10E88800003FD000000000AF6000000002FE000062
:10E89800000009F8000000001FF1000000007F9050
:10E8A80000000000EF2000000006FB00000000064A
:10E8B800CEFEB50000CFFCACFFB006FC10002DF476
:10E8C80009F6000008F706FB00001DF400AFEA9AFD
:10E8D800FF80005EFFFFFE4006FE61027FF40EF33C
:10E8E800000005FC1FE0000000FF0FF1000003FE20
:10E8F8000AFB10002DF801DFFCBCFFC00007CEFEAC
:10E90800B600003AEFEB400006FFDACFF8001FF43C
:10E918000001CF505F9000002FD06F9000003FF1B2
:10E928002FF40001CFF408FFDABFECF5004BEFD964
:10E938001AF4000000000DF3000000001FF00000B2
:10E948000000AF900040001AFE1006FEDDFFE30055
:10E9580003ADFEC710000AE40FF807B2000000007C
:10E9680000000000000007B20FF80AE40AE40FF8FC
:10E9780007B20000000000000000000006A10FF828
:10E988000AF705F209C00D700000000063000002DC
:10E998009FF40005CFFB4028EFE81000AFC400004B
:10E9A800008FFA400000029EFD710000006CFFB26B
:10E9B80000000039F40000000001AFFFFFFFF46A17
:10E9C800AAAAAAA20000000000000000000000009F
:10E9D800000000AFFFFFFFF46AAAAAAAA263000022
:10E9E8000000AFD610000017DFF930000003AFFCBD
:10E9F800600000016EF4000006CFF30039FFD60076
:10EA08005DFFA30000AD71000000200000000000C1
:10EA18007CEFDA3002EFFCCEFF606F800008FE006A
:10EA28001000000FF100000001FE00000000BF60B0
:10EA3800000001CF80000000CF800000004FC00020
:10EA480000000374000000000000000000029300B2
:10EA5800000000AFC000000006F8000000000049F8
:10EA6800DFFEC930000000002DFD97679EFB1000F7
:10EA78000005FD300000004DE300003FA000588570
:10EA88000394BE1000EC002DFFFFD7F51DB006F370
:10EA980001EF7104DFF505F20BD008F700001EF551
:10EAA80000E70E900CF0000008F500CA0F700EE0A9
:10EAB800000006F500AB0F700DF0000006F500BA77
:10EAC8000E900AF300000BF500D80BD003FD1000E0
:10EAD8007FF703F406F3007FFA9DF7FEAEC000EC63
:10EAE8000004CFFB405EFA10003FA00000000000C9
:10EAF80000000005FD3000000000000000003DFDA2
:10EB08009768AF7000000000005ADFFDB7100000E2
:10EB18000000000EF80000000000005FFE0000008A
:10EB2800000000DFAF600000000004FA1FD0000002
:10EB380000000BF30AF5000000002FC003FC0000E2
:10EB48000000AF5000CF30000001FE00005FB000B1
:10EB58000008F700000EF200000EFFFFFFFFF900AB
:10EB6800006FDAAAAAAAFF1000DF300000009F8019
:10EB780005FB000000002FE00CF4000000000AF67E
:10EB8800EFFFFFFEB5000EFBAAABDFFA00EF1000A7
:10EB9800004FF30EF1000000AF60EF1000000CF41E
:10EBA8000EF1000029FC00EFFFFFFFFD100EFBAA8D
:10EBB800AACEFD10EF10000008FB0EF10000000FB8
:10EBC800F0EF10000000FF1EF10000008FE0EFBA28
:10EBD800AAABEFF40EFFFFFFFD9200000017CEFE78
:10EBE800B5000005EFFFDEFFC1005FF920003BF52F
:10EBF80002FF600000003008F900000000000DF37B
:10EC080000000000000FF000000000000FF00000FE
:10EC18000000000DF3000000000008F900000000EB
:10EC28000002FF6000000030005FFA30003BF50092
:10EC380005EFFFDFFFC1000017CEFEB500EFFFFFB5
:10EC4800FDA40000EFDCCCDFFFB100EF1000005D99
:10EC5800FD00EF10000000CFA0EF100000001FF132
:10EC6800EF100000000AF6EF1000000008F8EF109F
:10EC780000000007F8EF100000000AF6EF1000008F
:10EC8800001FF1EF10000000BFA0EF1000005DFDB5
:10EC980010EFCCCCDFFFB100EFFFFFFDA40000EFC9
:10ECA800FFFFFFFF0EFDCCCCCCC0EF100000000E24
:10ECB800F100000000EF100000000EF1000000005D
:10ECC800EFFFFFFFF20EFCCCCCCC10EF10000000E1
:10ECD8000EF100000000EF100000000EF10000002F
:10ECE80000EFCCCCCCCC3EFFFFFFFFF4EFFFFFFFE3
:10ECF800FFEFDCCCCCCCEF10000000EF10000000E0
:10ED0800EF10000000EF10000000EFCCCCCCC1EFFA
:10ED1800FFFFFFF2EF10000000EF10000000EF10FF
:10ED2800000000EF10000000EF10000000EF1000DE
:10ED38000000000016CEFEB6000005EFFFDEFFD291
:10ED4800005FF9200029F702FF600000002008F9A1
:10ED580000000000000DF300000000000FF00000AC
:10ED68000000110FF000000003FB0DF3000000038A
:10ED7800FB08FA00000003FB01FF60000003FB0032
:10ED88005FFA30002AFB0004EFFFDFFFE400001702
:10ED9800CEFEB600EF10000000DF2EF10000000DDF
:10EDA800F2EF10000000DF2EF10000000DF2EF106E
:10EDB800000000DF2EF10000000DF2EFFFFFFFFF63
:10EDC800FF2EFDCCCCCCCFF2EF10000000DF2EF1EF
:10EDD8000000000DF2EF10000000DF2EF10000002F
:10EDE8000DF2EF10000000DF2EF10000000DF2EF31
:10EDF8001EF1EF1EF1EF1EF1EF1EF1EF1EF1EF1EF7
:10EE0800F1EF1EF100CFFFFFF4009CCCCFF400001F
:10EE1800000BF40000000BF40000000BF4000000ED
:10EE28000BF40000000BF40000000BF40000000BD2
:10EE3800F40000000BF40100000DF20CC2006FE0BA
:10EE48000AFFDEFF60006CFFC500EF1000000BF842
:10EE58000EF100000BF800EF10000BF9000EF100A6
:10EE68000BFA0000EF100AFB00000EF10AFB00008D
:10EE780000EF19FF3000000EFAFEFE100000EFFD53
:10EE88001AFC00000EFD100CFA0000EF20001EF71F
:10EE9800000EF100002FF400EF1000004FF20EF109
:10EEA8000000006FD1EF10000000EF10000000EF2D
:10EEB80010000000EF10000000EF10000000EF103D
:10EEC800000000EF10000000EF10000000EF10003D
:10EED8000000EF10000000EF10000000EF1000002D
:10EEE80000EFCCCCCCC8EFFFFFFFFBEF1000000019
:10EEF800000EFEF90000000008FFEFF3000000021A
:10EF0800FFFEFFC0000000BFFFEF9F6000004FAF93
:10EF1800FEF1EE10000DF1FFEF06F90007F70EFE07
:10EF2800F00CF301FD00EFEF003FC0AF400EFEF024
:10EF3800009F9FA000EFEF0001EFF1000EFEF00030
:10EF480006F70000EFEF00000400000EFEF00000DE
:10EF5800000000EFEF20000000DF2EFD1000000D84
:10EF6800F2EFFB000000DF2EFEF800000DF2EF4F7D
:10EF7800F50000DF2EF15FF3000DF2EF108FE100D6
:10EF8800DF2EF100BFC00DF2EF1001DF90DF2EF190
:10EF98000002FF6DF2EF100005FFFF2EF1000008E0
:10EFA800FFF2EF1000000BFF2EF10000000DF20041
:10EFB8000016CEFEB500000004EFFEDFFFD3000010
:10EFC8005FF920003BFF2001FF600000009FD00890
:10EFD800F9000000000DF50DF30000000006FA0F1F
:10EFE800F00000000003FC0FF00000000003FC0D1F
:10EFF800F30000000006FA08F9000000000DF50112
:10F00800FF600000009FD0005FFA20003BFF200057
:10F0180004EFFFDFFFD300000017CEFEB50000EFBE
:10F02800FFFFEC7000EFDCCDEFFD20EF100002BF1A
:10F03800C0EF1000000EF3EF1000000AF5EF10000B
:10F04800000BF5EF1000002FF2EF100015DFA0EF16
:10F05800FFFFFFFB00EFCCCCB94000EF1000000031
:10F0680000EF1000000000EF1000000000EF10009B
:10F07800000000000016CEFEB5000000004EFFFDA7
:10F08800FFFD3000005FFA20004BFF20001FF60054
:10F09800000009FD0008FA000000000DF500DF304F
:10F0A800000000006FA00FF00000000003FC00FF4C
:10F0B80000000000003FC00DF20000000006FA004A
:10F0C8009F9000000000CF5002FF500000008FD03A
:10F0D8000006FF920003BFF3000006FFFECEFFE329
:10F0E800000000028DFFFD600000000000009FE2AC
:10F0F800001A10000000008FFBBFF30000000000A2
:10F108004BEFB300EFFFFFEC7000EFDCCDEFFD201D
:10F11800EF100002BFC0EF1000000EF3EF10000068
:10F128000AF5EF1000000BF5EF1000002FF2EF10BA
:10F138000015DFA0EFFFFFFFFA00EFCCCBDF900058
:10F14800EF10001EF200EF100004FD00EF100000A9
:10F158009F90EF1000000DF40006CEFEC71000CF00
:10F16800FDCDFFD008FC200017600CF30000000064
:10F178000CF40000000006FF71000000007FFFD9BA
:10F18800400000016AEFFE4000000003AFF20000FB
:10F19800000008F70100000007F80DB300003EF476
:10F1A8000AFFFCCEFF900039DFFEA400EFFFFFFF4F
:10F1B800FFFABCCCDFFCCCC800002FD00000000058
:10F1C8002FD0000000002FD0000000002FD000003A
:10F1D80000002FD0000000002FD0000000002FD02A
:10F1E800000000002FD0000000002FD00000000019
:10F1F8002FD0000000002FD0000000002FD000000A
:10F208000FF00000002FD0FF00000002FD0FF000FB
:10F2180000002FD0FF00000002FD0FF00000002FBB
:10F22800D0FF00000002FD0FF00000002FD0FF000B
:10F23800000002FC0FF00000002FC0DF30000005C6
:10F24800FA09F9000000CF602FF80001AFE0005F75
:10F25800FFDEFFE3000029DFFD81000CF500000060
:10F26800000EF105FC000000006F9000EF30000078
:10F2780000DF20007FA0000004FB00001FF2000058
:10F288000BF4000009F800002FD0000002FF000076
:10F298009F60000000BF6001FE000000004FD00723
:10F2A800F8000000000DF40EF10000000006FB5FFE
:10F2B800A00000000000EFEF3000000000008FFC0D
:10F2C8000000000000001FF50000003FD000000013
:10F2D800CF60000002FB0DF3000001FFC000000832
:10F2E800F508F8000007FFF100000DF103FD00002C
:10F2F8000CF8F700003FB000DF30002FB2FC000030
:10F308008F50008F80007F50CF1000DF00003FD06B
:10F3180000DF007F7003FB00000DF302FA002FC02E
:10F3280008F5000008F808F5000CF20EF0000003DC
:10F33800FD0DF00007F73FB0000000DF6FA00001EF
:10F34800FC8F500000008FFF400000CFEF0000004E
:10F35800003FFF0000006FFB000000000DF90000F7
:10F36800001FF500001FF3000000BF7005FE10002D
:10F3780006FB00009FA0002FE100000DF600DF4013
:10F38800000003FF29F8000000007FEFC000000024
:10F39800000BFF20000000001EFF7000000000BFEF
:10F3A8009FF300000007FC05FD0000003FF200AFDE
:10F3B800A00000DF50000DF5000AFA000003FF204E
:10F3C8005FD00000007FC00CF500000004FB002F98
:10F3D800E1000000DF20008F9000007F700000EF48
:10F3E80030002FD0000005FC000BF40000000BF6E5
:10F3F80005FA000000002FE1EF10000000008FEF79
:10F40800700000000000DFD0000000000008F700D6
:10F4180000000000008F70000000000008F70000E6
:10F42800000000008F70000000000008F7000000D6
:10F438000FFFFFFFFFFF40CCCCCCCCEFF200000069
:10F44800001DF6000000000BF90000000008FC0099
:10F4580000000005FE1000000003FF30000000015E
:10F46800EF5000000000CF80000000009FB00000B7
:10F4780000006FD1000000004FF2000000001EFEE7
:10F48800CCCCCCCC72FFFFFFFFFFF9EFFF4EFAA206
:10F49800EF000EF000EF000EF000EF000EF000EFAE
:10F4A800000EF000EF000EF000EF000EF000EF008D
:10F4B8000EF000EF000EFAA2EFFF40570000000622
:10F4C800F50000001FA0000000CF00000006F500B6
:10F4D80000001FA0000000BF00000006F5000000AB
:10F4E8001FB0000000BF00000006F50000001FB0BC
:10F4F800000000BF10000005F60000000FB000007B
:10F5080000AF10000005F60000000FB0000000AFCB
:10F5180010000005F6AFFF96ACF9005F9005F90002
:10F528005F9005F9005F9005F9005F9005F9005FAD
:10F538009005F9005F9005F9005F9005F9005F9666
:10F54800ACF9AFFF9000007500000005FF10000047
:10F558000CBF7000003F49D000009D03F40001F784
:10F5680000CB0007F1006F200DA0000F804F300086
:10F5780009E00000000000FFFFFFFFFF33333333D3
:10F588003327700005FC10002DD105BEFEB4007FA6
:10F59800FDBDFF502A10007FE00000000DF20001C1
:10F5A800111CF308EFFFFFF39FC6444CF3FF000064
:10F5B8000BF3EF10003FF38FD769FEF306CFFC592A
:10F5C800F33FB0000000003FB0000000003FB00073
:10F5D8000000003FB0000000003FB19EFD92003FD8
:10F5E800DEFDCEFE403FFE30008FE13FF300000A13
:10F5F800F73FD0000004FA3FB0000002FC3FD00003
:10F608000004FA3FF300000AF73FFE30008FE13FA5
:10F61800CEFDCEFF403FA19EFE92000003AEFE91BC
:10F628000007FFDCEFE204FE40007F60CF400000EF
:10F63800100FE000000002FC000000000FE00000D6
:10F648000000CF4000001004FE40007F6007FFDC90
:10F65800EFE20003AEFE91000000000001FD000093
:10F66800000001FD0000000001FD0000000001FD98
:10F678000004BEFC61FD008FFDCEFBFD05FE4000D1
:10F688007FFD0CF5000009FD0FE0000003FD2FC011
:10F69800000001FD0FE0000003FD0CF4000008FD70
:10F6A80005FE20005FFD008FFBADFBFD0004BEFDE5
:10F6B80070FD0004BEFC6000008FFCBEFC0005FD70
:10F6C8002000AF800CF300000DF00FE1111119F4C8
:10F6D8002FFFFFFFFFF60FE4444444410CF3000002
:10F6E800000004FE40002B20007FFECDFF600003D9
:10F6F800AEFEA3000006DFD6006FEAC600CF2000EA
:10F7080000EF0000BFFFFFF17AFFAAA000EF0000A2
:10F7180000EF000000EF000000EF000000EF000025
:10F7280000EF000000EF000000EF000000EF000015
:10F738000004BEFD70DF008FFDCEFCEF05FE40002B
:10F748005FFF0CF4000006FF0FE0000000FF2FC071
:10F75800000000FF0FE0000001FF0CF5000007FFAC
:10F7680005FE40005FFF008FFDBEFCFF0004BEFDEC
:10F7780071FE0000000003FB01A400002DF504FF4A
:10F78800FCBDFFA00028CEFEB5003FB0000000037E
:10F79800FB000000003FB000000003FB0000000079
:10F7A8003FB19EFE9103FDEFDDFFD03FFD2002DF5C
:10F7B80073FF200004FC3FD000001FD3FB000000B3
:10F7C800FE3FB000000FE3FB000000FE3FB000006A
:10F7D8000FE3FB000000FE3FB000000FE03EB07FEB
:10F7E800F0084000003FB03FB03FB03FB03FB03FEF
:10F7F800B03FB03FB03FB03FB03FB00002EC0000B8
:10F808005FF1000075000000000001FD00001FD03E
:10F818000001FD00001FD00001FD00001FD0000105
:10F82800FD00001FD00001FD00001FD00001FD00F9
:10F83800001FD00005FA07DBFF407EFD50003FB0F7
:10F84800000000003FB0000000003FB000000000D2
:10F858003FB0000000003FB00002DF503FB0002E74
:10F86800F6003FB003EF60003FB03FF600003FB442
:10F87800FF9000003FEFFFF200003FFF59FD00003E
:10F888003FF400CF90003FB0001EF6003FB00004E8
:10F89800FF203FB000007FD03FB3FB3FB3FB3FB337
:10F8A800FB3FB3FB3FB3FB3FB3FB3FB3FB3FB03F73
:10F8B800A3AEFD7005CFFC5003FDFEBCFFAAFEBC45
:10F8C800FF703FFB1003FFF90004FF13FF1000094E
:10F8D800FE00000BF43FD000006FB000008F63FB08
:10F8E800000005F9000008F63FB000005F90000036
:10F8F8008F63FB000005F9000008F63FB000005FC9
:10F908009000008F63FB000005F9000008F63FB087
:10F9180000005F9000008F603FA2AEFE9103FDFFE4
:10F92800CBEFD03FFC1001CF73FF200004FC3FD089
:10F9380000001FD3FB000000FE3FB000000FE3FBF8
:10F94800000000FE3FB000000FE3FB000000FE3F98
:10F95800B000000FE00003AEFD9100007FFDCEFE79
:10F968003005FE40007FE10CF4000009F70FE000CD
:10F978000003FB2FC0000001FD0FE0000003FB0C9B
:10F98800F4000009F704FE40007FE1007FFDCEFE91
:10F99800300003AEFD91003FA29EFD92003FCEFBDA
:10F9A800ADFE403FFD20006FE13FF3000009F73F47
:10F9B800D0000004FA3FB0000002FC3FD000000471
:10F9C800FA3FF300000AF73FFE30008FE13FDEFD0B
:10F9D800CEFF403FB19EFE92003FB0000000003FC6
:10F9E800B0000000003FB0000000003FB000000081
:10F9F800000004BEFC60FD008FFDCEFAFD05FE4050
:10FA0800007FFD0CF4000009FD0FE0000003FD2F4E
:10FA1800C0000001FD0FE0000003FD0CF400000928
:10FA2800FD05FE40007FFD008FFDCEFBFD0004BEFE
:10FA3800FC61FD0000000001FD0000000001FD0068
:10FA480000000001FD0000000001FD3FA19E83FCB5
:10FA5800EFF73FFE4003FF40003FE00003FC0000DB
:10FA68003FB00003FB00003FB00003FB00003FB0C5
:10FA78000000005CEFEA5009FFCBDFD01FE1000275
:10FA8800302FD00000000DFC63000002CFFFFB30D8
:10FA9800000147BFF200000009F60930000BF55FCE
:10FAA800FEBBEFC005AEFEC7000078000000EF0007
:10FAB8000000EF0000BFFFFFF17AFFAAA000EF00EF
:10FAC8000000EF000000EF000000EF000000EF0072
:10FAD8000000EF000000CF4000006FFBD70007DFF9
:10FAE800D54FA000003FB4FA000003FB4FA0000070
:10FAF8003FB4FA000003FB4FA000003FB4FA000037
:10FB080003FB4FB000005FB2FD000009FB0DF700DA
:10FB180005FFB04FFDADFCFB003BEFD72FB00DF25A
:10FB2800000000EF006F9000005F9000FF00000BE6
:10FB3800F20009F60002FB00002FC0009F40000001
:10FB4800BF300FD0000004FA06F70000000DF1DF07
:10FB5800100000007FBF9000000001FFF3000000CC
:10FB68000009FC000000BF100000EF000001FA5F70
:10FB7800700005FF600006F50FD0000BFFB0000C09
:10FB8800E00AF2001FABF1001F9004F8006F55F770
:10FB9800007F3000ED00CE00EC00DE00008F32F96F
:10FBA800009F23F800003F98F3003F88F200000D03
:10FBB800EED0000DDEC0000007FF700007FF7000E8
:10FBC8000001FF100002FF10002FE10000DF306F7E
:10FBD800B000AF6000AF706FA00000DF5FD1000021
:10FBE80003FFF30000000BFB00000006FFF6000017
:10FBF80002FE2EF20000DF403FD0009F80008FA061
:10FC08005FC00000CF600DF2000000EF006F9000B1
:10FC1800005F8000EF00000BF20008F70002FB0015
:10FC2800001FD0009F400000AF400FD0000003FB32
:10FC380006F60000000DF2DF000000006FCF800024
:10FC4800000000EFF20000000008FB0000000000C8
:10FC5800AF40000003003FC0000002FDBFF30000FA
:10FC68000008EFC4000000001FFFFFFFF80AAAAA5F
:10FC7800AFF50000009F90000006FC0000003FE187
:10FC8800000001DF4000000BF70000007FB000001B
:10FC980004FD1000001EFCAAAAA63FFFFFFFFB0000
:10FCA8003CFA00EFC603FC0004FA0004FA0004FA68
:10FCB8000004FA0005FA008EF600DFE20007F900FA
:10FCC80004FA0004FA0004FA0004FA0004FA000234
:10FCD800FD0000EFC6003CFAEEEEEEEEEEEEEEEEC4
:10FCE800EEEEEEEEEEEEEEEEEEEEEEAFC3006CFEF6
:10FCF8000000CF3000AF4000AF4000AF4000AF4041
:10FD0800009F50005FE8002EFD009F70009F40009C
:10FD1800AF4000AF4000AF4000AF4000CF306CFEB6
:10FD280000AFC30009EE6000D67FABFB26F3B90035
:10FD38005EFF903100003200006DEA1007E53BC01D
:10FD48000E4000E41F0000B70F3000D508C208E0DD
:10FD5800009FFC200000100009A28FFC9FFD2DE5EC
:10FD6800000000000000000000310000000000005A
:10FD78000015AEFD0000000000027CFFFFFF000040
:10FD8800000049EFFFFFFFFF000004BFFFFFFFFF78
:10FD9800FFFF00000FFFFFFFFFFFFFFF00000FFF47
:10FDA800FFFFFFFB69FF00000FFFFFFE950008FF44
:10FDB80000000FFFC730000008FF00000FF8000028
:10FDC800000008FF00000FF80000000008FF000016
:10FDD8000FF80000000008FF00000FF80000000006
:10FDE80008FF00000FF80000017BBDFF00000FF8BE
:10FDF80000001EFFFFFF00133FF800007FFFFFFF1A
:10FE08002BFFFFF800004FFFFFFCDFFFFFF80000AB
:10FE180006EFFFA1FFFFFFF70000000220007FFFB1
:10FE2800FFD1000000000000028AA60000000000C8
:10FE38000000C403FFFFFFFFFFFF404CFDCDFFEEB6
:10FE4800EEEEEEFFDCDFFA8AFA00000000AFB8AF92
:10FE5800F403FA000000009F404FF404FA00000089
:10FE6800009F504FFFFFFA000000009FFFFFF74779
:10FE7800FD77777777DF847FF403FFFFFFFFFFFFCE
:10FE8800404FF747FD77777777DF847FFFFFFA00EA
:10FE98000000009FFFFFF404FA000000009F504F8D
:10FEA800F403FA000000009F404FFA8AFA000000AD
:10FEB80000AFB8AFFDCDFFEEEEEEEEFFDCDFC40322
:10FEC800FFFFFFFFFFFF404C0000000000000000A4
:10FED8000000DFFFFA0CFFFFFFFFFFFDFFFFFD0E35
:10FEE800FFFFFFFFFFFFFFFFFD0EFFFFFFFFFFFF0D
:10FEF800FFFFFD0EFFFFFFFFFFFFCFFFF90AFFFF28
:10FF0800FFFFFFFC00000000000000000000CFFF22
:10FF1800F90BFFFFFFFFFFFCFFFFFD0EFFFFFFFFD9
:10FF2800FFFFFFFFFD0EFFFFFFFFFFFFFFFFFD0EBF
:10FF3800FFFFFFFFFFFFCFFFFA0BFFFFFFFFFFFCF5
:10FF480000000000000000000000CFFFF90AFFFFDA
:10FF5800FFFFFFFBFFFFFD0EFFFFFFFFFFFFFFFFA0
:10FF6800FD0EFFFFFFFFFFFFFFFFFD0EFFFFFFFF7F
:10FF7800FFFFDFFFFA0CFFFFFFFFFFFD000000009F
:10FF880000000000000000000000000000004E60BB
:10FF98000000000000000004FFF70000000000005F
:10FFA800004FFFFF00000000000004FFFFF6000004
:10FFB800000000004FFFFF6006E400000004FFFFA0
:10FFC800F6007FFF4000004FFFFF6000FFFFF400D6
:10FFD80004FFFFF600006FFFFF404FFFFF600000C7
:10FFE80006FFFFF8FFFFF5000000006FFFFFFFFFAF
:08FFF800500000000005FFFFAE
:020000040802F0
:10000000FFF50000000000005FFFFF50000000004F
:10001000000005FFF500000000000000005E500039
:1000200000000000067000000018408FFB00000177
:10003000DFF4FFFFB0001DFFFB7FFFFB01DFFFF4DC
:1000400008FFFFBDFFFF40008FFFFFFFF400000827
:10005000FFFFFF40000001EFFFFC0000001DFFFF5D
:10006000FFB00001DFFFFFFFFB001DFFFF48FFFFA8
:10007000B0CFFFF4008FFFF9DFFF400008FFF92E3B
:10008000F40000008FC0001000000001000000001C
:100090000026500000000000000000DFF300000018
:1000A0000000006400DFF400720000000BFE10DFAF
:1000B000F409FE300000AFFF50DFF40EFFE1000551
:1000C000FFFB00DFF405FFFB000DFFB000DFF400D5
:1000D0005FFF404FFF2000DFF4000BFFA08FFB000D
:1000E00000DFF40004FFF0BFF70000DFF40001FFC1
:1000F000F1BFF60000DFF40000FFF2BFF700008D53
:10010000C10000FFF18FFA000000000004FFF04F73
:10011000FF10000000000AFFB00EFFB0000000005A
:100120004FFF5006FFF900000004FFFC0000AFFF86
:10013000D510039FFFF200000BFFFFFFFFFFFF4002
:100140000000008FFFFFFFFFD200000000029EFFB3
:10015000FFB60000000000000012100000000000C8
:1001600000000002200000000000000006FFFF6009
:1001700000000000000008FFFF80000000000100F8
:100180002BFFFFB2001000008F87FFFFFFFF79F801
:100190000004FFFFFFFFFFFFFFFF400CFFFFFFFF1B
:1001A000FFFFFFFFC02FFFFFFFC77CFFFFFFF2072E
:1001B000FFFFFA0000AFFFFF70006FFFF100001FAC
:1001C000FFF600007FFFE000000EFFF700006FFF6A
:1001D000F100001FFFF60007FFFFFA0000AFFFFF6E
:1001E000702FFFFFFFC77CFFFFFFF20CFFFFFFFF39
:1001F000FFFFFFFFC004FFFFFFFFFFFFFFFF400007
:100200008F97FFFFFFFF78F8000001001BFFFFB191
:1002100000100000000008FFFF8000000000000048
:1002200006FFFF6000000000000000022000000048
:1002300000000000000046100067600000000000A1
:10024000009FFE200FFF000000000001BFFFFF51D4
:10025000FFF10000000002DFFC8FFF8FFF100000A5
:100260000004FFFA004EFFFFF100000007FFF7084F
:10027000D32DFFFF1000000AFFF51BFFF50BFFF465
:1002800000001CFFE22DFFFFF708FFF6003EFFC154
:100290004EFFFFFFFA05FFF90EFF906FFFFFFFFF14
:1002A000FC13EFF64F709FFFFFFFFFFFFE31CC0006
:1002B000003FFFFFFFFFFFFFFB00000004FFFFFF09
:1002C000FFFFFFFFC00000004FFFFF8001EFFFFCBA
:1002D00000000004FFFFF6000EFFFFC00000004F0B
:1002E000FFFF6000EFFFFC00000004FFFFF6000EC0
:1002F000FFFFC00000002FFFFF4000CFFFFA00000B
:1003000000000000000000000000000000000000ED
:1003100056650000000000000007FFFF70000000AD
:1003200000000008FFFF8000000000000008FFFF41
:100330008000000000000008FFFF800000000000B7
:100340000008FFFF8000000000000008FFFF8000A1
:10035000000000000008FFFF800000000007EEEF33
:10036000FFFFFEEE70000005FFFFFFFFFFFF5000E4
:1003700000006FFFFFFFFFF50000000005FFFFFF1B
:10038000FF5000000000005FFFFFF50000000000CC
:100390000005FFFF500000007AAAAA914FF419AAA5
:1003A000AAA7FFFFFFFD2332DFFFFFFFFFFFFFFFD5
:1003B000F99FFFFFFFFFFFFFFFFFFFFFFFFFFFFFB3
:1003C000FFFFFFFFFFFFFB0F48FFFFFFFFFFFFFFE8
:1003D000FFEFEFFF144444444444444444410000CC
:1003E0003DFFFFFFFFFFF9000000001EFFFFFFFFC2
:1003F000FFFFF80000000AFF9888888888DFF30074
:100400000005FFA00000000002FFD00001EFE100A6
:100410000000000007FF8000AFF5000000000000B2
:100420000DFF205FFA000000000000003FFC0DFF00
:100430009888700000038888DFF5FFFFFFFF5000F9
:1004400000CFFFFFFF7FFFFFFFFC00005FFFFFFF0C
:10045000F8FFFFFFFFFFFFFFFFFFFFFF8FFFFFFF23
:10046000FFFFFFFFFFFFFFF8FFFFFFFFFFFFFFFFA3
:10047000FFFFFF8EFFFFFFFFFFFFFFFFFFFFF65EA7
:10048000FFFFFFFFFFFFFFFFFFFB00000000000179
:1004900010000007BA0000017CFFFFB5000BFF0051
:1004A000007FFFFFFFFFE50BFF000AFFFFDBBEFF42
:1004B000FF9AFF00AFFFA200003BFFFFFF05FFF622
:1004C000000000005FFFFF0DFF60000007BA9CFF07
:1004D000FF3FFC0000000CFFFFFFFF7FF600000065
:1004E0000BFFFFFFFF000000000000000000000005
:1004F00000000000000000000000000000000000FC
:10050000000000FFFFFFFFB00000006FF6FFFFFFDD
:10051000FFC0000000CFF3FFFFC9AA70000007FF73
:10052000D0FFFFF5000000006FFF50FFFFFFB3009A
:10053000003BFFF900FFA9FFFFEBBDFFFFA000FF9D
:10054000B05DFFFFFFFFF70000FFB0005BFFFFC8DB
:10055000100000AB7000000110000000000000005F
:10056000000100000002EE0000002EFF000002EF7C
:10057000FF47777EFFFFFFFFFFFFFFFFFFFFFFFF4C
:10058000FFFFFFFFFFFFFFFFFFFFFFFFFFFFFFFF7B
:10059000FFFFFFFFDFFFFFFFFF000009FFFF00007D
:1005A000009FFF00000009FF00000000890000001C
:1005B00000890000000000009FF000000000009F84
:1005C000FF00000000009FFFF00000DFFFFFFFFFC3
:1005D00000730FFFFFFFFFF01FF4FFFFFFFFFF009F
:1005E0005FCFFFFFFFFFF000FFFFFFFFFFFF004FA8
:1005F000DFFFFFFFFFF01FF5FFFFFFFFFF00850498
:100600007777EFFFF00000000002EFFF000000002E
:100610000002EFF0000000000002EE000000000009
:10062000000110000000000000000000007B20001E
:10063000000000000010000009FE30000000000271
:10064000EE00000009FF2000000002EFF00008703B
:1006500008FD00000002EFFF0000EFB00CF6047789
:1006600077EFFFF00002DF803FD0FFFFFFFFFF00CA
:100670007401FF10CF3FFFFFFFFFF01FF408F707E3
:10068000F6FFFFFFFFFF005FC03FA04F9FFFFFFF90
:10069000FFF000FF02FB04F9FFFFFFFFFF005FC058
:1006A0003FA05F9FFFFFFFFFF01FF408F707F6DF93
:1006B000FFFFFFFF007402FF10CF3000009FFFF02C
:1006C0000002EF803FD00000009FFF0000EFB00C61
:1006D000F6000000009FF000087008FD0000000018
:1006E000008900000008FF2000000000000000005A
:1006F00009FF300000000000000000007B20000027
:100700005EFFFFFFFFFFFFFFFFE5EFFFFFFFFFFFC4
:10071000FFFFFFFEFFF638FFFFFFFFFFFFFFFF6059
:1007200000AFFFFFFFFFFFFFFF30007FFFFFFBEF8A
:10073000FFFFFF8000CFFFFF903EFFFFFFFA7CFF2F
:10074000FFF90003EFFFFFFFFCFFFF9000003EFFFB
:10075000FFFF906FF900000008FFFFF9000690000E
:10076000000008FFFFB000000000000008FFFF804D
:1007700000000000000008FFFFC88888888888887B
:100780008CFFEFFFFFFFFFFFFFFFFFFE5EFFFFFF9E
:10079000FFFFFFFFFFE50000004200000000000334
:1007A000FF10000000000AFF60000000001FFFC0F3
:1007B000000000008FFFF400000001FFFFFC0000BC
:1007C000000AFFFFFF6000004FFFFFFFF20001EF94
:1007D000FFFFFFFC000BFFFFFFFFFF703FFFFFFF6E
:1007E000FFFFF1AFFFFFFFFFFFF6EFFFFFFFFFFF90
:1007F000FAFFA6FFFFFFFFFBEF91FFFFFFFFFABF2E
:10080000E09FFFFFFFF75FF907CFFFFFF20CFFB399
:1008100009FFFF8001DFFFFFFFFA000009FFFFFF74
:100820007000000015774000004760000000161BB4
:10083000FF1000002DFBBFF100002EFFCBFF1000CA
:100840003EFFFCBFF1004FFFFFCBFF105FFFFFFC3F
:10085000BFF16FFFFFFFCBFF9FFFFFFFFCBFFFFF5D
:10086000FFFFFFCBFFFFFFFFFFFCBFFFFFFFFFFF0F
:10087000CBFF4EFFFFFFFCBFF12DFFFFFFCBFF10B3
:100880001CFFFFFCBFF1000CFFFFCBFF10000BFFB4
:10089000FCBFF100000AFFCAFF10000008F70000CB
:1008A0000000000000065000000000000000BFFD36
:1008B00030000000000000FFFFFA10000000000000
:1008C000FFFFFFF70000000000FFFFFFFFD4000064
:1008D0000000FFFFFFFFFFB2000000FFFFFFFFFF70
:1008E000FF800000FFFFFFFFFFFFFE5000FFFFFF44
:1008F000FFFFFFFFFB20FFFFFFFFFFFFFFFFF2FFF8
:10090000FFFFFFFFFFFFFFF6FFFFFFFFFFFFFFFF00
:10091000F2FFFFFFFFFFFFFFFB20FFFFFFFFFFFFD7
:10092000FD5000FFFFFFFFFFFF800000FFFFFFFF04
:10093000FFA2000000FFFFFFFFD400000000FFFF48
:10094000FFF70000000000FFFFFA100000000000A9
:10095000BFFD300000000000000650000000000055
:100960000000067777300006777730BFFFFFF3008F
:10097000BFFFFFF3FFFFFFF700FFFFFFF7FFFFFFE2
:10098000F800FFFFFFF8FFFFFFF800FFFFFFF8FF91
:10099000FFFFF800FFFFFFF8FFFFFFF800FFFFFF7A
:1009A000F8FFFFFFF800FFFFFFF8FFFFFFF800FF71
:1009B000FFFFF8FFFFFFF800FFFFFFF8FFFFFFF862
:1009C00000FFFFFFF8FFFFFFF800FFFFFFF8FFFF4A
:1009D000FFF800FFFFFFF8FFFFFFF800FFFFFFF841
:1009E000FFFFFFF800FFFFFFF8FFFFFFF800FFFF2A
:1009F000FFF8EFFFFFF600EFFFFFF66FFFFFC1000C
:100A00006FFFFFC1000000000000000000057777C5
:100A1000777777777730BFFFFFFFFFFFFFFFF3FFA9
:100A2000FFFFFFFFFFFFFFF7FFFFFFFFFFFFFFFFDE
:100A3000F8FFFFFFFFFFFFFFFFF8FFFFFFFFFFFFD4
:100A4000FFFFF8FFFFFFFFFFFFFFFFF8FFFFFFFFC4
:100A5000FFFFFFFFF8FFFFFFFFFFFFFFFFF8FFFFB4
:100A6000FFFFFFFFFFFFF8FFFFFFFFFFFFFFFFF8A4
:100A7000FFFFFFFFFFFFFFFFF8FFFFFFFFFFFFFF8D
:100A8000FFF8FFFFFFFFFFFFFFFFF8FFFFFFFFFF84
:100A9000FFFFFFF8FFFFFFFFFFFFFFFFF8EFFFFF84
:100AA000FFFFFFFFFFF66FFFFFFFFFFFFFFFC1002C
:100AB000000000000000000005200000005766FF55
:100AC0004000000CFF8FFF600000DFF8FFFF7000A8
:100AD0000DFF8FFFFF8000DFF8FFFFFF900DFF8FFE
:100AE000FFFFFFB0DFF8FFFFFFFFCDFF8FFFFFFF2E
:100AF000FFFFF8FFFFFFFFFFFF8FFFFFFFFFFFF884
:100B0000FFFFFFFF5DFF8FFFFFFF40DFF8FFFFFEEE
:100B1000300DFF8FFFFE2000DFF8FFFD20000DFFEE
:100B20007FFD100000DFF3FB1000000CFF00000051
:100B300000000000000000000210000000000000A3
:100B4000000AFF400000000000000AFFFF30000024
:100B500000000008FFFFFE200000000007FFFFFF6D
:100B6000FE1000000006FFFFFFFFFD10000005FF64
:100B7000FFFFFFFFFC000004FFFFFFFFFFFFFB0084
:100B800003FFFFFFFFFFFFFFFA00DFFFFFFFFFFF95
:100B9000FFFFF50EFFFFFFFFFFFFFFFF605FFFFF9F
:100BA000FFFFFFFFFFC0000000000000000000008A
:100BB0009FFFFFFFFFFFFFFFE20FFFFFFFFFFFFFB2
:100BC000FFFF70FFFFFFFFFFFFFFFFF80FFFFFFFBB
:100BD000FFFFFFFFFF70BFFFFFFFFFFFFFFFF300FF
:100BE0000000000000000000000000000000000005
:100BF00000005F800000005FFF4000005FFFE20038
:100C0000005FFFE200005FFFE300005FFFE3000022
:100C10005FFFE300005FFFE300000DFFF500000051
:100C20004FFFE30000004FFFE30000004FFFE30031
:100C300000005FFFE30000005FFFE30000005FFFD4
:100C4000E20000005FFF400000005F800000000045
:100C50000000000000000002DB00000000CFFC00EC
:100C6000000009FFFC00000009FFFC00000009FF74
:100C7000FC00000009FFFC00000009FFFC00000070
:100C800009FFFC0000000DFFF6000009FFFC00005A
:100C900009FFFC000009FFFC000009FFFC0000093F
:100CA000FFFC000009FFFC000000CFFC0000000278
:100CB000DB00000000000000000000000000025502
:100CC000000000000000000FFF8000000000000096
:100CD0002FFFA00000000000002FFFA00000000078
:100CE00000002FFFA00000000000002FFFA0000068
:100CF000000000002FFFA00000003777778FFFC7AC
:100D0000777760EFFFFFFFFFFFFFFFF6FFFFFFFFBB
:100D1000FFFFFFFFF8DFFFFFFFFFFFFFFFF51444BA
:100D2000445FFFB44444300000002FFFA0000000E7
:100D30000000002FFFA00000000000002FFFA00017
:100D400000000000002FFFA00000000000001FFFB7
:100D5000900000000000000DFF6000000000000097
:100D6000002100000000499999999999999980FF6B
:100D7000FFFFFFFFFFFFFFF7FFFFFFFFFFFFFFFF8B
:100D8000F7CFFFFFFFFFFFFFFFF402222222222204
:100D900022221000000006ADFFEC830000000000DE
:100DA000008FFFFFEFFFFC4000000003EFFF920009
:100DB00005DFFF90000004FFFF50025201CFFFB09B
:100DC0000004FFFF80007FF901EFFFB001EFFFF0AB
:100DD0000008FFF708FFFF80AFFFFB0225FFFFE0E1
:100DE0003FFFFF2FFFFFA07FFFFFFF02FFFFF79FE7
:100DF000FFFB05FFFFFFC03FFFFF21EFFFF00CFFF0
:100E0000FFF507FFFF8003FFFF801AFFE501EFFFFB
:100E1000B00004FFFF50001001CFFFB0000003DF5F
:100E2000FF920005DFFF90000000007FFFFFEFFF53
:100E3000FC40000000000005ADEFEC830000000066
:100E4000006000000000000000000000000BFC102B
:100E5000000000000000000000000CFFE4000000A3
:100E600000000000000000009FFF70048CEFED9474
:100E7000000000000005FFFBEFFFFEFFFFE60000A3
:100E80000000002DFFFFC40004CFFFB100000000F0
:100E900000BFFF60031009FFFE200000000007FFF5
:100EA000F94FFA00CFFFE100000BB0004EFFEFFF5B
:100EB000A04FFFFB00006FFD3001CFFFFFF10FFFE0
:100EC000FF5000BFFFF60008FFFFF30EFFFFA0007A
:100ED0006FFFFF00005FFFF20FFFFF50000CFFFFEE
:100EE000400002DFFE8FFFFA000001EFFFC00000AC
:100EF0000AFFFFFFD10000002EFFF90000006FFF86
:100F0000FD1000000001CFFFC4000003EFFD200032
:100F100000000006EFFFFEE3001BFFF500000000ED
:100F200000059DEFEC20008FFF9000000000000006
:100F30000000000004EFFB000000000000000000C3
:100F400000002CFA0000000000000000000000007B
:100F500060000000000007A3000000000000000087
:100F600000008FFE10000000000000000002FFFFE4
:100F70009000000000000000000AFFFFF3000000E6
:100F800000000000004FFFFFFB0000000000000019
:100F900000DFFFFFFF5000000000000006FFFFFF22
:100FA000FFD00000000000000EFFA224FFF70000A9
:100FB000000000008FFF9001FFFF10000000000202
:100FC000FFFFA002FFFF90000000000AFFFFB00338
:100FD000FFFFF2000000003FFFFFC004FFFFFB0027
:100FE000000000CFFFFFD005FFFFFF40000006FF1D
:100FF000FFFFF99CFFFFFFD000000EFFFFFFF52B66
:10100000FFFFFFF700008FFFFFFF9001FFFFFFFED4
:101010001001FFFFFFFF8000FFFFFFFF900AFFFFAF
:10102000FFFFF41AFFFFFFFFF20FFFFFFFFFFFFFBD
:10103000FFFFFFFFF70BFFFFFFFFFFFFFFFFFFFFBC
:10104000F40168888888888888888888400000003B
:1010500000000000043000000000000000000FF558
:1010600000000000000000000FFF50EFFFF600003E
:1010700001CFFFFFF5FFFFFF50000CFFFFFFFFFF59
:10108000FFFFF500BFFFFFFFF72223DFF809FFF79F
:101090002FFF8000002EB07FFF900FF800000003AC
:1010A00006FFFA000760000000004FFFB0000000DC
:1010B00000000003FFFD030007600000002EFFE1B9
:1010C0003F900FF8002223DFFE22EFF72FFF80FF73
:1010D000FFFFF300CFFFFFFFF8FFFFFF50000CFF03
:1010E000FFFFFEEFFFF6000001CFFFFFF40000005E
:1010F000000000000FFF40000000000000000FF59E
:101100000000000000000000043000000000009417
:10111000000000000000000CFF5000000000000074
:10112000CFFFF500000000000CFFFFFF50000000A3
:1011300000CFFFAEFFF50000000CFFF902EFFF50FB
:101140000000CFFF90002EFFF5000CFFF900000219
:10115000EFFF50AFFF900000002EFFF27FF900007C
:10116000000002EFE1067000000000002920067078
:10117000000000000029207FF90000000003EFE1DB
:101180009FFF900000003EFFF20BFFF9000003EF0D
:10119000FF5000BFFF90003EFFF500000BFFF9037A
:1011A000EFFF50000000BFFFAEFFF5000000000B96
:1011B000FFFFFF500000000000BFFFF5000000002F
:1011C00000000BFF50000000000000009400000031
:1011D0000000009C10000000000000000000000A59
:1011E000FFD100588888888881000000AFFFFD206B
:1011F000EFFFFFFFFFF600000AFFFFFFE24EFFFFD9
:10120000FFFFF600008FFCFFCFFD000000001FF67F
:1012100000007FC2FF67FC000000001FF600000313
:1012200001FF6030000000001FF600000001FF60B9
:1012300000000000001FF600000001FF6000000039
:1012400000001FF600000001FF6000000003D71F30
:10125000F63D700001FF600000000AFF7FF9EFF02B
:101260000001FFB888888832EFFFFFFF600001FFB0
:10127000FFFFFFFFF22EFFFFF6000000DFFFFFFF82
:10128000FFE202EFFF60000000000000000000002D
:101290002EF60000000000000000000000013000F9
:1012A000005EFFFFFF900000000000EFFFFFFFF96E
:1012B0000000000000FFFFFFFFFFB888888860FF84
:1012C000FFFFFFFFFFFFFFFFFBFFFFFFFFFFFFFF32
:1012D000FFFFFFFFFFFFFFFFFFFFFFFFFFFFFFFF1E
:1012E000FFFFFFFFFFFFFFFFFFFFFFFFFFFFFFFF0E
:1012F000FFFFFFFFFFFFFFFFFFFFFFFFFFFFFFFFFE
:10130000FFFFFFFFFFFFFFFFFFFFFFFFFFFFFFFFED
:10131000FFFFFFFFFFFFFFFFFFFFFFFFFFFFFFFFDD
:10132000FFFFFFEFFFFFFFFFFFFFFFFFFE5EFFFF7F
:10133000FFFFFFFFFFFFE5000000000310000000BB
:1013400000000000006FD10000000000000006FF58
:10135000FD100000000000006FFFFFD10000000042
:101360000006FFFFFFFD10000000006FFFFFFFFF02
:10137000D100000006FFFFFFFFFFFD1000000DFF82
:10138000FFFFFFFFFF60000000111BFFFF51110076
:10139000000000000BFFFF400000000000000BFFFA
:1013A000FF400000000000000BFFFF4000000000B5
:1013B00000000BFFFF400000000000000BFFFF409B
:1013C0000000007AAAAA2BFFFF42AAAAA7FFFFFFEC
:1013D00082677608FFFFFFFFFFFFFB7777BFFFFF06
:1013E000FFFFFFFFFFFFFFFFFFFFFFFFFFFFFFFF0D
:1013F000FFFB0F48FFFFFFFFFFFFFFFFEFEFFF14B3
:10140000444444444444444441000000000000007B
:101410000462000000000000000001FFFEB50000B3
:1014200000000000007FFFFFF00000000000000E41
:10143000FFFFFF00000000000005FFFFFFD00000DD
:1014400000000000BFFFFFFB00000000000006FFDF
:10145000FFFF8000000000000005FFFFF400000017
:101460000000000005FFFE0000000000000000BFBB
:10147000FF90000000000000004FFFF2000000009D
:101480000000002EFFF8000000013000001DFFFDED
:1014900000000029FF70003EFFFF300004BFFFFF87
:1014A000407FFFFF500000EFFFFFFEEFFFFF500007
:1014B000000CFFFFFFFFFFFE400000008FFFFFFF5B
:1014C000FFFB1000000004FFFFFFFFD5000000003D
:1014D000001FFFFFEA4000000000000057642000EA
:1014E000000000000000002540000000000000098E
:1014F000FFFE30000004AA507FFFFFE000008FFFD6
:10150000F5EFD37FF60008FFFFB0FF800FF7008FE5
:10151000FFFB00DFE7AFF508FFFFB0005FFFFFFD57
:101520009FFFFB000005EFFFFFFFFFB00000000181
:101530005FFFFFFB00000000000BFFFFF200000058
:1015400000259FFFFFFD10000009FFFFFFFFFFD1F7
:1015500000007FFFFFFB6FFFFD1000EFD37FF5055D
:10156000FFFFD100FF800FF7005FFFFD10DFE7AF47
:10157000F50005FFFFD15FFFFFC000004FFFF4053E
:10158000EFFB1000000166200001000000000000D9
:1015900000000008BBBBBB50900000000FFFFFFF26
:1015A00081FB0000000FFFFFFF81FFB000000FFF75
:1015B000FFFF81FFF88CC90FFFFFFF800000FFFCD9
:1015C0000FFFFFFFD54443FFFC0FFFFFFFFFFFFAB4
:1015D000FFFC0FFFFFFFFFFFFAFFFC0FFFFFFFFF06
:1015E000FFFAFFFC0FFFFFFFFFFFFAFFFC0FFFFFFB
:1015F000FFFFFFFAFFFC0FFFFFFFFFFFFAFFFC0FEB
:10160000FFFFFFFFFFFAFFFC0FFFFFFFFFFFFAFFE7
:10161000FC0FFFFFFFFFFFFAFFFC0FFFFFFFFFFFC5
:10162000FAFFFE0BFFFFFFFFFFF7FFFF9100000037
:10163000000000FFFFFFFFFFFF800000FFFFFFFF34
:10164000FFFF7000005888888888871000000677A0
:1016500077777777600000BFFFFFFFFFFFFD100087
:10166000FFFFFFFFFFFFFFC100FF9000000001DF51
:10167000FC10FF8000000000BFFFC0FF80000000E2
:1016800000BFFFF3FF8000000000BFFFF4FF8000F9
:10169000000000BFFFF4FFD888888888EFFFF4FFC0
:1016A000FFFFFFFFFFFFFFF4FFFFFFFFFFFFFFFF55
:1016B000F4FFFFFFE402CFFFFFF4FFFFFF60002F06
:1016C000FFFFF4FFFFFF40000FFFFFF4FFFFFFA04D
:1016D000006FFFFFF4FFFFFFFC8AFFFFFFF4EFFF47
:1016E000FFFFFFFFFFFFF36FFFFFFFFFFFFFFFA005
:1016F00000000000000000000000000000000000EA
:101700000000EFFFFFFFFFFFFFFFF6FFFFFFFFFF00
:10171000FFFFFFF8ACCCCCCCCCCCCCCCC4000000D0
:1017200000000000000000000000000000000000B9
:101730000000000000000000CDDDDDDDDDDDDDDDD1
:10174000D5FFFFFFFFFFFFFFFFF8DFFFFFFFFFFFFA
:10175000FFFFF50000000000000000000000000096
:101760000000000000000000000000000000ACCC01
:10177000CCCCCCCCCCCCC4FFFFFFFFFFFFFFFFF8ED
:10178000EFFFFFFFFFFFFFFFF6000000000000007B
:1017900000005EFFFFFFFFFFFFFFFFE5EFFFFFFF22
:1017A000FFFFFFFFFFFEFFFFFFFFFFFFFFFFFFFF4A
:1017B0007FFFFFFFFFFFFFFFFFF703EFFFFFFFFFCD
:1017C000FFFFFE30E31BFFFFFFFFFFFFB13EFF7097
:1017D0007FFFFFFFFFF707FFFFFB13DFFFFFFD3179
:1017E000BFFFFFFFE40AFFFFA04EFFFFFFFFFF80E8
:1017F0005DD508FFFFFFFFFFFFFC2002CFFFFFFFCB
:10180000FFFFFFFFFDDFFFFFFFFFFFFFFFFFFFFF0A
:10181000FFFFFFFFEFFFFFFFFFFFFFFFFFFE5EFF8A
:10182000FFFFFFFFFFFFFFE50014444441000000FD
:10183000BFFFFFFA000000EFFFFFF8000000FFFF0E
:10184000FFF3000002FFFFFFD0000004FFFFFF8056
:10185000000006FFFFFF40000008FFFFFFFFFFF54D
:101860000AFFFFFFFFFFF40DFFFFFFFFFFB00FFFB9
:10187000FFFFFFFF200BFFFFFFFFF9000000008FBD
:10188000FFE100000000CFFF6000000000FFFD004E
:1018900000000003FFF40000000007FFA0000000AC
:1018A000000BFF20000000000FF800000000002FD8
:1018B000E000000000000940000000000006710088
:1018C000000000001444BFFE4443000000EFFFF995
:1018D0004FFFFF400000FFFFF83FFFFF500000FFF9
:1018E000FFFFFFFFFF500000FFFFFFA888882000D8
:1018F00000FFFFF6000000000000FFFFF0CFFFFF39
:1019000051E200FFFFF0EFFFFF51FE20FFFFF0EF7D
:10191000FFFF51FFE2FFFFF0EFFFFF50BBB7FFFFFC
:10192000F0EFFFFF800000FFFFF0EFFFFFFFFFFA87
:10193000FFFFF0EFFFFFFFFFFAFFFFF0EFFFFFFFFA
:10194000FFFAFFFFF0EFFFFFFFFFFACFFFF0EFFF1F
:10195000FFFFFFFA000000EFFFFFFFFFFA000000AB
:10196000EFFFFFFFFFFA000000EFFFFFFFFFFA00AD
:1019700000007BBBBBBBBBB400000000310000001B
:101980000000000005FD0000000000000009FF103D
:10199000000000000007EFFFFB2000000000AFFF89
:1019A000FFFFF300000008FFFFFFFFFE1000001F15
:1019B000FFFFFFFFFF8000005FFFFFFFFFFFD00082
:1019C000007FFFFFFFFFFFF000008FFFFFFFFFFF23
:1019D000F000009FFFFFFFFFFFF10000DFFFFFFFB0
:1019E000FFFFF50001FFFFFFFFFFFFF90009FFFF09
:1019F000FFFFFFFFFF105FFFFFFFFFFFFFFFD0EFC5
:101A0000FFFFFFFFFFFFFFF69FFFFFFFFFFFFFFF4F
:101A1000E3000000000000000000000000AFFFF243
:101A20000000000000003FFFA000000000000002D6
:101A300075000000005EFFFFFFFFFFFFFFFFFFFBE1
:101A40000EFFFFFFFFFFFFFFFFFFFFF6FFC88FA89E
:101A5000AF88BF88FB88FF8FF800F404F005E00E24
:101A6000500FF8FF800F404F006F00F600FF8FFF10
:101A7000FFFFFFFFFFFFFFFFFFF8FFFF946F648F83
:101A800044BB44FFFF8FFFF602F205F008800EFF13
:101A9000F8FFFF946F648F44BB44FFFF8FFFFFFF8D
:101AA000FFFFFFFFFFFFFFF8FF800F400000000077
:101AB000F600FF8FF800F4000000000E500FF8FF52
:101AC000C88FA888888888FB88FF8EFFFFFFFFFFEC
:101AD000FFFFFFFFFFF65EFFFFFFFFFFFFFFFFFFC0
:101AE000FB000000000000000000005600000000A5
:101AF00000000000017EFFA0000000000000018F38
:101B0000FFFFF0000000000002AFFFFFFFA0000099
:101B1000000004BFFFFFFFFF3000000005CFFFFF04
:101B2000FFFFFB00000006DFFFFFFFFFFFF40000E8
:101B300018EFFFFFFFFFFFFFD00005FFFFFFFFFFD4
:101B4000FFFFFF50000EFFFFFFFFFFFFFFFE000043
:101B50000DFFFFFFFFFFFFFFF7000002ACCCCCCD75
:101B6000FFFFFFF000000000000004FFFFFF800007
:101B7000000000000004FFFFFF1000000000000054
:101B800004FFFFF90000000000000004FFFFF20066
:101B900000000000000004FFFFB000000000000093
:101BA0000004FFFF300000000000000003FFFC0005
:101BB0000000000000000000EFF400000000000042
:101BC000000000273000000000244444443030006E
:101BD0000FFFFFFFFC0F6000FFFFFFFFC0FF600F64
:101BE000FFFFFFFC0FFF60FFFFFFFFC0FFFF6FFF66
:101BF000FFFFFC0BBBBBFFFFFFFFE100000FFFFF80
:101C0000FFFFFFFFFFFFFFFFFFFFFFFFFFFFFFFFE4
:101C1000FFFFFFFFFFFFFFFFFFFFFFFFFFFFFFFFD4
:101C2000FFFFFFFFFFFFFFFFFFFFFFFFFFFFFFFFC4
:101C3000FFFFFFFFFFFFFFFFFFFFFFFFFFFFFFFFB4
:101C4000FFFFFFFFFFFFFFFFFFFFFFFFFFFFFFFFA4
:101C5000FFFFFFFFFFFFFFFFFFFFFFFFFFFFFF8B08
:101C6000BBBBBBBBBBBB800000000000234320000C
:101C7000000000000000038CFFFFFFFC8300000059
:101C800000006DFFFFFFFFFFFFFD60000003DFFFAF
:101C9000FFFFFEFFFFFFFFD30008FFFFFB72000006
:101CA000027BFFFFF80AFFFFA2000000000002AF66
:101CB000FFFABFFD30000000000000003DFFB0BA99
:101CC0001000059DEFED9500001AB00000006DFFBB
:101CD000FFFFFFFD600000000001BFFFFFFFFFFFEF
:101CE000FFB1000000008FFFFA53235AFFFF80006E
:101CF000000000CFB100000001BFC00000000000E4
:101D00004000000000004000000000000000019DB5
:101D10009100000000000000000000AFFFA00000E4
:101D2000000000000000000FFFFF000000000000A6
:101D300000000000CFFFC000000000000000000015
:101D400003EFE300000000000000000000001000AE
:101D5000000000000017888888888888888888881C
:101D6000600CFFFFFFFFFFFFFFFFFFFFFF80FFFF94
:101D7000FFFFFFFFFFFFFFFFFFFC0FF80000000069
:101D80000000000000CFFDFF84FFFFFFFFFFFFFF0B
:101D9000FF0CFFFFF84FFFFFFFFFFFFFFFF05BFFB0
:101DA000FF84FFFFFFFFFFFFFFFF008FFFF84FFFE4
:101DB000FFFFFFFFFFFFF008FFFF84FFFFFFFFFFB4
:101DC000FFFFFF0CFFFFF800000000000000000014
:101DD000CFFFFFC888888888888888888EFD4EFF56
:101DE000FFFFFFFFFFFFFFFFFFFFA04EFFFFFFFF13
:101DF000FFFFFFFFFFFFC200178888888888888858
:101E0000888888600CFFFFFFFFFFFFFFFFFFFFFFD9
:101E100080FFFFFFFFFFFFFFFFFFFFFFFC0FF8004A
:101E20000000000000000000CFFDFF81FFFFFFFF6A
:101E3000FFFF60000CFFFFF81FFFFFFFFFFFF60032
:101E4000005BFFFF81FFFFFFFFFFFF6000008FFFD0
:101E5000F81FFFFFFFFFFFF6000008FFFF81FFFFF5
:101E6000FFFFFFFF60000CFFFFF800000000000014
:101E7000000000CFFFFFC888888888888888888EFF
:101E8000FD4EFFFFFFFFFFFFFFFFFFFFFFA04EFF25
:101E9000FFFFFFFFFFFFFFFFFFC200178888888852
:101EA000888888888888600CFFFFFFFFFFFFFFFF9E
:101EB000FFFFFF80FFFFFFFFFFFFFFFFFFFFFFFCB4
:101EC0000FF8000000000000000000CFFDFF81FFC0
:101ED000FFFFFFA00000000CFFFFF81FFFFFFFFA4D
:101EE000000000005BFFFF81FFFFFFFFA00000007C
:101EF000008FFFF81FFFFFFFFA0000000008FFFF40
:101F000081FFFFFFFFA00000000CFFFFF8000000B2
:101F1000000000000000CFFFFFC8888888888888FC
:101F200088888EFD4EFFFFFFFFFFFFFFFFFFFFFFD3
:101F3000A04EFFFFFFFFFFFFFFFFFFFFC20017885C
:101F4000888888888888888888600CFFFFFFFFFF62
:101F5000FFFFFFFFFFFF80FFFFFFFFFFFFFFFFFF10
:101F6000FFFFFC0FF8000000000000000000CFFDA4
:101F7000FF81FFFFE000000000000CFFFFF81FFFE3
:101F8000FE0000000000005BFFFF81FFFFE000009B
:101F9000000000008FFFF81FFFFE0000000000009F
:101FA00008FFFF81FFFFE000000000000CFFFFF8CA
:101FB000000000000000000000CFFFFFC8888888F4
:101FC00088888888888EFD4EFFFFFFFFFFFFFFFF98
:101FD000FFFFFFA04EFFFFFFFFFFFFFFFFFFFFC25E
:101FE000001788888888888888888888600CFFFF20
:101FF000FFFFFFFFFFFFFFFFFF80FFFFFFFFFFFF70
:10200000FFFFFFFFFFFC0FF80000000000000000D2
:1020100000CFFDFF8000000000000000000CFFFF6B
:10202000F80000000000000000005BFFFF800000DF
:10203000000000000000008FFFF80000000000001A
:1020400000000008FFFF8000000000000000000CFE
:10205000FFFFF8000000000000000000CFFFFFC8F5
:1020600088888888888888888EFD4EFFFFFFFFFF5C
:10207000FFFFFFFFFFFFA04EFFFFFFFFFFFFFFFF80
:10208000FFFFC20000000000000000100000000080
:10209000000000000000000CFE2000000000000016
:1020A0000000007CDFFF900000000000000000093D
:1020B000FBBFFF9000000000000000002F700AFC32
:1020C0001000000000003200009E00000000000030
:1020D00000002DFF9001F600000000001C3000CF32
:1020E000FFF63CF333333333335FF910FFFFFFFF69
:1020F000FFFFFFFFFFFFFFFFD0CFFFF63334ED33CD
:102100003333335FFA102DFF9000005F3000000082
:102110001C300000320000000DA000000000000094
:10212000000000000006F30AFFF7000000000000B6
:10213000000000CEAEFFF80000000000000000002C
:1021400008BEFFF8000000000000000000000AFFC9
:10215000F700000000000000000000012220000045
:102160000000000034310000000003BFFFFFE70063
:1021700000006FFFFAFFFFB00004FFFFF19FFFF8C0
:10218000000DFFFFF10AFFFF103FFFFFF100BFFF4F
:10219000607FFD8FF1660CFFA0AFF807F16F13FFB2
:1021A000D0CFFF7071531EFFF0DFFFF70001DFFF9C
:1021B000F0EFFFFF600CFFFFF0EFFFFF3007FFFFC6
:1021C000F0DFFFF300108FFFF0CFFF30B16709FFA2
:1021D000F09FF60BF26E02FFD06FFFCFF2522EFF90
:1021E000A01FFFFFF202EFFF5009FFFFF22EFFFEDC
:1021F0000000DFFFF4EFFFF500001AFFFFFFFF60B4
:1022000000000027ABB9500000000002ABBBB700D4
:10221000000057777CFFFFFF777772FFFFFFFFFF1C
:10222000FFFFFFF7EFFFFFFFFFFFFFFFF6000000DC
:102230000000000000000688888888888888200CB4
:10224000FFFFFFFFFFFFFF400CFFFFFFFFFFFFFF50
:10225000400CFF77FF3BFE1EFF400CFF66FF2AFE8F
:102260000EFF400CFF66FF2AFE0EFF400CFF66FFCC
:102270002AFE0EFF400CFF66FF2AFE0EFF400CFFF9
:1022800066FF2AFE0EFF400CFF66FF2AFE0EFF408F
:102290000CFF66FF2AFE0EFF400CFF66FF2AFE0EB3
:1022A000FF400CFF77FF3BFE1EFF400BFFFFFFFFD1
:1022B000FFFFFF3007FFFFFFFFFFFFFE0000578813
:1022C0008888888872000000000000000001640017
:1022D0000000000000000002DFF800000000000025
:1022E0000002EFFFF8000000000000007FFFFFF891
:1022F000000000000002908FFFFFF00000000002CD
:10230000EFB08FFFFC0000000002EFFFB08FFE1067
:1023100000000002EFFFFFB08E2000000002EFFF80
:10232000FFFFB01000000002EFFFFFFFFE100000F3
:102330000002EFFFFFFFFE2000000002EFFFFFFFA3
:10234000FE2000000002EFFFFFFFFE200000000261
:10235000EFFFFFFFFE2000000001EFFFFFFFFE2068
:10236000000000008FFFFFFFFE20000000000AFFBA
:10237000FFFFFE200000000000CFFFFFFE20000056
:102380000000000EFFFFFE20000000000000FFFF25
:10239000FE20000000000000057531000000000074
:1023A0000000000000006EFFFFFFFFFFFFFFFB20AB
:1023B00000008FFFFFFFFFFFFFFFFFFB00008FFF0D
:1023C000FFFFFFFFFFFFFFFFF0008FFFFFFF85FF15
:1023D000FF58FFFFFF008FFFFFFFB004FF400BFF20
:1023E000FFF08FFFFFFFFF40044004FFFFFF8FFF60
:1023F000FFFFFFFF400004FFFFFFFFFFFFFFFFFFA6
:10240000FF1000EFFFFFFF8FFFFFFFFFFF40000403
:10241000FFFFFFF08FFFFFFFFF40044004FFFFFFBF
:10242000008FFFFFFFB004FF400BFFFFF0008FFFA6
:10243000FFFF85FFFF58FFFFFF00008FFFFFFFFF3B
:10244000FFFFFFFFFFF000008FFFFFFFFFFFFFFF19
:10245000FFFB0000006EFFFFFFFFFFFFFFFC2000FF
:1024600000288888887300002EFFFFFFFFF6001DFC
:10247000FFFFFFFFFFE01DF60E50D608FF1DFF60B7
:10248000E50D608FFCFFF60E50D608FFFFFF60E5FC
:102490000D608FFFFFFFFFFFFFFFFFFFFFFFFFFF4D
:1024A000FFFFFFFFFFFFFFFFFFFFFFFFFFFFFFFF3C
:1024B000FFFFFFFFFFFFFFFFFFFFFFFFFFFFFFFF2C
:1024C000FFFFFFFFFFFFFFFFFFFFFFFFFFFFFFFF1C
:1024D000FFFFFFFFFFFFFFFFFFFFFFFFFFFFFFFF0C
:1024E000FFFFFFFFFFFFFFFFFFFFFFFFFFE9FFFF12
:1024F000FFFFFFFFF807ABBBBBBBBBA600000000A4
:1025000000000000000007000000000000000000C4
:102510000AF100000100000000000AFF10000AF3A9
:102520000000000000FFF1000BFF50000000000F52
:10253000FF100CFFF50000000000FFF11DFFFFCBB6
:10254000BBBBBBBBBFFF1CFFFFFFFFFFFFFFFFFFCE
:10255000F19FFFFFFFFFFFFFFFFFFF009FFFF966F7
:10256000666666666640008FFF500000000000004F
:1025700000007FF50000000000000000005C10007B
:10258000000000000000000000000000000000004B
:10259000000060050000000000006005030E01005F
:1025A0001500D007060601082700100E0E0E0000C9
:1025B0008900700C0C1400FD0101E010110E0000E8
:1025C0007801C00D0E0F00FFE10130040206010882
:1025D000E701C006061301FC2002C006051300FC3B
:1025E00050020008080800077002A00B0A0A010345
:1025F000A2029004040600FDAE02B0070602010527
:10260000B402900404030000BA0210070914FFFE8C
:102610001403500D0D0E00006F036007060E00003E
:102620009903800B0B0E0000E603700B0B0E0000ED
:102630003304600D0E0E00009504800B0B0E00009D
:10264000E204500C0C0E00003605F00B0C0E0000DE
:102650008A05E00C0C0E0000DE05500C0C0E00008C
:1026600032069004040B000048069004040E00FD9E
:102670006406A00B0A0A01029606A00B0A070104D1
:10268000B906A00B0A0A0102EB06700B0B0E000044
:102690003807B014141200FCEC07A00E100EFF0057
:1026A0005C08200F0D0E0200B708700E0E0E000021
:1026B000190980100E0E02007B09600D0B0E02003E
:1026C000C809B00C0A0E02000E0A700F0E0E0000B0
:1026D000700A40100D0E0200CB0A3006030E0200F5
:1026E000E00A400A0A0EFF00260B600E0D0E0200E3
:1026F000810BE00B0A0E0200C70B20130F0E020025
:10270000300C40100D0E02008B0CD010100E00008B
:10271000FB0C700E0C0E02004F0DD010111100FDBD
:10272000E00D900E0C0E0200340E700C0C0E00002A
:10273000880EC00B0C0E0000DC0ED00F0D0E010039
:10274000370F400E100EFF00A70F8016160E000068
:102750004110700D0E0E0000A310F00C0F0EFF00C4
:102760000C11200D0D0E00006711B006051302FCC0
:10277000971110070914FFFEF111B006051300FCB4
:102780002112B00B0A0901034E12000A0A0300FECF
:102790005D12000C0603020C6612F00B0A0B01001E
:1027A0009D12A00D0C0F0100F712700B0B0B000017
:1027B0003413A00D0C0F00008E13400C0C0B000006
:1027C000D0131007080F00000C14D00D0C0F00FCE4
:1027D0006614A00D0B0F0100B9149005040F010041
:1027E000D714B0050713FEFC1A15500C0C0F01008E
:1027F00074159005030F01008B152015130B0100B4
:10280000F415A00D0B0B01003116B00C0C0B0000E1
:102810007316A00D0C0F01FCCD16A00D0C0F00FCC3
:1028200027173008070B01004E17000A0A0B00009B
:1028300085174008080E0000BD17900D0B0B010016
:10284000FA17300B0D0BFF0042180012120B00009C
:10285000A518100B0B0B0000E218300B0D0FFFFC3E
:102860004419700A0A0B00007B190007061301FCCB
:10287000B4190006021302FCC7190007061300FC76
:10288000001AA00B0A040105141A600808080007C2
:10289000341A4006040401043C1A0014141500FD07
:1028A0000E1B0014140F0000A41B0014141300FED0
:1028B000621C0014140F0000F81CC00D0E0F000065
:1028C000611D0014141500FD331E0014141500FDC5
:1028D000051F8016171300FEE01F0014141500FDDD
:1028E000B2208016170F00005F210014141500FDA0
:1028F0003122000A0A1000008122000F0F1000FF91
:10290000F9228016171300FED4230014140F0000C0
:102910006A24C00D0E1500FDFD2480110D1302FE6A
:1029200079258011121500FD36268011121300FE44
:10293000E1268011121300FE8C2780110D1302FE78
:10294000082880111313FFFEBD28800C0B1301FE15
:102950002629800C0B1301FE8F298011121300FE13
:102960003A2A801112050005672A8016170F000009
:10297000142B00191A15FFFD252C80161815FFFDC4
:10298000212D0014141300FEDF2D8011120B000204
:10299000422E8011120B0002A52E00191A1000FF02
:1029A000752F0014140F00000B300014141500FDD7
:1029B000DD3000141515FFFDBA318011121300FE31
:1029C00065328011121500FD22338011121300FEB2
:1029D000CD338011121100FF66340014140F000073
:1029E000FC34800C0E15FFFD8F358011121500FD93
:1029F0004C368011121500FD09378016170F0000A4
:102A0000B63700141615FFFD9D38000F0F1500FD99
:102A10003B390019191300FE293A0019190D00015C
:102A2000CC3A0019190D00016F3B0019190D000176
:102A3000123C0019190D0001B53C0019190D0001D7
:102A4000583D00191A1100FF353E8011101501FD87
:102A5000DD3E8011121500FD9A3F00141515FFFD93
:102A600077400019190F00003341000F0F1500FDCA
:102A7000D1412014150D00010001000000000000EC
:102A80000001000003000000000200000000000040
:102A90000000000000000000000001000000000035
:102AA000000000000000000000010E0009F9000015
:102AB0000000EEED020F0705F30210010D030A00FE
:102AC000000000000000000000001303FE000000F2
:102AD0000000000000000000000600F600000000FA
:102AE00000FA05060000FD00FE0300FD00FDFEFAF1
:102AF00000000000FD0000FCFB0000FD00FA0000EB
:102B000000000000000000FDFD00FB00F700D90000
:102B100000FA00060A0000FA03030B06FB06000099
:102B2000EE0000000000000000000000F4000000C3
:102B30000000000000000000000000F7FCF000F3BF
:102B4000FE00000000010C00F6FDFF0100FB00008C
:102B5000FEE80000000000000000000000E6FD0CA0
:102B6000000000000000000000000000F300000072
:102B7000000000000000000B00030000FA0000004D
:102B800000000000000000000000000000000C0336
:102B90000100000000000000000000000000000034
:102BA0000000000000000000000000000000000025
:102BB0000000000000000000F40000000000000021
:102BC0000000000000000000000000000000000203
:102BD00006030AFD000006FDF5D402090601FC000B
:102BE0000C000A000A00E200FC0A000BFD060300CC
:102BF0000001FD0000FB1A001A000A000D04050A7E
:102C0000000000F40000000001FE0002FAFCFA02DD
:102C100000FD000000F300000000000000000000C4
:102C200000EB0000000000000000000000000000B9
:102C30000001EE00EC00000000FE0020FCFC03039D
:102C4000FD00FC030000EF00000000000000000099
:102C50000000E10003000000000000000000000090
:102C600000EC00130000F4000B00EAE1EAFA0A00AD
:102C700000EB0004F900FB00000000000000000071
:102C8000000000080AD90000000000000000000059
:102C900000000F000200000000000202FCFA00FF2A
:102CA000FFFD0000FE000000FA00FD00F9FA00F848
:102CB000F5F5FA00FA00FA00000000FD000003003C
:102CC00002FD000100000003FE000000FE0303FF00
:102CD000000000FA00FF0000000000010004FE00F8
:102CE000FC00FB0000FE000A0000FD0000000000E8
:102CF000FF01FEFE0000FD00FD00000000000000DE
:102D00000000FEFE00FDFC0000000000010000FECF
:102D100000FDFDFD000000000000000000FE0000BE
:102D20000000FEFC00FB00F6FEF6060000FA0306BB
:102D30000900F8FFFC00FFF103FE02EF03000001B1
:102D4000EF00EFFDE4FE00F00006090004000000C3
:102D5000000100FAFC00F6000000FD000000FD008C
:102D600000000000FEFE00FEFC000000000000006D
:102D7000FDFD00FEFCFD0000FD0000000000000065
:102D800000000000FDFD00FC00FE00FA030000FC56
:102D9000020303000000000000FE0000000000022B
:102DA0000000FD00FDFEFC0000000000000003002C
:102DB000FD00000000FCFB00FA000AFE01F6000026
:102DC00009F0EFF3FA0300FDEBFA00FA00FA05FA56
:102DD000EC00F7000002FF03FE000300F6F400F031
:102DE000F8F9F8F6FCF7FFFAF702000100FD000021
:102DF000000200030000000000000000000000FDD1
:102E000000FE00FFFD00FBF9F9FF00F600000000E6
:102E10000000FD0000000001FE00000003000000B3
:102E200000000000000F0000000000000200000091
:102E3000FD0000000000000000000000FA00030098
:102E4000000000000000000000000000FE00000084
:102E5000FA00000000F0F6000000FBF00000FD03A7
:102E600000F700000000000000000000FB0000FA76
:102E70000000000000000000000000000300FA0055
:102E8000000000040002FAFA00FDFDFC0000000052
:102E90000000F600FD00FBFD00F9F8F6FD00FA0069
:102EA000F6000000001A0000020000FC000300F21F
:102EB0000000000000E2FA0B0AFDF30003FB00F043
:102EC000FEFC03EAFD040005F5FBF4F5F30000ED5C
:102ED00000120000FE000000FEFEFDF7F5FFE2001C
:102EE00000000000000000000100000000000000E1
:102EF000000000000000000000FD00FEFDFB0000DF
:102F0000FA00FD00000000000000000000000000CA
:102F10000000FF00FA000006FF0400F903FEFFF8BE
:102F2000FD00FCFDFE00FBFB0000FDFFFEFBFC00C6
:102F300000FD0003FE00F9000000FA00FB00FBFBAF
:102F4000030000000000000000FA0300FC00FEFC8B
:102F5000F6FEFEFEFFFEFCFF0000000000FDFDFD92
:102F60000000000004FE00FE000000FEFCFEFDFC70
:102F7000FD00030DFF00F700FE0600FDF3FC050059
:102F800000F1FB03FB0200FEFDF600FB020000FB6C
:102F90000000000303FAFA00FBFDFBFDFD00FB024D
:102FA000FAFB0A000000000000000000030000001F
:102FB0000000000000000000000000000000000011
:102FC00000000000FB000000000000000000000006
:102FD00000000000000000000000000000000000F1
:102FE00000000000000000000000000000000000E1
:102FF000FE000000000000000000000000000000D3
:103000000000000000000000000000000000FDFDC6
:10301000000000000000000000000000FB0000FCB9
:103020000000FDFD00000000FD00000000FE0000AB
:10303000000000FE00000000FB00FA000000F500A8
:1030400002F90601FEF10000F9FD00F3F8F70000B7
:10305000F2FDF3F4F100F8000315FC00F9FDFFFDAB
:10306000FBF7FAF4F3F9FD0000FE00010000EAFDB1
:103070000A07F9F40001F600F0FEFD06E3FC01008A
:1030800000EBFCEFFDE90000EA00130100FE000088
:103090000000FEFEF4FE00EB00000000F600FD0064
:1030A000FFF7F10000FEFBF6FD00FE00000000F25D
:1030B000FDF5F6FDFBF8FDFB00FAFDF5FB00FCFA63
:1030C000FDFA000200FEF5000600FA000000000410
:1030D0000002FA0D00FDFDFC000000000000F600FB
:1030E000FD00FBFD00F9F8F6FD00FA030D000000FD
:1030F000001A0000020000FC0003000000000000B5
:103100000000FF0000000000FEFA0000000000FECA
:10311000000000FDFD0000FAFD0000FA0005FE00C1
:1031200000000000000200000000050603FD00F69C
:10313000FB000AF5F6FAFA0D0603E4FE06FD00FDB3
:1031400004FDF500FD03FCFDF6FD00000A0600F796
:1031500000EEFC09FCF401FCF5F5FD0D0300FB009D
:10316000F700030BF9F4F3F80A0001E9FD03FBFE95
:10317000F900F9F4FBFBFD0000F9F9FD000A07FD79
:10318000EE00EEFC00F5EDFFF6FBF5F7090000FCA4
:1031900000FAFD00FDFA0005F5030000EF00FDF95F
:1031A000FBFEF6F8F5F900F6FDF9FAF6FD00000170
:1031B0000FFB00F6FD00FDFAF9F7F7F4FCFA060044
:1031C000FB00F0FC0206F6F4FAF50BFD02E2FA064B
:1031D000F9FBF400F6F3FCFDFDFDF9F6FF00000A33
:1031E00009FEEB00EDF908F4EAFAF5F3F0F5060054
:1031F000000000FC000003FC0602FA060000F6FFD7
:1032000000FF000101FD000000000000FD000000C3
:1032100000030A0100FC00000000FEFEFC000000AC
:103220000103000000000300FD000C00060101FC8A
:103230000006000000030000000000000000000085
:10324000000A00090000000000000000000000006B
:103250000000ED00FD05000A00002004FAFA030357
:10326000FE01F000000FED00000000000000000073
:103270000000EA0C2D00000000000000000000002B
:1032800000ED000000000000000000000000000051
:10329000000000000000000000000000FB0000FA39
:1032A000FD00000000000000000000000000000021
:1032B00000000000FE00F700000100000329FAFDF5
:1032C0000A09F70300000303FC00000000000000EF
:1032D00000000000D609000000000000000000000F
:1032E00000000000000000F7000000F700000000F0
:1032F000F9FE000000F900FC00F1000000000000F1
:103300000000000000EB00000000010000000000D1
:1033100000FD0000FA00FB00F7000000FB03FC00CA
:1033200000F7FDF90000F700FD00F100FC0000E6E9
:10333000FAF3FCF40000EB00F7FE000000000000D0
:103340000000FBFAFDFB00000000F900F904FC0698
:1033500000FEF9FEFBFA00FCFEFE02F7FF00000093
:10336000E4FDFC00F900FEF1FD0000FEFD000000A0
:10337000000200FEFBFE050000000000000000004F
:10338000000000000000000000000000000000003D
:10339000000000000000000000000000000000002D
:1033A000000004000000000000F900FE000000FA28
:1033B00003000000F7FDFA0000F700FD00F1000037
:1033C0000000E100FAF4F00000EB00FEFB0000005A
:1033D0000000000000FDFBFEFB01000005FC000AF0
:1033E00010FDFDF604100507F7040D040907090098
:1033F00000000000000000000000140FFAFD00FDB6
:103400001A0E1A0000000300000C0000FB00000070
:10341000000000000000FE000000000000000004AA
:1034200000000000E5FCFDF3F00000EB00000000F0
:1034300000000000000000000000000000FB000091
:1034400000000000000000FE00000000000000007E
:103450000400000000E5FCFDF3F00000F3000000B4
:10346000000000000000000000000000000000005C
:10347000FD000000F90300FD030603F600FFFD0355
:10348000000300000000F800FDFEFA00FDF3001448
:10349000FD00F9FE00FEFB00FDF7FAFC000000FB5A
:1034A000000000000000000000FE0000000000001E
:1034B00000000400000000E5FCFDF3F00000EB005C
:1034C00000000000001000000000000000000000EC
:1034D000FB00F6FCFD0AFDFDF301FE01FEF701070E
:1034E00001030103F8F3FC00F4FAF7F3F400FBFA2C
:1034F000FCFCFDFEFCFE00FEFF050005FE000A00D0
:103500000000000000000000000000FEFDFD0000C3
:10351000F700FE00FB0000000000000000000000BB
:10352000ED0000000000000000000000FDFD00FCB8
:1035300000000000FD0000FBFD0300FBFAFE00F7A9
:10354000FEF9FEFC00FB000000000000000000008F
:1035500000EB000A0000FA00000000FC00FD000083
:10356000FE0000FE00F900000DFCF5F6020404FF69
:10357000F70205020A020BFEF70000F30000F6F75F
:103580000000FA00FCFB00FB00FB00FE0500FDF65E
:10359000FD0C0000FD00FA000004F90003FD03002B
:1035A00000F500FEFF00FD04FD000000F3FCF90043
:1035B000F60000F1000CFD00FA000200FD00FDF62F
:1035C00000FD0300000000FE000003FC010000FC01
:1035D000FE00FC00000000000000000000000000F1
:1035E00000000000EC00070000FD000000000100EA
:1035F000FDFD0000000600070000000000ECEE01E9
:103600000E0A05F3020D000C000600000000000089
:103610000000000000110000000000000000000099
:103620000000000000000000782A02083836020876
:10363000D83602083D3100000000010200030405F5
:1036400002060708090A090A0B0C000D0E0F1011DB
:1036500012130C14140000001516171819161A1B53
:103660001C1D1D1E1F201D1D1621222303241E2587
:1036700025262728292A2B002C002D2E2F303132E9
:10368000332D343435302D2D2E2E36373839333A0C
:103690003A3B3A3C290000093D09000000000000C7
:1036A000000000000000000000000000000000001A
:1036B000000000000000000000000000000000000A
:1036C00000000000000000000000000000000000FA
:1036D00000000000000000000000010200030405DB
:1036E00002060708090A090A0B0C0D0E0F10110C2F
:1036F00012131415150000001617181917191919A7
:103700001719191A1919191917191719031B1C1D3B
:103710001D1E1F20212223002400252627272700E5
:103720002726282926262A2A272A272A2B2C2D2E07
:103730002E2F2E3000002309310900000000000068
:103740000000000000000000000000000000000079
:103750000000000000000000000000000000000069
:103760000000000000000000000000000000000059
:103770000000000000000000E98B0108D58A010864
:103780001600040000FF010014E30108000000001F
:10379000000000000000721F51EF58EF5BEF5CEF7C
:1037A0005DEF61EF63EF65EF69EF6CEF71EF76EF5F
:1037B00077EF78EF8EEF93EF98EF9BEF9CEF9DEF15
:1037C000A1EFA2EFA3EFA4EFB7EFB8EFBEEFC0EF0A
:1037D000C1EFC4EFC7EFC8EFC9EFCBEFE3EFE5EF01
:1037E00014F015F017F019F030F037F03AF043F01C
:1037F0006CF074F0ABF03BF190F191F192F193F138
:1038000094F1D7F1E3F13DF254F2AAF412F7F2F792
:1038100006F2ECE83699D661963ABE245E05FA05C2
:10382000B1046A4D098EE7CE47FF00FEC0FCA4FA42
:10383000A97AF163F39C000000003C027804B3060F
:10384000EE08280B610D990FD01106143A166C186A
:103850009D1ACB1CF71E212148236C258E27AC29ED
:10386000C72BDF2DF32F0332103418361C381C3AC7
:10387000173C0E3EFF3FEC41D443B64593476A499F
:103880003C4B084DCD4E8D504652F953A5554B57E4
:10389000EA58825A135C9C5D1F5F9A600D627963DF
:1038A000DD6439668D67D9681D6A596B8C6CB76D9C
:1038B000D96EF36F04710C720B730174EE74D275D0
:1038C000AD767F7747780679BB79677A0A7BA27BEA
:1038D000327CB77C337DA57D0D7E6C7EC07E0B7FF8
:1038E0004B7F827FAF7FD27FEB7FFA7FFF7F00002D
:1038F000202C2E3B3A2D5F005465787400000000A8
:1039000070E10108B5D9010811CC010800000000E0
:1039100039D50108D127D127C004000070E1010882
:1039200035DB0108000000000000000051DB010849
:08393000D127D127C0020000DD
:08393800ECCAFD7F0100000054
:04394000B5030008C3
:0439440091030008E3
:10394800100200200100000080969800404B4C00B7
:103958007800C8007800C80000093D000100000098
:103968001000000001000000D4C3B2A16F000000E5
:1039780015C5010855C5010821C401081DC901085C
:08398800E9C3010889C501082B
:0400000508003B5163
:00000001FF
